{"generation_number_values": [1, 2, 3, 4, 5, 6, 7, 8, 9, 10, 11, 12, 13, 14, 15, 16, 17, 18, 19, 20, 21, 22, 23, 24, 25, 26, 27, 28, 29, 30, 31, 32, 33, 34, 35, 36, 37, 38, 39, 40, 41, 42, 43, 44, 45, 46, 47, 48, 49, 50, 51, 52, 53, 54, 55, 56, 57, 58, 59, 60, 61, 62, 63, 64, 65, 66, 67, 68, 69, 70, 71, 72, 73, 74, 75, 76, 77, 78, 79, 80, 81, 82, 83, 84, 85, 86, 87, 88, 89, 90, 91, 92, 93, 94, 95, 96, 97, 98, 99, 100, 101, 102, 103], "population_size_values": [561, 450, 436, 349, 322, 258, 207, 167, 135, 109, 111, 90, 72, 58, 47, 57, 47, 37, 16, 11, 10, 8, 5, 5, 5, 5, 18, 15, 27, 23, 20, 4, 4, 2, 2, 2, 2, 2, 2, 2, 2, 2, 2, 2, 2, 2, 2, 2, 49, 70, 73, 60, 48, 61, 50, 55, 45, 37, 31, 34, 28, 23, 20, 16, 13, 10, 8, 6, 5, 5, 5, 6, 5, 11, 10, 20, 54, 44, 36, 40, 32, 26, 21, 13, 11, 10, 8, 7, 7, 2, 2, 2, 13, 25, 30, 24, 20, 23, 20, 16, 11, 10, 19], "generation_fitness_values": [0.82, 0.82, 0.84, 0.82, 0.84, 0.84, 0.82, 0.82, 0.82, 0.81, 0.82, 0.82, 0.81, 0.79, 0.79, 0.81, 0.79, 0.79, 0.77, 0.75, 0.75, 0.73, 0.73, 0.73, 0.73, 0.73, 0.78, 0.77, 0.79, 0.79, 0.78, 0.76, 0.76, 0.76, 0.76, 0.76, 0.76, 0.76, 0.76, 0.76, 0.76, 0.76, 0.76, 0.76, 0.76, 0.76, 0.76, 0.58, 0.77, 0.81, 0.82, 0.82, 0.78, 0.81, 0.79, 0.8, 0.8, 0.8, 0.8, 0.82, 0.81, 0.8, 0.8, 0.78, 0.77, 0.77, 0.77, 0.53, 0.53, 0.53, 0.53, 0.53, 0.53, 0.73, 0.73, 0.76, 0.82, 0.79, 0.78, 0.79, 0.79, 0.79, 0.76, 0.77, 0.77, 0.77, 0.77, 0.77, 0.77, 0.77, 0.77, 0.68, 0.77, 0.79, 0.8, 0.79, 0.77, 0.79, 0.77, 0.75, 0.72, 0.72, 0.74], "crossover_rate_values": [0.7563609958506229, 0.7513880597014958, 0.7513880597014954, 0.7537031249999978, 0.7537031250000005, 0.753703125000001, 0.7537031250000009, 0.7537031250000008, 0.7537031250000008, 0.693150584795321, 0.670249180327869, 0.7537031250000006, 0.7537031250000005, 0.7537031250000004, 0.7537031250000001, 0.6931505847953212, 0.7537031250000001, 0.7537031249999999, 0.7537031249999998, 0.7537031250000001, 0.6931505847953215, 0.6702491803278691, 0.753703125, 0.753703125, 0.753703125, 0.753703125, 0.6931505847953215, 0.7537031250000001, 0.7537031250000001, 0.753703125, 0.753703125, 0.7537031250000001, 0.753703125, 0.6931505847953215, 0.6702491803278691, 0.753703125, 0.753703125, 0.753703125, 0.753703125, 0.6931505847953215, 0.6702491803278691, 0.753703125, 0.753703125, 0.753703125, 0.753703125, 0.6931505847953215, 0.6702491803278691, 0.753703125, 0.753703125, 0.7537031249999999, 0.7537031250000004, 0.7537031250000004, 0.7537031250000001, 0.7537031249999999, 0.7537031250000003, 0.7537031249999999, 0.7537031250000001, 0.7537031249999998, 0.7537031249999998, 0.7537031249999999, 0.7537031249999999, 0.753703125, 0.753703125, 0.7537031250000001, 0.6931505847953215, 0.6702491803278691, 0.753703125, 0.753703125, 0.753703125, 0.753703125, 0.6931505847953215, 0.6702491803278691, 0.753703125, 0.753703125, 0.753703125, 0.753703125, 0.7537031250000001, 0.753703125, 0.7537031249999998, 0.7537031249999999, 0.7537031249999998, 0.7537031249999999, 0.753703125, 0.7537031250000001, 0.7537031250000001, 0.753703125, 0.753703125, 0.753703125, 0.6931505847953215, 0.6702491803278691, 0.753703125, 0.753703125, 0.753703125, 0.7537031250000001, 0.753703125, 0.7537031249999999, 0.753703125, 0.7537031250000001, 0.753703125, 0.7537031250000001, 0.7537031250000001, 0.753703125, 0.6931505847953215], "mutation_rate_values": [0.49207993075348977, 0.42251280759409005, 0.4122344823481632, 0.41292318217930424, 0.40759220481767466, 0.3924342217547551, 0.42177370223688454, 0.37319277101085235, 0.436864108464301, 0.4358837567813092, 0.3876837810101952, 0.36539692013177444, 0.4043685052389827, 0.34755715288159267, 0.404306839946625, 0.36896573955792733, 0.3260833173048296, 0.4127827932669684, 0.35995549405575905, 0.4602121792284625, 0.3046887366702956, 0.2888047011400131, 0.14012241200742212, 0.2679846987962746, 0.38292559326111164, 0.3508875387697189, 0.4473081160042972, 0.37001392063884314, 0.4540350235931686, 0.27742760731093313, 0.42567859250764617, 0.38055464619910867, 0.38055464619910867, 0.3753035426801364, 0.3753035426801364, 0.3753035426801364, 0.3753035426801364, 0.3753035426801364, 0.3753035426801364, 0.3753035426801364, 0.3753035426801364, 0.3753035426801364, 0.3753035426801364, 0.3753035426801364, 0.3753035426801364, 0.14788722583721847, 0.16032307832064532, 0.2471921640537958, 0.4348740096387852, 0.4191307885308689, 0.4387566752955426, 0.4529396240005376, 0.4627899460018428, 0.48545677121010616, 0.4322249516216617, 0.3806227344765449, 0.4114617721330013, 0.340517280485817, 0.36733924549482233, 0.3572499020571944, 0.46624958100977737, 0.43267186627352955, 0.48039179181659264, 0.44391105516671925, 0.42696387013802095, 0.4280256626014861, 0.5210771682075552, 0.5795293658035042, 0.2916939124087865, 0.312944710074586, 0.5085827422671787, 0.3986832391251918, 0.46735980631708357, 0.5513564286944742, 0.4776973232667906, 0.48194274710998186, 0.45954898370979963, 0.35031708774965414, 0.4374318571667973, 0.4028103105668845, 0.32459666053334524, 0.39957421692732054, 0.4430831868959566, 0.4146926689336462, 0.5141833967620403, 0.4010406528522104, 0.44469497030675986, 0.43621661511540627, 0.43621661511540627, 0.283555232043895, 0.2621541662823782, 0.2419980620504234, 0.5396788145504952, 0.46732259452926705, 0.399685149027302, 0.4544157572903566, 0.373130268824314, 0.34504188594725427, 0.43075519357883085, 0.4040825389239153, 0.5015639138626223, 0.49363376933512243, 0.38787470136508], "best_fitness_seen_values": [0.82, 0.82, 0.84, 0.84, 0.84, 0.84, 0.84, 0.84, 0.84, 0.84, 0.84, 0.84, 0.84, 0.84, 0.84, 0.84, 0.84, 0.84, 0.84, 0.84, 0.84, 0.84, 0.84, 0.84, 0.84, 0.84, 0.84, 0.84, 0.84, 0.84, 0.84, 0.84, 0.84, 0.84, 0.84, 0.84, 0.84, 0.84, 0.84, 0.84, 0.84, 0.84, 0.84, 0.84, 0.84, 0.84, 0.84, 0.84, 0.84, 0.84, 0.84, 0.84, 0.84, 0.84, 0.84, 0.84, 0.84, 0.84, 0.84, 0.84, 0.84, 0.84, 0.84, 0.84, 0.84, 0.84, 0.84, 0.84, 0.84, 0.84, 0.84, 0.84, 0.84, 0.84, 0.84, 0.84, 0.84, 0.84, 0.84, 0.84, 0.84, 0.84, 0.84, 0.84, 0.84, 0.84, 0.84, 0.84, 0.84, 0.84, 0.84, 0.84, 0.84, 0.84, 0.84, 0.84, 0.84, 0.84, 0.84, 0.84, 0.84, 0.84, 0.84], "time_execution": 9134.176777999965}