{"generation_number_values": [1, 2, 3, 4, 5, 6, 7, 8, 9, 10, 11, 12, 13, 14, 15, 16, 17, 18, 19, 20, 21, 22, 23, 24, 25, 26, 27, 28, 29, 30, 31, 32, 33, 34, 35, 36, 37, 38, 39, 40, 41, 42, 43, 44, 45, 46, 47, 48, 49, 50, 51, 52, 53, 54, 55, 56, 57, 58, 59, 60, 61, 62, 63, 64, 65, 66, 67, 68, 69, 70, 71, 72, 73, 74, 75, 76, 77, 78, 79, 80, 81, 82, 83, 84, 85, 86, 87, 88, 89, 90, 91, 92, 93, 94, 95, 96, 97, 98, 99, 100, 101, 102, 103, 104, 105, 106, 107, 108], "population_size_values": [562, 574, 460, 368, 352, 282, 226, 204, 164, 132, 130, 104, 84, 61, 38, 29, 20, 16, 9, 3, 22, 18, 15, 28, 23, 20, 16, 13, 12, 8, 7, 18, 15, 13, 12, 9, 3, 4, 4, 15, 63, 69, 56, 45, 31, 16, 37, 31, 26, 21, 12, 7, 7, 4, 4, 4, 2, 2, 2, 2, 2, 2, 2, 2, 2, 2, 2, 2, 2, 2, 2, 2, 2, 2, 2, 7, 53, 59, 70, 56, 45, 43, 36, 29, 24, 17, 12, 8, 7, 26, 21, 32, 43, 55, 45, 37, 31, 48, 58, 47, 35, 7, 7, 4, 4, 4, 4, 4], "generation_fitness_values": [0.82, 0.84, 0.84, 0.82, 0.84, 0.84, 0.84, 0.86, 0.86, 0.84, 0.86, 0.84, 0.84, 0.84, 0.84, 0.84, 0.82, 0.82, 0.82, 0.81, 0.84, 0.84, 0.84, 0.86, 0.84, 0.84, 0.84, 0.84, 0.84, 0.84, 0.84, 0.86, 0.82, 0.82, 0.82, 0.79, 0.77, 0.64, 0.64, 0.71, 0.81, 0.82, 0.82, 0.81, 0.81, 0.76, 0.8, 0.8, 0.8, 0.8, 0.8, 0.76, 0.76, 0.76, 0.76, 0.76, 0.76, 0.76, 0.76, 0.76, 0.76, 0.76, 0.76, 0.76, 0.76, 0.76, 0.76, 0.76, 0.76, 0.76, 0.76, 0.76, 0.76, 0.76, 0.53, 0.7, 0.78, 0.79, 0.81, 0.81, 0.81, 0.82, 0.82, 0.82, 0.82, 0.81, 0.81, 0.77, 0.77, 0.81, 0.75, 0.77, 0.79, 0.81, 0.81, 0.81, 0.76, 0.79, 0.81, 0.81, 0.81, 0.76, 0.76, 0.76, 0.76, 0.76, 0.76, 0.76], "crossover_rate_values": [0.7563609958506229, 0.7513880597014958, 0.7537031249999953, 0.7537031249999973, 0.7537031249999998, 0.7537031250000005, 0.7537031250000009, 0.7537031250000009, 0.7558524590163951, 0.7558524590163951, 0.755852459016395, 0.755852459016395, 0.7558524590163949, 0.7558524590163946, 0.7547999999999998, 0.6931505847953212, 0.6687720364741646, 0.7558524590163939, 0.7558524590163939, 0.7558524590163939, 0.7548000000000002, 0.7558524590163939, 0.7558524590163939, 0.7558524590163939, 0.7558524590163939, 0.7558524590163939, 0.7558524590163939, 0.7548000000000002, 0.6931505847953215, 0.6687720364741644, 0.7558524590163939, 0.7558524590163939, 0.7558524590163939, 0.7558524590163939, 0.7558524590163939, 0.7548000000000002, 0.6931505847953215, 0.6687720364741644, 0.7558524590163939, 0.7558524590163939, 0.7558524590163939, 0.7558524590163944, 0.7558524590163945, 0.7558524590163943, 0.755852459016394, 0.7548, 0.6931505847953215, 0.7558524590163939, 0.7558524590163939, 0.7558524590163939, 0.7548000000000002, 0.6931505847953215, 0.6687720364741644, 0.7558524590163939, 0.7558524590163939, 0.7558524590163939, 0.7548000000000002, 0.6931505847953215, 0.6687720364741644, 0.7558524590163939, 0.7558524590163939, 0.7558524590163939, 0.7548000000000002, 0.6931505847953215, 0.6687720364741644, 0.7558524590163939, 0.7558524590163939, 0.7558524590163939, 0.7548000000000002, 0.6931505847953215, 0.6687720364741644, 0.7558524590163939, 0.7558524590163939, 0.7558524590163939, 0.7548000000000002, 0.6931505847953215, 0.7558524590163939, 0.7558524590163942, 0.7558524590163943, 0.7558524590163945, 0.7558524590163943, 0.755852459016394, 0.7558524590163939, 0.7558524590163939, 0.7558524590163939, 0.7548000000000002, 0.6931505847953215, 0.6687720364741644, 0.7558524590163939, 0.7558524590163939, 0.7558524590163939, 0.7558524590163939, 0.7558524590163939, 0.7558524590163939, 0.7558524590163943, 0.755852459016394, 0.7558524590163939, 0.7548, 0.7558524590163941, 0.7558524590163943, 0.7558524590163941, 0.7558524590163939, 0.7548000000000002, 0.6931505847953215, 0.6687720364741644, 0.7558524590163939, 0.7558524590163939, 0.7558524590163939], "mutation_rate_values": [0.4726071998803604, 0.39635699006970604, 0.39538872334884445, 0.3717701803226941, 0.40693034311886095, 0.415729494930956, 0.4003808603185553, 0.42644707705366264, 0.4084258238452615, 0.37756156932564017, 0.44786501019095626, 0.41027562958991665, 0.39485539657449503, 0.41646727923991755, 0.3575757271885075, 0.3881877698777137, 0.36247654841841126, 0.44238534112933514, 0.2756348149194083, 0.30571276655255836, 0.42803938389139984, 0.4148455840594325, 0.25639133072576153, 0.45660208237873257, 0.41484379976932595, 0.348341297464621, 0.36282134013201817, 0.23688356507763808, 0.3179828304260575, 0.2947710137606151, 0.28256071649010117, 0.30521169224841077, 0.5187094860855498, 0.4283882924890047, 0.3244861052316694, 0.5772042946304188, 0.328771881681994, 0.4242903577591355, 0.5286295673986275, 0.5383111764102598, 0.517662313895895, 0.4887704845002752, 0.412840691017155, 0.34428727998507547, 0.45635950112818846, 0.37575416275706264, 0.47327613277359437, 0.27852787388482825, 0.39104436844084123, 0.42215394245154514, 0.3038533399313794, 0.07035706710653232, 0.05865545216001438, 0.24433328326178097, 0.24433328326178097, 0.24433328326178097, 0.2375489825883097, 0.2375489825883097, 0.2375489825883097, 0.0022851951411024516, 0.0017135776762384875, 0.0026328029364189325, 0.0026328029364189325, 0.0023811202774620247, 0.0035089079022978544, 0.0033105857006690965, 0.0033105857006690965, 0.0018400507961826675, 0.0018400507961826675, 0.0018400507961826675, 0.0019612623965291538, 0.0019612623965291538, 0.0019383417098970508, 0.0019383417098970508, 0.5851925484525131, 0.6745930983048432, 0.5010503141602631, 0.41443343750291206, 0.4030911673324084, 0.42529168648539695, 0.3709758074976922, 0.40089150309530774, 0.4265636769488623, 0.3610808609145436, 0.40482173756415357, 0.3384537814142003, 0.3014627187597249, 0.31532857945816706, 0.3017180193103354, 0.5069304570865262, 0.3346119265676516, 0.32138836591969616, 0.4471727264379671, 0.3807675329527644, 0.4670653289242341, 0.4599320705769572, 0.3913970794998438, 0.37379755380860286, 0.4638773733508476, 0.3952869619259658, 0.4006384431697949, 0.3347567110193345, 0.3347567110193345, 0.35772431941706445, 0.2788071213027225, 0.2788071213027225, 0.2788071213027225, 0.30327440687396534], "best_fitness_seen_values": [0.82, 0.84, 0.84, 0.84, 0.84, 0.84, 0.84, 0.86, 0.86, 0.86, 0.86, 0.86, 0.86, 0.86, 0.86, 0.86, 0.86, 0.86, 0.86, 0.86, 0.86, 0.86, 0.86, 0.86, 0.86, 0.86, 0.86, 0.86, 0.86, 0.86, 0.86, 0.86, 0.86, 0.86, 0.86, 0.86, 0.86, 0.86, 0.86, 0.86, 0.86, 0.86, 0.86, 0.86, 0.86, 0.86, 0.86, 0.86, 0.86, 0.86, 0.86, 0.86, 0.86, 0.86, 0.86, 0.86, 0.86, 0.86, 0.86, 0.86, 0.86, 0.86, 0.86, 0.86, 0.86, 0.86, 0.86, 0.86, 0.86, 0.86, 0.86, 0.86, 0.86, 0.86, 0.86, 0.86, 0.86, 0.86, 0.86, 0.86, 0.86, 0.86, 0.86, 0.86, 0.86, 0.86, 0.86, 0.86, 0.86, 0.86, 0.86, 0.86, 0.86, 0.86, 0.86, 0.86, 0.86, 0.86, 0.86, 0.86, 0.86, 0.86, 0.86, 0.86, 0.86, 0.86, 0.86, 0.86], "time_execution": 9496.350788999996}