{"generation_number_values": [1, 2, 3, 4, 5, 6, 7, 8, 9, 10, 11, 12, 13, 14, 15, 16, 17, 18, 19, 20, 21, 22, 23, 24, 25, 26, 27, 28, 29, 30, 31, 32, 33, 34, 35, 36, 37, 38, 39, 40, 41, 42, 43, 44, 45, 46, 47, 48, 49, 50, 51, 52, 53, 54, 55, 56, 57, 58, 59, 60, 61, 62, 63, 64, 65, 66, 67, 68, 69, 70, 71, 72, 73, 74, 75, 76, 77, 78, 79, 80, 81, 82, 83, 84, 85, 86, 87, 88, 89, 90, 91, 92, 93, 94, 95, 96, 97, 98, 99, 100, 101, 102, 103, 104, 105, 106, 107, 108, 109, 110, 111, 112, 113, 114, 115, 116, 117, 118, 119, 120, 121, 122, 123], "population_size_values": [530, 424, 340, 299, 240, 192, 154, 124, 111, 122, 98, 79, 64, 51, 42, 34, 28, 22, 27, 39, 32, 43, 55, 45, 16, 5, 5, 3, 2, 2, 2, 2, 2, 2, 2, 2, 2, 2, 2, 2, 2, 2, 2, 2, 2, 2, 2, 2, 2, 2, 2, 2, 2, 2, 2, 13, 12, 16, 33, 28, 61, 50, 59, 48, 43, 48, 39, 10, 4, 4, 2, 2, 24, 20, 16, 24, 20, 16, 17, 15, 13, 12, 10, 21, 32, 26, 21, 37, 31, 45, 56, 45, 37, 30, 23, 34, 28, 21, 16, 13, 12, 14, 30, 24, 12, 18, 15, 13, 12, 5, 4, 4, 3, 3, 3, 3, 3, 3, 3, 3, 3, 3, 3], "generation_fitness_values": [0.85, 0.85, 0.85, 0.87, 0.85, 0.84, 0.84, 0.84, 0.85, 0.87, 0.87, 0.87, 0.85, 0.87, 0.85, 0.81, 0.81, 0.8, 0.81, 0.85, 0.85, 0.87, 0.89, 0.89, 0.89, 0.85, 0.83, 0.79, 0.79, 0.79, 0.69, 0.69, 0.69, 0.69, 0.69, 0.69, 0.69, 0.69, 0.69, 0.69, 0.69, 0.69, 0.69, 0.69, 0.69, 0.69, 0.69, 0.69, 0.69, 0.69, 0.69, 0.69, 0.69, 0.54, 0.54, 0.79, 0.79, 0.8, 0.83, 0.75, 0.81, 0.8, 0.82, 0.8, 0.81, 0.82, 0.82, 0.82, 0.82, 0.82, 0.82, 0.82, 0.86, 0.86, 0.82, 0.84, 0.84, 0.82, 0.84, 0.84, 0.84, 0.84, 0.84, 0.87, 0.89, 0.89, 0.84, 0.87, 0.84, 0.87, 0.89, 0.89, 0.87, 0.87, 0.81, 0.83, 0.81, 0.81, 0.79, 0.79, 0.79, 0.8, 0.83, 0.82, 0.77, 0.79, 0.77, 0.77, 0.77, 0.76, 0.76, 0.76, 0.76, 0.76, 0.76, 0.76, 0.76, 0.76, 0.76, 0.76, 0.76, 0.76, 0.76], "crossover_rate_values": [0.7513880597014928, 0.7547999999999974, 0.7547999999999996, 0.7548000000000021, 0.756857142857143, 0.756857142857143, 0.756857142857143, 0.7548000000000011, 0.6931505847953212, 0.756857142857143, 0.756857142857143, 0.756857142857143, 0.756857142857143, 0.7547999999999998, 0.756857142857143, 0.756857142857143, 0.756857142857143, 0.7548000000000001, 0.6931505847953215, 0.756857142857143, 0.756857142857143, 0.756857142857143, 0.756857142857143, 0.7587079646017697, 0.75870796460177, 0.7587079646017701, 0.7548000000000002, 0.6931505847953215, 0.6672033426183848, 0.75870796460177, 0.75870796460177, 0.75870796460177, 0.7548000000000002, 0.6931505847953215, 0.6672033426183848, 0.75870796460177, 0.75870796460177, 0.75870796460177, 0.7548000000000002, 0.6931505847953215, 0.6672033426183848, 0.75870796460177, 0.75870796460177, 0.75870796460177, 0.7548000000000002, 0.6931505847953215, 0.6672033426183848, 0.75870796460177, 0.75870796460177, 0.75870796460177, 0.7548000000000002, 0.6931505847953215, 0.6672033426183848, 0.75870796460177, 0.75870796460177, 0.75870796460177, 0.7587079646017701, 0.7587079646017701, 0.7587079646017701, 0.7587079646017701, 0.7587079646017701, 0.7587079646017696, 0.7587079646017699, 0.7587079646017697, 0.7587079646017699, 0.7587079646017701, 0.7587079646017699, 0.7587079646017701, 0.75870796460177, 0.7548000000000002, 0.6931505847953215, 0.6672033426183848, 0.75870796460177, 0.7587079646017701, 0.7587079646017701, 0.7587079646017701, 0.7587079646017701, 0.7587079646017701, 0.7587079646017701, 0.7587079646017701, 0.7587079646017701, 0.7587079646017701, 0.7548000000000002, 0.6931505847953215, 0.7587079646017701, 0.7587079646017701, 0.7587079646017701, 0.7587079646017701, 0.7587079646017701, 0.7587079646017701, 0.75870796460177, 0.7587079646017697, 0.75870796460177, 0.7587079646017701, 0.7548, 0.6931505847953215, 0.7587079646017701, 0.7587079646017701, 0.7587079646017701, 0.7548000000000002, 0.6931505847953215, 0.6672033426183849, 0.7587079646017701, 0.7587079646017701, 0.7587079646017701, 0.7587079646017701, 0.7587079646017701, 0.7587079646017701, 0.7587079646017701, 0.7548000000000002, 0.6931505847953215, 0.6672033426183848, 0.75870796460177, 0.75870796460177, 0.75870796460177, 0.7548000000000002, 0.6931505847953215, 0.6672033426183848, 0.75870796460177, 0.75870796460177, 0.75870796460177, 0.7548000000000002, 0.6931505847953215], "mutation_rate_values": [0.4926595064140356, 0.40665902041643753, 0.40454997318094293, 0.4292937277780579, 0.4141664696147166, 0.3775383058632959, 0.33621818456769, 0.3618720528314433, 0.38389145276293846, 0.4549149120427925, 0.3765374562026823, 0.4020870524266442, 0.38653701281317426, 0.37887241030973795, 0.4124260185458085, 0.36349408835454605, 0.3654909511926071, 0.29405386459182226, 0.38896465929378926, 0.38072240383416195, 0.486652371751715, 0.5013471871407116, 0.4023605880152381, 0.4480236180332252, 0.3487630093616696, 0.4295033806848612, 0.4038351004821088, 0.47242533949157434, 0.2558511035365783, 0.30264634948931196, 0.6239456998721624, 0.29766854259600795, 0.40944545388840536, 0.2811954920484561, 0.6748667954791827, 0.5095418219592089, 0.4985107176233686, 0.1656010540887355, 0.2842368298206033, 0.2842368298206033, 0.2842368298206033, 0.2842368298206033, 0.2842368298206033, 0.2842368298206033, 0.2842368298206033, 0.2842368298206033, 0.2842368298206033, 0.1338115913543592, 0.1338115913543592, 0.1338115913543592, 0.1338115913543592, 0.1338115913543592, 0.1338115913543592, 0.2562536790455226, 0.507970731817382, 0.5965824642744948, 0.335201818663722, 0.44994466398156396, 0.48438180137279185, 0.38917304513572964, 0.4740491584559855, 0.4420224014170926, 0.4303456780025469, 0.39903712455782675, 0.40857767368993697, 0.4336657845740684, 0.3944864744368013, 0.3428524530408622, 0.29417511298727805, 0.29417511298727805, 0.3468999847099461, 0.8210328231756078, 0.5594050467175731, 0.42576364108270626, 0.2812206954595463, 0.40642985084980304, 0.3430542212361575, 0.4417396704011439, 0.4836478280576438, 0.39515512696024396, 0.41283696303967155, 0.4027386203438195, 0.38703320238435285, 0.41334958920520687, 0.42771680789419214, 0.44939469815716837, 0.3564599701848136, 0.4683586753725823, 0.4261316797977083, 0.4342232329856507, 0.4883552296274996, 0.42317292633317805, 0.32605786829392175, 0.3786582075986031, 0.36410862657478144, 0.4474696502120653, 0.3664828281735412, 0.39840051787988023, 0.36465068574184745, 0.3153906309273625, 0.4514490063979348, 0.5055327179397316, 0.41567150755398585, 0.38284620681719805, 0.30847144582975383, 0.4327288085942052, 0.44331946209935086, 0.3336308394237096, 0.29349248839545744, 0.25704770787929804, 0.22737659465747742, 0.22737659465747742, 0.4444378472501935, 0.4444378472501935, 0.4444378472501935, 0.4444378472501935, 0.4444378472501935, 0.40239777884645744, 0.40239777884645744, 0.40239777884645744, 0.40239777884645744, 0.40199303714201334, 0.40199303714201334], "best_fitness_seen_values": [0.85, 0.85, 0.85, 0.87, 0.87, 0.87, 0.87, 0.87, 0.87, 0.87, 0.87, 0.87, 0.87, 0.87, 0.87, 0.87, 0.87, 0.87, 0.87, 0.87, 0.87, 0.87, 0.89, 0.89, 0.89, 0.89, 0.89, 0.89, 0.89, 0.89, 0.89, 0.89, 0.89, 0.89, 0.89, 0.89, 0.89, 0.89, 0.89, 0.89, 0.89, 0.89, 0.89, 0.89, 0.89, 0.89, 0.89, 0.89, 0.89, 0.89, 0.89, 0.89, 0.89, 0.89, 0.89, 0.89, 0.89, 0.89, 0.89, 0.89, 0.89, 0.89, 0.89, 0.89, 0.89, 0.89, 0.89, 0.89, 0.89, 0.89, 0.89, 0.89, 0.89, 0.89, 0.89, 0.89, 0.89, 0.89, 0.89, 0.89, 0.89, 0.89, 0.89, 0.89, 0.89, 0.89, 0.89, 0.89, 0.89, 0.89, 0.89, 0.89, 0.89, 0.89, 0.89, 0.89, 0.89, 0.89, 0.89, 0.89, 0.89, 0.89, 0.89, 0.89, 0.89, 0.89, 0.89, 0.89, 0.89, 0.89, 0.89, 0.89, 0.89, 0.89, 0.89, 0.89, 0.89, 0.89, 0.89, 0.89, 0.89, 0.89, 0.89], "time_execution": 7057.2653380000265}