{"generation_number_values": [1, 2, 3, 4, 5, 6, 7, 8, 9, 10, 11, 12, 13, 14, 15, 16, 17, 18, 19, 20, 21, 22, 23, 24, 25, 26, 27, 28, 29, 30, 31, 32, 33, 34, 35, 36, 37, 38, 39, 40, 41, 42, 43, 44, 45, 46, 47, 48, 49, 50, 51, 52, 53, 54, 55, 56, 57, 58, 59, 60, 61, 62, 63, 64, 65, 66, 67, 68, 69, 70, 71, 72, 73, 74, 75, 76, 77, 78, 79, 80, 81, 82, 83, 84, 85, 86, 87, 88, 89, 90, 91, 92, 93, 94, 95, 96, 97, 98, 99, 100, 101, 102, 103, 104, 105, 106, 107, 108, 109, 110, 111, 112, 113], "population_size_values": [556, 445, 448, 359, 285, 229, 184, 148, 124, 100, 80, 61, 79, 64, 52, 42, 47, 39, 32, 26, 21, 13, 12, 10, 17, 15, 20, 31, 26, 21, 15, 25, 21, 26, 21, 4, 2, 2, 2, 2, 2, 2, 2, 2, 2, 2, 2, 2, 2, 13, 12, 22, 42, 34, 28, 23, 18, 15, 13, 17, 22, 18, 44, 53, 44, 36, 20, 13, 12, 7, 7, 7, 28, 23, 20, 29, 24, 50, 59, 48, 49, 55, 45, 26, 21, 18, 15, 14, 12, 10, 20, 31, 26, 18, 31, 26, 21, 59, 48, 63, 52, 35, 29, 24, 40, 32, 26, 21, 17, 15, 47, 39, 32], "generation_fitness_values": [0.81, 0.8, 0.84, 0.82, 0.82, 0.81, 0.81, 0.81, 0.82, 0.82, 0.82, 0.82, 0.86, 0.82, 0.81, 0.81, 0.82, 0.82, 0.82, 0.82, 0.82, 0.8, 0.79, 0.79, 0.81, 0.81, 0.82, 0.84, 0.84, 0.81, 0.79, 0.81, 0.81, 0.82, 0.78, 0.75, 0.75, 0.75, 0.75, 0.75, 0.75, 0.75, 0.75, 0.57, 0.57, 0.57, 0.57, 0.57, 0.57, 0.78, 0.76, 0.78, 0.82, 0.82, 0.82, 0.81, 0.76, 0.75, 0.73, 0.74, 0.75, 0.75, 0.8, 0.82, 0.82, 0.82, 0.82, 0.82, 0.82, 0.81, 0.78, 0.78, 0.82, 0.77, 0.77, 0.79, 0.77, 0.82, 0.84, 0.79, 0.8, 0.81, 0.79, 0.79, 0.79, 0.77, 0.77, 0.77, 0.77, 0.77, 0.79, 0.81, 0.81, 0.79, 0.82, 0.82, 0.75, 0.82, 0.79, 0.82, 0.82, 0.82, 0.79, 0.78, 0.82, 0.78, 0.77, 0.75, 0.75, 0.75, 0.81, 0.81, 0.81], "crossover_rate_values": [0.7563609958506229, 0.7531389961389988, 0.7531389961389985, 0.7537031249999976, 0.7537031250000001, 0.7537031250000009, 0.7537031250000009, 0.6931505847953204, 0.6702491803278697, 0.7537031250000007, 0.7537031250000006, 0.7537031250000005, 0.7537031250000003, 0.7558524590163946, 0.7558524590163944, 0.7558524590163942, 0.7547999999999999, 0.7558524590163941, 0.7558524590163939, 0.7558524590163939, 0.7548000000000001, 0.6931505847953215, 0.6687720364741645, 0.7558524590163939, 0.7558524590163939, 0.7558524590163939, 0.7558524590163939, 0.7558524590163939, 0.7558524590163939, 0.7558524590163939, 0.7558524590163939, 0.7548000000000002, 0.7558524590163939, 0.7558524590163939, 0.7558524590163939, 0.7558524590163939, 0.7558524590163939, 0.7548000000000002, 0.6931505847953215, 0.6687720364741644, 0.7558524590163939, 0.7558524590163939, 0.7558524590163939, 0.7548000000000002, 0.6931505847953215, 0.6687720364741644, 0.7558524590163939, 0.7558524590163939, 0.7558524590163939, 0.7548000000000002, 0.7558524590163939, 0.7558524590163939, 0.7558524590163939, 0.7558524590163939, 0.7558524590163939, 0.7558524590163939, 0.7548000000000002, 0.6931505847953215, 0.6687720364741645, 0.7558524590163939, 0.7558524590163939, 0.7558524590163939, 0.7558524590163939, 0.7558524590163939, 0.7558524590163942, 0.7558524590163939, 0.7558524590163939, 0.7548000000000002, 0.6931505847953215, 0.6687720364741644, 0.7558524590163939, 0.7558524590163939, 0.7558524590163939, 0.7558524590163939, 0.7558524590163939, 0.7558524590163939, 0.7558524590163939, 0.7558524590163939, 0.7558524590163941, 0.7558524590163943, 0.7558524590163941, 0.7558524590163941, 0.7558524590163943, 0.755852459016394, 0.7558524590163939, 0.7548000000000002, 0.6931505847953215, 0.6687720364741645, 0.7558524590163939, 0.7558524590163939, 0.7558524590163939, 0.7558524590163939, 0.7558524590163939, 0.7558524590163939, 0.7558524590163939, 0.7558524590163939, 0.7558524590163939, 0.7558524590163939, 0.7558524590163943, 0.7558524590163941, 0.7558524590163944, 0.7558524590163942, 0.7558524590163939, 0.7548, 0.6931505847953215, 0.7558524590163939, 0.7558524590163939, 0.7558524590163939, 0.7548000000000002, 0.6931505847953215, 0.6687720364741645, 0.7558524590163941, 0.7558524590163939], "mutation_rate_values": [0.4742645672411695, 0.43219866760210796, 0.42235277433938523, 0.41235377635443976, 0.40558747288820624, 0.3865810761958225, 0.3996771790279393, 0.43015683115250253, 0.369962125281306, 0.3963348248616846, 0.3708496761386861, 0.38513643490096455, 0.4496881676206093, 0.42430903792713426, 0.4830738532323608, 0.38501120122302135, 0.415316803412425, 0.35803399930769464, 0.3777483727208146, 0.43579026806297116, 0.49967261395877655, 0.44923866424352144, 0.35531689512118864, 0.21385958176611353, 0.3750431755786538, 0.5323409362324397, 0.474840556492423, 0.4275506505578014, 0.45436904493224095, 0.33625690039895006, 0.29794003585100715, 0.5148024015535867, 0.42807037706642753, 0.4312563191230017, 0.42257656094054363, 0.3097407558212306, 0.29074381791735604, 0.29074381791735604, 0.2993025064993853, 0.2993025064993853, 0.3230841951535441, 0.3230841951535441, 0.4411273528127964, 0.6141038925808306, 0.3556020297950615, 0.6281314241495604, 0.5125994719093298, 0.5630892090930208, 0.39182352805595466, 0.48967224586635927, 0.5656221696260868, 0.3705492055749902, 0.46108406269799507, 0.4104937033063938, 0.3447745663407913, 0.3655518281395707, 0.39405200451464895, 0.34752623177378344, 0.3680985553656976, 0.40065180818988244, 0.38817842079662784, 0.35319836888719014, 0.5324268171606051, 0.48258138887755536, 0.4016844386775915, 0.4453860184951789, 0.42770665525441337, 0.39180465378987633, 0.5612150488841356, 0.3953815031158867, 0.4109866099558443, 0.3820507547445234, 0.5306787982070208, 0.3331490676166479, 0.3608839158791146, 0.3993103681400373, 0.3944757541773427, 0.36989815332298975, 0.4029369021603979, 0.46382866851799415, 0.42794348742006066, 0.4304393431178228, 0.35637863018805255, 0.4404280445414671, 0.4535376770629145, 0.3517818188434982, 0.28614300577579954, 0.3290232888849026, 0.4759234139873687, 0.3366811472465155, 0.5346560074554199, 0.3454329954137452, 0.30800454992935145, 0.47132492689247385, 0.463182425656971, 0.48379413282401335, 0.47515139394433425, 0.44584153809315497, 0.457895824972605, 0.4530012228927416, 0.40005504187497454, 0.3678550812784466, 0.3308370438152603, 0.4312206595994223, 0.5200666061927565, 0.3921481147231906, 0.36303495115270373, 0.48193328730589563, 0.42858692647185126, 0.5211619168122517, 0.54650216487377, 0.46685260978565923, 0.49292431604235754], "best_fitness_seen_values": [0.81, 0.81, 0.84, 0.84, 0.84, 0.84, 0.84, 0.84, 0.84, 0.84, 0.84, 0.84, 0.86, 0.86, 0.86, 0.86, 0.86, 0.86, 0.86, 0.86, 0.86, 0.86, 0.86, 0.86, 0.86, 0.86, 0.86, 0.86, 0.86, 0.86, 0.86, 0.86, 0.86, 0.86, 0.86, 0.86, 0.86, 0.86, 0.86, 0.86, 0.86, 0.86, 0.86, 0.86, 0.86, 0.86, 0.86, 0.86, 0.86, 0.86, 0.86, 0.86, 0.86, 0.86, 0.86, 0.86, 0.86, 0.86, 0.86, 0.86, 0.86, 0.86, 0.86, 0.86, 0.86, 0.86, 0.86, 0.86, 0.86, 0.86, 0.86, 0.86, 0.86, 0.86, 0.86, 0.86, 0.86, 0.86, 0.86, 0.86, 0.86, 0.86, 0.86, 0.86, 0.86, 0.86, 0.86, 0.86, 0.86, 0.86, 0.86, 0.86, 0.86, 0.86, 0.86, 0.86, 0.86, 0.86, 0.86, 0.86, 0.86, 0.86, 0.86, 0.86, 0.86, 0.86, 0.86, 0.86, 0.86, 0.86, 0.86, 0.86, 0.86], "time_execution": 8709.268501999999}