{"generation_number_values": [1, 2, 3, 4, 5, 6, 7, 8, 9, 10, 11, 12, 13, 14, 15, 16, 17, 18, 19, 20, 21, 22, 23, 24, 25, 26, 27, 28, 29, 30, 31, 32, 33, 34, 35, 36, 37, 38, 39, 40, 41, 42, 43, 44, 45, 46, 47, 48, 49, 50, 51, 52, 53, 54, 55, 56, 57, 58, 59, 60, 61, 62, 63, 64, 65, 66, 67, 68, 69, 70, 71, 72, 73, 74, 75, 76, 77, 78, 79, 80, 81, 82, 83, 84, 85, 86, 87, 88, 89, 90, 91, 92, 93, 94, 95, 96, 97, 98, 99, 100, 101, 102, 103, 104, 105, 106, 107, 108, 109, 110, 111, 112, 113, 114, 115, 116, 117, 118, 119], "population_size_values": [549, 440, 422, 338, 256, 203, 164, 132, 78, 50, 35, 26, 24, 20, 35, 29, 24, 37, 62, 50, 33, 38, 49, 40, 51, 42, 34, 28, 54, 44, 36, 29, 37, 49, 40, 32, 26, 21, 12, 9, 8, 7, 7, 7, 7, 19, 16, 26, 21, 18, 15, 27, 23, 20, 29, 24, 20, 10, 4, 4, 4, 4, 4, 4, 4, 4, 4, 4, 4, 4, 4, 4, 4, 4, 4, 4, 15, 13, 24, 20, 21, 18, 34, 28, 21, 33, 28, 23, 20, 16, 13, 12, 10, 29, 24, 34, 28, 10, 8, 7, 7, 6, 3, 4, 4, 13, 12, 8, 8, 8, 4, 14, 12, 10, 8, 7, 6, 6, 5], "generation_fitness_values": [0.85, 0.85, 0.87, 0.87, 0.87, 0.87, 0.87, 0.87, 0.87, 0.87, 0.85, 0.82, 0.83, 0.81, 0.84, 0.81, 0.81, 0.84, 0.89, 0.85, 0.83, 0.85, 0.87, 0.85, 0.87, 0.83, 0.83, 0.8, 0.85, 0.85, 0.85, 0.83, 0.85, 0.87, 0.87, 0.87, 0.87, 0.87, 0.87, 0.87, 0.87, 0.87, 0.87, 0.87, 0.87, 0.89, 0.87, 0.89, 0.89, 0.87, 0.87, 0.89, 0.89, 0.87, 0.89, 0.89, 0.89, 0.89, 0.87, 0.87, 0.87, 0.87, 0.87, 0.87, 0.87, 0.87, 0.87, 0.87, 0.87, 0.87, 0.87, 0.87, 0.87, 0.87, 0.87, 0.87, 0.89, 0.87, 0.89, 0.85, 0.86, 0.84, 0.87, 0.87, 0.85, 0.87, 0.83, 0.81, 0.79, 0.79, 0.79, 0.79, 0.75, 0.83, 0.83, 0.85, 0.85, 0.83, 0.83, 0.83, 0.83, 0.83, 0.83, 0.83, 0.81, 0.83, 0.83, 0.81, 0.81, 0.81, 0.72, 0.75, 0.72, 0.72, 0.72, 0.72, 0.72, 0.72, 0.72], "crossover_rate_values": [0.7513880597014928, 0.754799999999997, 0.7547999999999991, 0.756857142857143, 0.756857142857143, 0.756857142857143, 0.7548000000000016, 0.6931505847953207, 0.6681753972925245, 0.756857142857143, 0.756857142857143, 0.756857142857143, 0.7548000000000001, 0.756857142857143, 0.7568571428571429, 0.756857142857143, 0.756857142857143, 0.756857142857143, 0.756857142857143, 0.7587079646017696, 0.7587079646017699, 0.7587079646017701, 0.7587079646017701, 0.7587079646017699, 0.7587079646017701, 0.7587079646017698, 0.7587079646017701, 0.7587079646017701, 0.7548000000000001, 0.7587079646017698, 0.7587079646017701, 0.7587079646017701, 0.7548, 0.7587079646017701, 0.7587079646017699, 0.7587079646017701, 0.7587079646017701, 0.7548000000000001, 0.6931505847953215, 0.6672033426183849, 0.75870796460177, 0.75870796460177, 0.75870796460177, 0.7548000000000002, 0.6931505847953215, 0.6672033426183848, 0.7587079646017701, 0.7587079646017701, 0.7587079646017701, 0.7587079646017701, 0.7587079646017701, 0.7548000000000002, 0.7587079646017701, 0.7587079646017701, 0.7587079646017701, 0.7587079646017701, 0.7587079646017701, 0.7587079646017701, 0.7548000000000002, 0.6931505847953215, 0.6672033426183848, 0.75870796460177, 0.75870796460177, 0.75870796460177, 0.7548000000000002, 0.6931505847953215, 0.6672033426183848, 0.75870796460177, 0.75870796460177, 0.75870796460177, 0.7548000000000002, 0.6931505847953215, 0.6672033426183848, 0.75870796460177, 0.75870796460177, 0.75870796460177, 0.7548000000000002, 0.7587079646017701, 0.7587079646017701, 0.7587079646017701, 0.7587079646017701, 0.7587079646017701, 0.7587079646017701, 0.7587079646017701, 0.7587079646017701, 0.7587079646017701, 0.7587079646017701, 0.7587079646017701, 0.7587079646017701, 0.7548000000000002, 0.6931505847953215, 0.6672033426183849, 0.7587079646017701, 0.75870796460177, 0.7587079646017701, 0.7587079646017701, 0.7587079646017701, 0.7587079646017701, 0.75870796460177, 0.7548000000000002, 0.6931505847953215, 0.6672033426183848, 0.7587079646017699, 0.75870796460177, 0.75870796460177, 0.7548000000000002, 0.7587079646017701, 0.7587079646017701, 0.75870796460177, 0.7548000000000002, 0.6931505847953215, 0.6672033426183848, 0.7587079646017701, 0.7587079646017701, 0.75870796460177, 0.7548000000000002, 0.6931505847953215, 0.6672033426183847, 0.7587079646017699], "mutation_rate_values": [0.4775226525882236, 0.40231020417376506, 0.4031834305335263, 0.4012688556940665, 0.3876531306828604, 0.399989045803774, 0.3977038236098167, 0.38728355555519106, 0.3888541069553224, 0.4376888298250376, 0.42003542308674363, 0.4130997574809071, 0.40637463565860044, 0.3497369476348981, 0.5678273341697461, 0.4773443224713034, 0.43599719883764626, 0.40720242571316273, 0.45079988955278755, 0.31651238167840523, 0.38933787396191827, 0.4082163345594722, 0.4494352244296692, 0.4357563363746828, 0.5052043144446815, 0.4090023365672948, 0.41737837150989376, 0.30851655129170824, 0.49319562442369846, 0.4072792316140058, 0.3658658318817287, 0.372937762634793, 0.34383339582915134, 0.46928772319453, 0.39391803511642665, 0.46213542404061464, 0.3355504781915125, 0.25972127239317133, 0.2542550935287362, 0.34245979281726835, 0.2323651098895393, 0.27772895244454765, 0.41632975932277494, 0.2527907041760507, 0.19007841480866922, 0.4480687833276132, 0.37542994168308796, 0.39160333273645587, 0.42962060858654716, 0.433232551000777, 0.3978249176956455, 0.47684212017814565, 0.3371121024960685, 0.33748996904931705, 0.4142422663026217, 0.48041580967118674, 0.4718379623872736, 0.38610726695261877, 0.5206845420333154, 0.42988701572637983, 0.2414723581850375, 0.3158701681198965, 0.49825568835545675, 0.4336365412756996, 0.24794074798611762, 0.43938745317205474, 0.4617878311182662, 0.6738130621754349, 0.43115612639218465, 0.28289987004035844, 0.26162470257395565, 0.40843696460541923, 0.4372474462980853, 0.7182674961093201, 0.1802059313454332, 0.13136148552944568, 0.3728245808149844, 0.1616399963675089, 0.5616234500679987, 0.48542867618267904, 0.4183573773332019, 0.48908981655373385, 0.48720693750391014, 0.38915840434348686, 0.4403186472840376, 0.44458032186338753, 0.467682678660573, 0.3214328103113028, 0.4344193427857387, 0.5343988063111903, 0.2591271005610921, 0.3833614086081694, 0.4130291660840258, 0.5164925633554198, 0.3716559549723831, 0.4169728856708221, 0.3974510595530276, 0.38750507597174566, 0.465738964697967, 0.4573298724397964, 0.39000211027389164, 0.39017976358733786, 0.3051946575538574, 0.4356205042657403, 0.09683212829667867, 0.5693942880623304, 0.39901635192295326, 0.37221349032050105, 0.37221349032050105, 0.37221349032050105, 0.26009679594072077, 0.5576472956645017, 0.41566708681815884, 0.5052307224058182, 0.25236689149662417, 0.32612459697691026, 0.35134181224635763, 0.46444433525890244, 0.36873409276660196], "best_fitness_seen_values": [0.85, 0.85, 0.87, 0.87, 0.87, 0.87, 0.87, 0.87, 0.87, 0.87, 0.87, 0.87, 0.87, 0.87, 0.87, 0.87, 0.87, 0.87, 0.89, 0.89, 0.89, 0.89, 0.89, 0.89, 0.89, 0.89, 0.89, 0.89, 0.89, 0.89, 0.89, 0.89, 0.89, 0.89, 0.89, 0.89, 0.89, 0.89, 0.89, 0.89, 0.89, 0.89, 0.89, 0.89, 0.89, 0.89, 0.89, 0.89, 0.89, 0.89, 0.89, 0.89, 0.89, 0.89, 0.89, 0.89, 0.89, 0.89, 0.89, 0.89, 0.89, 0.89, 0.89, 0.89, 0.89, 0.89, 0.89, 0.89, 0.89, 0.89, 0.89, 0.89, 0.89, 0.89, 0.89, 0.89, 0.89, 0.89, 0.89, 0.89, 0.89, 0.89, 0.89, 0.89, 0.89, 0.89, 0.89, 0.89, 0.89, 0.89, 0.89, 0.89, 0.89, 0.89, 0.89, 0.89, 0.89, 0.89, 0.89, 0.89, 0.89, 0.89, 0.89, 0.89, 0.89, 0.89, 0.89, 0.89, 0.89, 0.89, 0.89, 0.89, 0.89, 0.89, 0.89, 0.89, 0.89, 0.89, 0.89], "time_execution": 7549.205077000006}