{"generation_number_values": [1, 2, 3, 4, 5, 6, 7, 8, 9, 10, 11, 12, 13, 14, 15, 16, 17, 18, 19, 20, 21, 22, 23, 24, 25, 26, 27, 28, 29, 30, 31, 32, 33, 34, 35, 36, 37, 38, 39, 40, 41, 42, 43, 44, 45, 46, 47, 48, 49, 50, 51, 52, 53, 54, 55, 56, 57, 58, 59, 60, 61, 62, 63, 64, 65, 66, 67, 68, 69, 70, 71, 72, 73, 74, 75, 76, 77, 78, 79, 80, 81, 82, 83, 84, 85, 86, 87, 88, 89, 90, 91, 92, 93, 94, 95, 96, 97, 98, 99, 100, 101, 102, 103, 104], "population_size_values": [562, 450, 421, 434, 348, 279, 224, 180, 144, 132, 143, 116, 93, 96, 77, 79, 64, 73, 60, 48, 54, 44, 36, 29, 24, 20, 17, 22, 18, 15, 13, 6, 6, 2, 2, 2, 2, 2, 2, 2, 2, 2, 2, 2, 2, 2, 2, 2, 2, 2, 2, 2, 2, 2, 2, 2, 2, 2, 2, 2, 2, 2, 2, 2, 2, 2, 13, 12, 20, 16, 37, 31, 26, 21, 11, 46, 63, 52, 42, 34, 44, 36, 52, 42, 28, 23, 20, 16, 13, 52, 63, 52, 42, 50, 53, 44, 29, 19, 40, 58, 65, 71, 58, 47], "generation_fitness_values": [0.82, 0.81, 0.82, 0.86, 0.86, 0.82, 0.82, 0.81, 0.81, 0.82, 0.84, 0.84, 0.84, 0.86, 0.81, 0.82, 0.79, 0.84, 0.81, 0.75, 0.77, 0.77, 0.77, 0.77, 0.77, 0.75, 0.75, 0.78, 0.75, 0.75, 0.75, 0.74, 0.74, 0.74, 0.74, 0.57, 0.57, 0.57, 0.57, 0.57, 0.57, 0.57, 0.57, 0.57, 0.57, 0.57, 0.54, 0.54, 0.54, 0.54, 0.54, 0.54, 0.54, 0.54, 0.54, 0.54, 0.54, 0.54, 0.54, 0.54, 0.53, 0.53, 0.53, 0.53, 0.51, 0.51, 0.65, 0.63, 0.72, 0.72, 0.81, 0.76, 0.76, 0.71, 0.71, 0.78, 0.81, 0.76, 0.75, 0.75, 0.77, 0.76, 0.79, 0.79, 0.81, 0.79, 0.65, 0.65, 0.65, 0.77, 0.79, 0.79, 0.79, 0.81, 0.82, 0.82, 0.81, 0.7, 0.75, 0.79, 0.81, 0.82, 0.82, 0.82], "crossover_rate_values": [0.7563609958506229, 0.7513880597014958, 0.7513880597014954, 0.7513880597014951, 0.7558524590163922, 0.7558524590163949, 0.7558524590163952, 0.7548000000000018, 0.6931505847953205, 0.6687720364741647, 0.755852459016395, 0.7558524590163951, 0.7558524590163949, 0.7558524590163948, 0.7558524590163948, 0.7558524590163946, 0.7558524590163946, 0.7558524590163944, 0.7558524590163945, 0.7558524590163943, 0.7558524590163941, 0.7558524590163942, 0.7558524590163939, 0.7558524590163939, 0.7548, 0.6931505847953215, 0.6687720364741645, 0.7558524590163939, 0.7558524590163939, 0.7558524590163939, 0.7558524590163939, 0.7548000000000002, 0.6931505847953215, 0.6687720364741644, 0.7558524590163939, 0.7558524590163939, 0.7558524590163939, 0.7548000000000002, 0.6931505847953215, 0.6687720364741644, 0.7558524590163939, 0.7558524590163939, 0.7558524590163939, 0.7548000000000002, 0.6931505847953215, 0.6687720364741644, 0.7558524590163939, 0.7558524590163939, 0.7558524590163939, 0.7548000000000002, 0.6931505847953215, 0.6687720364741644, 0.7558524590163939, 0.7558524590163939, 0.7558524590163939, 0.7548000000000002, 0.6931505847953215, 0.6687720364741644, 0.7558524590163939, 0.7558524590163939, 0.7558524590163939, 0.7548000000000002, 0.6931505847953215, 0.6687720364741644, 0.7558524590163939, 0.7558524590163939, 0.7558524590163939, 0.7558524590163939, 0.7558524590163939, 0.7558524590163939, 0.7558524590163939, 0.7558524590163939, 0.7558524590163939, 0.7558524590163939, 0.7548000000000002, 0.6931505847953215, 0.755852459016394, 0.7558524590163944, 0.7558524590163942, 0.7558524590163939, 0.7548, 0.7558524590163939, 0.7558524590163939, 0.7558524590163942, 0.7558524590163939, 0.7558524590163939, 0.7558524590163939, 0.7558524590163939, 0.7548000000000002, 0.6931505847953215, 0.7558524590163942, 0.7558524590163944, 0.7558524590163942, 0.7558524590163939, 0.7558524590163941, 0.7558524590163942, 0.7558524590163939, 0.7558524590163939, 0.7548000000000002, 0.7558524590163939, 0.7558524590163943, 0.7558524590163944, 0.7558524590163945, 0.7558524590163943], "mutation_rate_values": [0.502004316208979, 0.41526696178935557, 0.43726819374524617, 0.4069523352653812, 0.4227261329393722, 0.3987571581938427, 0.38587862082335567, 0.3675490289243017, 0.36865458310052235, 0.44988543473354403, 0.38651020875498365, 0.41316145138807897, 0.4442958107456452, 0.3695434706580521, 0.3353798923538175, 0.42670569866382396, 0.40903069812384985, 0.3560821872187676, 0.3745052867807418, 0.3653449890737621, 0.39293196440669, 0.36702557868347063, 0.39389753859486687, 0.31730455626514953, 0.3337759082870848, 0.2511612466455956, 0.3535717804691722, 0.5162819683624985, 0.5606919119023761, 0.29597526860993434, 0.2535898552144345, 0.14179744828001617, 0.14179744828001617, 0.1447608107853112, 0.1447608107853112, 0.7522649605709986, 0.7203904530615801, 0.7203904530615801, 0.7203904530615801, 0.4127565949373639, 0.21781495145629795, 0.47997794717092274, 0.7280133602296616, 0.19241325735652862, 0.2085699350701769, 0.3818869796988268, 0.42890821856356537, 0.06002821258054194, 0.5767482162318197, 0.09944502142697548, 0.5115548577763859, 0.17421431322595457, 0.2694571816605521, 0.6853733849521921, 0.4620034348610111, 0.14284984330713424, 0.5254516357636017, 0.34766184205389156, 0.22915964621964408, 0.25143755677021484, 0.4915563748212862, 0.29724447715424906, 0.2309411453632878, 0.24244735634722733, 0.5828598847614508, 0.5828598847614508, 0.41795847990023016, 0.5186531733437357, 0.46236459946471536, 0.4510770927450031, 0.3972995409088796, 0.42360331852795025, 0.36752165166420875, 0.4597871214804201, 0.46898500909969426, 0.5092473234102349, 0.4234980576318777, 0.43272195624899956, 0.39670859284214527, 0.4847181884107794, 0.45662406732637884, 0.445449029137803, 0.4158819366895759, 0.4327268387293137, 0.4387532864657607, 0.33419670460689077, 0.387276896366297, 0.4058164933006814, 0.5010560123377448, 0.4641394999160257, 0.43617468379617863, 0.3899052029869536, 0.3913815901003919, 0.4232035343732365, 0.35577451401488996, 0.33621867625347707, 0.4548725593333889, 0.4247211052579885, 0.5072409311806021, 0.36811225582757506, 0.4808581416827402, 0.42484886530564847, 0.4080589375489867, 0.44666226920207935], "best_fitness_seen_values": [0.82, 0.82, 0.82, 0.86, 0.86, 0.86, 0.86, 0.86, 0.86, 0.86, 0.86, 0.86, 0.86, 0.86, 0.86, 0.86, 0.86, 0.86, 0.86, 0.86, 0.86, 0.86, 0.86, 0.86, 0.86, 0.86, 0.86, 0.86, 0.86, 0.86, 0.86, 0.86, 0.86, 0.86, 0.86, 0.86, 0.86, 0.86, 0.86, 0.86, 0.86, 0.86, 0.86, 0.86, 0.86, 0.86, 0.86, 0.86, 0.86, 0.86, 0.86, 0.86, 0.86, 0.86, 0.86, 0.86, 0.86, 0.86, 0.86, 0.86, 0.86, 0.86, 0.86, 0.86, 0.86, 0.86, 0.86, 0.86, 0.86, 0.86, 0.86, 0.86, 0.86, 0.86, 0.86, 0.86, 0.86, 0.86, 0.86, 0.86, 0.86, 0.86, 0.86, 0.86, 0.86, 0.86, 0.86, 0.86, 0.86, 0.86, 0.86, 0.86, 0.86, 0.86, 0.86, 0.86, 0.86, 0.86, 0.86, 0.86, 0.86, 0.86, 0.86, 0.86], "time_execution": 9373.127944000007}