{"generation_number_values": [1, 2, 3, 4, 5, 6, 7, 8, 9, 10, 11, 12, 13, 14, 15, 16, 17, 18, 19, 20, 21, 22, 23, 24, 25, 26, 27, 28, 29, 30, 31, 32, 33, 34, 35, 36, 37, 38, 39, 40, 41, 42, 43, 44, 45, 46, 47, 48, 49, 50, 51, 52, 53, 54, 55, 56, 57, 58, 59, 60, 61, 62, 63, 64, 65, 66, 67, 68, 69, 70, 71, 72, 73, 74, 75, 76, 77, 78, 79, 80, 81, 82, 83, 84, 85, 86, 87, 88, 89, 90, 91, 92, 93, 94, 95, 96, 97, 98, 99, 100, 101, 102, 103], "population_size_values": [562, 574, 586, 469, 376, 301, 242, 194, 167, 135, 109, 88, 71, 58, 54, 55, 45, 31, 26, 21, 28, 23, 34, 28, 23, 42, 34, 46, 37, 27, 10, 3, 3, 3, 2, 2, 7, 19, 16, 15, 13, 24, 20, 16, 7, 7, 18, 35, 29, 24, 20, 16, 13, 12, 8, 6, 5, 5, 4, 4, 7, 7, 6, 11, 10, 8, 7, 7, 2, 2, 2, 2, 2, 2, 2, 87, 93, 76, 61, 96, 77, 64, 52, 42, 33, 32, 26, 31, 26, 21, 18, 8, 7, 30, 24, 20, 26, 21, 18, 14, 12, 10, 10], "generation_fitness_values": [0.82, 0.84, 0.86, 0.84, 0.84, 0.84, 0.84, 0.84, 0.84, 0.84, 0.84, 0.84, 0.82, 0.82, 0.79, 0.8, 0.78, 0.78, 0.78, 0.78, 0.8, 0.8, 0.82, 0.8, 0.78, 0.81, 0.79, 0.81, 0.81, 0.79, 0.79, 0.72, 0.72, 0.72, 0.72, 0.53, 0.54, 0.81, 0.58, 0.69, 0.69, 0.79, 0.79, 0.79, 0.79, 0.79, 0.81, 0.84, 0.84, 0.84, 0.84, 0.84, 0.82, 0.82, 0.81, 0.81, 0.75, 0.7, 0.7, 0.68, 0.69, 0.69, 0.68, 0.69, 0.69, 0.69, 0.69, 0.69, 0.68, 0.54, 0.54, 0.54, 0.54, 0.54, 0.4, 0.76, 0.77, 0.77, 0.77, 0.84, 0.79, 0.81, 0.77, 0.74, 0.74, 0.75, 0.74, 0.75, 0.75, 0.75, 0.73, 0.73, 0.73, 0.77, 0.77, 0.77, 0.79, 0.75, 0.72, 0.72, 0.72, 0.72, 0.72], "crossover_rate_values": [0.7563609958506229, 0.7513880597014958, 0.7537031249999953, 0.7558524590163894, 0.7558524590163913, 0.7558524590163939, 0.7548000000000021, 0.6931505847953202, 0.6687720364741652, 0.7558524590163951, 0.755852459016395, 0.7558524590163949, 0.7547999999999998, 0.6931505847953217, 0.6687720364741643, 0.7558524590163942, 0.7558524590163943, 0.755852459016394, 0.7558524590163939, 0.7548000000000001, 0.6931505847953215, 0.7558524590163939, 0.7558524590163939, 0.7558524590163939, 0.7558524590163939, 0.7558524590163939, 0.7558524590163939, 0.7558524590163939, 0.755852459016394, 0.7558524590163939, 0.7558524590163939, 0.7548000000000002, 0.6931505847953215, 0.6687720364741644, 0.7558524590163939, 0.7558524590163939, 0.7558524590163939, 0.7558524590163939, 0.7558524590163939, 0.7558524590163939, 0.7558524590163939, 0.7558524590163939, 0.7558524590163939, 0.7558524590163939, 0.7558524590163939, 0.7548000000000002, 0.6931505847953215, 0.7558524590163939, 0.7558524590163939, 0.7558524590163939, 0.7558524590163939, 0.7548000000000002, 0.6931505847953215, 0.6687720364741645, 0.7558524590163939, 0.7558524590163939, 0.7558524590163939, 0.7558524590163939, 0.7558524590163939, 0.7558524590163939, 0.7548000000000002, 0.7558524590163939, 0.7558524590163939, 0.7558524590163939, 0.7558524590163939, 0.7558524590163939, 0.7558524590163939, 0.7548000000000002, 0.6931505847953215, 0.6687720364741644, 0.7558524590163939, 0.7558524590163939, 0.7558524590163939, 0.7548000000000002, 0.6931505847953215, 0.6687720364741644, 0.7558524590163948, 0.7558524590163948, 0.7558524590163946, 0.7558524590163944, 0.7558524590163948, 0.7558524590163946, 0.7558524590163944, 0.7558524590163942, 0.7558524590163939, 0.7548, 0.7558524590163939, 0.7558524590163939, 0.7558524590163939, 0.7558524590163939, 0.7558524590163939, 0.7548000000000002, 0.6931505847953215, 0.6687720364741644, 0.7558524590163939, 0.7558524590163939, 0.7558524590163939, 0.7558524590163939, 0.7558524590163939, 0.7558524590163939, 0.7548000000000002, 0.6931505847953215, 0.6687720364741644], "mutation_rate_values": [0.47357149340346616, 0.3797996014832919, 0.42004747418038246, 0.41992359986479894, 0.39994851165076684, 0.4203801877599319, 0.40769739443348346, 0.3871148678706337, 0.39129460688556394, 0.36830626075245865, 0.4028102415910972, 0.36376917213738236, 0.3454703275608517, 0.3950740965070997, 0.4296786237250847, 0.4264942610353252, 0.37787277799967656, 0.37704051795149773, 0.4813236463820747, 0.25015043018598754, 0.40148879708086077, 0.3397253411991317, 0.3652635722753447, 0.453504308374281, 0.4236451786353825, 0.4300111423483676, 0.43269983970736836, 0.3691364906658042, 0.36811675365444824, 0.34783964002475476, 0.26927268484122846, 0.4060211696334852, 0.4060211696334852, 0.4060211696334852, 0.6867959486237317, 0.552760597236879, 0.5289587236854004, 0.5449550419263927, 0.4659093604061942, 0.46289559731366575, 0.3885722023661907, 0.40282056705134156, 0.4949045980298196, 0.5327980423257492, 0.36594240050051674, 0.3297295351396502, 0.49752136923523416, 0.4824577038446842, 0.3502445030600079, 0.4464738331571351, 0.357758769216003, 0.40895749134144455, 0.40919059598510693, 0.43841990612900333, 0.2688929377638108, 0.21744583668587128, 0.28351435927855473, 0.45757954739932966, 0.4293381564539735, 0.6117898386955244, 0.39971409311984096, 0.3713041818868198, 0.626924851946501, 0.5184669021088504, 0.37056359799826355, 0.26061221726186806, 0.20538235681489533, 0.20538235681489533, 0.2597329740252155, 0.7223294854132671, 0.20098949700820146, 0.3191445686787089, 0.09185820834305301, 0.04282099571251911, 0.4724363107308664, 0.5180728219995148, 0.45658439786389304, 0.4362793667246412, 0.3959098245943481, 0.46974964122664725, 0.4392636254798794, 0.4271925504373818, 0.3955379243909399, 0.4215512993317574, 0.38945660012845085, 0.4455297713049667, 0.4762451044776155, 0.527319689881218, 0.36381824038030064, 0.3797031989323313, 0.3444080649251805, 0.3446038531810402, 0.471565777560847, 0.5114677489149556, 0.3833986504255423, 0.3345159451451934, 0.32216674506642196, 0.31030579676480424, 0.32989232185815115, 0.351704942054435, 0.5585414442868787, 0.3360973949781484, 0.28422453340260173], "best_fitness_seen_values": [0.82, 0.84, 0.86, 0.86, 0.86, 0.86, 0.86, 0.86, 0.86, 0.86, 0.86, 0.86, 0.86, 0.86, 0.86, 0.86, 0.86, 0.86, 0.86, 0.86, 0.86, 0.86, 0.86, 0.86, 0.86, 0.86, 0.86, 0.86, 0.86, 0.86, 0.86, 0.86, 0.86, 0.86, 0.86, 0.86, 0.86, 0.86, 0.86, 0.86, 0.86, 0.86, 0.86, 0.86, 0.86, 0.86, 0.86, 0.86, 0.86, 0.86, 0.86, 0.86, 0.86, 0.86, 0.86, 0.86, 0.86, 0.86, 0.86, 0.86, 0.86, 0.86, 0.86, 0.86, 0.86, 0.86, 0.86, 0.86, 0.86, 0.86, 0.86, 0.86, 0.86, 0.86, 0.86, 0.86, 0.86, 0.86, 0.86, 0.86, 0.86, 0.86, 0.86, 0.86, 0.86, 0.86, 0.86, 0.86, 0.86, 0.86, 0.86, 0.86, 0.86, 0.86, 0.86, 0.86, 0.86, 0.86, 0.86, 0.86, 0.86, 0.86, 0.86], "time_execution": 9455.946236000047}