{"generation_number_values": [1, 2, 3, 4, 5, 6, 7, 8, 9, 10, 11, 12, 13, 14, 15, 16, 17, 18, 19, 20, 21, 22, 23, 24, 25, 26, 27, 28, 29, 30, 31, 32, 33, 34, 35, 36, 37, 38, 39, 40, 41, 42, 43, 44, 45, 46, 47, 48, 49, 50, 51, 52, 53, 54, 55, 56, 57, 58, 59, 60, 61, 62, 63, 64, 65, 66, 67, 68, 69, 70, 71, 72, 73, 74, 75, 76, 77, 78, 79, 80, 81, 82, 83, 84, 85, 86, 87, 88, 89, 90, 91, 92, 93, 94, 95, 96, 97, 98, 99, 100, 101, 102], "population_size_values": [556, 562, 450, 360, 288, 225, 181, 168, 135, 109, 118, 95, 77, 63, 52, 42, 42, 34, 28, 19, 16, 10, 7, 37, 31, 26, 21, 14, 12, 3, 4, 4, 3, 4, 75, 61, 50, 40, 32, 26, 25, 21, 50, 40, 32, 26, 21, 14, 8, 5, 3, 39, 32, 32, 49, 40, 32, 25, 21, 18, 39, 32, 40, 32, 26, 31, 49, 66, 53, 39, 29, 19, 12, 50, 40, 32, 43, 49, 55, 45, 37, 31, 36, 29, 17, 14, 14, 21, 18, 15, 13, 12, 9, 9, 2, 2, 2, 13, 12, 17, 39, 45], "generation_fitness_values": [0.81, 0.82, 0.82, 0.82, 0.81, 0.81, 0.81, 0.79, 0.79, 0.79, 0.81, 0.81, 0.78, 0.78, 0.77, 0.75, 0.75, 0.75, 0.75, 0.75, 0.7, 0.7, 0.7, 0.81, 0.79, 0.77, 0.77, 0.77, 0.72, 0.7, 0.7, 0.47, 0.47, 0.47, 0.79, 0.79, 0.79, 0.78, 0.78, 0.78, 0.74, 0.74, 0.79, 0.78, 0.78, 0.76, 0.75, 0.75, 0.75, 0.75, 0.69, 0.75, 0.75, 0.76, 0.79, 0.76, 0.76, 0.76, 0.76, 0.75, 0.79, 0.79, 0.81, 0.79, 0.75, 0.76, 0.79, 0.82, 0.82, 0.8, 0.75, 0.75, 0.68, 0.78, 0.78, 0.78, 0.8, 0.81, 0.82, 0.81, 0.81, 0.78, 0.79, 0.79, 0.79, 0.79, 0.79, 0.82, 0.82, 0.82, 0.82, 0.82, 0.82, 0.82, 0.76, 0.65, 0.65, 0.73, 0.73, 0.77, 0.81, 0.82], "crossover_rate_values": [0.7563609958506229, 0.7531389961389988, 0.7513880597014958, 0.7513880597014954, 0.7513880597014948, 0.7513880597014941, 0.6931505847953202, 0.6722318214542838, 0.7513880597014918, 0.7513880597014921, 0.7513880597014926, 0.7513880597014924, 0.7513880597014929, 0.7513880597014931, 0.751388059701493, 0.6931505847953213, 0.6722318214542843, 0.7513880597014926, 0.7513880597014927, 0.7513880597014928, 0.7513880597014929, 0.6931505847953215, 0.6722318214542843, 0.7513880597014929, 0.7513880597014926, 0.7513880597014927, 0.7513880597014928, 0.7513880597014929, 0.6931505847953215, 0.6722318214542843, 0.7513880597014929, 0.7513880597014929, 0.7513880597014929, 0.7513880597014929, 0.6931505847953215, 0.7513880597014931, 0.751388059701493, 0.7513880597014928, 0.7513880597014926, 0.6931505847953213, 0.6722318214542843, 0.7513880597014928, 0.7513880597014929, 0.7513880597014928, 0.7513880597014926, 0.7513880597014927, 0.7513880597014928, 0.6931505847953215, 0.6722318214542843, 0.7513880597014929, 0.7513880597014929, 0.7513880597014929, 0.7513880597014926, 0.7513880597014927, 0.7513880597014927, 0.7513880597014928, 0.7513880597014926, 0.7513880597014927, 0.7513880597014928, 0.6931505847953215, 0.6722318214542843, 0.7513880597014926, 0.7513880597014927, 0.7513880597014926, 0.7513880597014927, 0.7513880597014928, 0.7513880597014927, 0.7513880597014928, 0.751388059701493, 0.7513880597014929, 0.7513880597014926, 0.7513880597014927, 0.6931505847953215, 0.6722318214542843, 0.7513880597014928, 0.7513880597014926, 0.7513880597014927, 0.7513880597014926, 0.7513880597014928, 0.7513880597014929, 0.7513880597014927, 0.7513880597014926, 0.7513880597014927, 0.7513880597014926, 0.7513880597014927, 0.7513880597014929, 0.7513880597014929, 0.6931505847953215, 0.7513880597014929, 0.7513880597014929, 0.7513880597014929, 0.7513880597014929, 0.6931505847953215, 0.6722318214542843, 0.7513880597014929, 0.7513880597014929, 0.7513880597014929, 0.7513880597014929, 0.7513880597014929, 0.7513880597014929, 0.7513880597014929, 0.7513880597014926], "mutation_rate_values": [0.48175107220019125, 0.4031265599317677, 0.3834739285892301, 0.4062876695825722, 0.3848444412520888, 0.40162102010482503, 0.4029121794113795, 0.40344001500330245, 0.3979329870010531, 0.3671005203468103, 0.41036686073279977, 0.3875546927725429, 0.42635306325520606, 0.46005722064340193, 0.39341910715389194, 0.33585809338895445, 0.4055289031705537, 0.39697399128359834, 0.46960577066124387, 0.4865567238836343, 0.43108286570613846, 0.3914289911672024, 0.5213822326010394, 0.4222949264552465, 0.4169861777730132, 0.3816615636904125, 0.3786528314845086, 0.3829714840474353, 0.36520187173947716, 0.5014309434090957, 0.7568610276217476, 0.2888426010583979, 0.22203103960027445, 0.3491587043934707, 0.49511647128836433, 0.4032599902694113, 0.3721685443813882, 0.39419000852296987, 0.3730193590550198, 0.4686805597168643, 0.451706820774808, 0.40068832903547597, 0.4438356801357173, 0.30570576406167677, 0.4105329148088961, 0.35953460499722756, 0.3506792973985768, 0.30857200819044456, 0.41665260375028185, 0.3331590416865493, 0.3739710630857663, 0.4799803819267824, 0.4558759134576548, 0.33762110071823, 0.4390185838676168, 0.3621483418783614, 0.4258797339392098, 0.4353262465356645, 0.43340019225319437, 0.3875517351823987, 0.46288399586293305, 0.34849597852348674, 0.4372129835315409, 0.4320554956669164, 0.3571110928674771, 0.39031340504426276, 0.3954397278389805, 0.39856799855612024, 0.3526671801266477, 0.40255151226305613, 0.33208843963757206, 0.3723334004022961, 0.44666938393448136, 0.4424369958489533, 0.3974713955910014, 0.3649534003793735, 0.3514363434923599, 0.41173212783103524, 0.37650496241244413, 0.42100010595578563, 0.44864642029166385, 0.356114415760722, 0.4111465867280536, 0.5135363470652176, 0.4056207150588285, 0.36861768097280917, 0.37196423617527424, 0.5379799124804026, 0.29647698422298596, 0.29010494395322367, 0.3553146621536432, 0.26097296298802225, 0.383273082650345, 0.383273082650345, 0.228072126162703, 0.22848633563232426, 0.873396257172048, 0.4404275289245418, 0.30040834118408916, 0.40176178620386327, 0.4603727299314836, 0.3071854106370271], "best_fitness_seen_values": [0.81, 0.82, 0.82, 0.82, 0.82, 0.82, 0.82, 0.82, 0.82, 0.82, 0.82, 0.82, 0.82, 0.82, 0.82, 0.82, 0.82, 0.82, 0.82, 0.82, 0.82, 0.82, 0.82, 0.82, 0.82, 0.82, 0.82, 0.82, 0.82, 0.82, 0.82, 0.82, 0.82, 0.82, 0.82, 0.82, 0.82, 0.82, 0.82, 0.82, 0.82, 0.82, 0.82, 0.82, 0.82, 0.82, 0.82, 0.82, 0.82, 0.82, 0.82, 0.82, 0.82, 0.82, 0.82, 0.82, 0.82, 0.82, 0.82, 0.82, 0.82, 0.82, 0.82, 0.82, 0.82, 0.82, 0.82, 0.82, 0.82, 0.82, 0.82, 0.82, 0.82, 0.82, 0.82, 0.82, 0.82, 0.82, 0.82, 0.82, 0.82, 0.82, 0.82, 0.82, 0.82, 0.82, 0.82, 0.82, 0.82, 0.82, 0.82, 0.82, 0.82, 0.82, 0.82, 0.82, 0.82, 0.82, 0.82, 0.82, 0.82, 0.82], "time_execution": 9375.755357999995}