{"generation_number_values": [1, 2, 3, 4, 5, 6, 7, 8, 9, 10, 11, 12, 13, 14, 15, 16, 17, 18, 19, 20, 21, 22, 23, 24, 25, 26, 27, 28, 29, 30, 31, 32, 33, 34, 35, 36, 37, 38, 39, 40, 41, 42, 43, 44, 45, 46, 47, 48, 49, 50, 51, 52, 53, 54, 55, 56, 57, 58, 59, 60, 61, 62, 63, 64, 65, 66, 67, 68, 69, 70, 71, 72, 73, 74, 75, 76, 77, 78, 79, 80, 81, 82, 83, 84, 85, 86, 87, 88, 89, 90, 91, 92, 93, 94, 95, 96, 97, 98, 99, 100, 101, 102], "population_size_values": [556, 580, 464, 372, 297, 230, 229, 184, 170, 136, 109, 88, 71, 58, 44, 52, 42, 34, 43, 36, 50, 40, 39, 32, 26, 21, 32, 26, 37, 31, 41, 34, 55, 67, 55, 45, 37, 31, 26, 24, 33, 28, 17, 11, 10, 7, 8, 7, 17, 15, 27, 39, 32, 26, 27, 23, 13, 11, 10, 10, 4, 4, 2, 2, 2, 2, 2, 2, 2, 2, 2, 2, 28, 23, 40, 65, 73, 60, 48, 39, 32, 24, 23, 12, 10, 19, 30, 24, 20, 16, 12, 49, 66, 76, 61, 50, 58, 47, 27, 23, 20, 16], "generation_fitness_values": [0.85, 0.89, 0.87, 0.85, 0.85, 0.86, 0.87, 0.85, 0.87, 0.83, 0.83, 0.83, 0.81, 0.81, 0.81, 0.83, 0.81, 0.81, 0.83, 0.81, 0.85, 0.81, 0.83, 0.81, 0.81, 0.81, 0.83, 0.77, 0.79, 0.77, 0.79, 0.79, 0.83, 0.85, 0.85, 0.85, 0.85, 0.85, 0.83, 0.83, 0.85, 0.85, 0.85, 0.85, 0.85, 0.85, 0.85, 0.85, 0.87, 0.81, 0.85, 0.87, 0.87, 0.85, 0.87, 0.85, 0.8, 0.77, 0.77, 0.77, 0.76, 0.76, 0.76, 0.76, 0.76, 0.76, 0.76, 0.76, 0.76, 0.76, 0.76, 0.76, 0.81, 0.77, 0.8, 0.85, 0.87, 0.87, 0.87, 0.87, 0.83, 0.83, 0.83, 0.83, 0.81, 0.83, 0.85, 0.83, 0.75, 0.75, 0.75, 0.82, 0.85, 0.87, 0.87, 0.85, 0.87, 0.85, 0.85, 0.85, 0.79, 0.79], "crossover_rate_values": [0.7513880597014928, 0.754799999999997, 0.7587079646017687, 0.7587079646017687, 0.7587079646017688, 0.754800000000002, 0.7587079646017688, 0.7587079646017688, 0.7587079646017689, 0.758707964601769, 0.758707964601769, 0.7587079646017691, 0.7547999999999998, 0.6931505847953217, 0.6672033426183848, 0.7587079646017701, 0.7587079646017698, 0.7587079646017701, 0.7587079646017701, 0.7587079646017701, 0.7587079646017701, 0.7587079646017699, 0.7587079646017701, 0.7587079646017701, 0.7587079646017701, 0.7587079646017701, 0.7548000000000002, 0.7587079646017701, 0.7587079646017701, 0.7587079646017701, 0.7587079646017701, 0.7587079646017701, 0.7587079646017701, 0.7587079646017697, 0.7587079646017695, 0.7587079646017697, 0.75870796460177, 0.7547999999999999, 0.6931505847953213, 0.6672033426183848, 0.7587079646017701, 0.7587079646017701, 0.7587079646017701, 0.7587079646017701, 0.7548000000000002, 0.6931505847953215, 0.6672033426183848, 0.75870796460177, 0.75870796460177, 0.7587079646017701, 0.7587079646017701, 0.7587079646017701, 0.7587079646017701, 0.7587079646017701, 0.7587079646017701, 0.7587079646017701, 0.7587079646017701, 0.7587079646017701, 0.7548000000000002, 0.6931505847953215, 0.6672033426183848, 0.75870796460177, 0.75870796460177, 0.75870796460177, 0.7548000000000002, 0.6931505847953215, 0.6672033426183848, 0.75870796460177, 0.75870796460177, 0.75870796460177, 0.7548000000000002, 0.6931505847953215, 0.6672033426183848, 0.7587079646017701, 0.7587079646017701, 0.7587079646017701, 0.7587079646017696, 0.7587079646017695, 0.7587079646017697, 0.7587079646017699, 0.7547999999999999, 0.6931505847953213, 0.6672033426183849, 0.7587079646017701, 0.7587079646017701, 0.75870796460177, 0.7587079646017701, 0.7587079646017701, 0.7587079646017701, 0.7587079646017701, 0.7548000000000002, 0.6931505847953215, 0.7587079646017699, 0.7587079646017696, 0.7587079646017694, 0.7587079646017696, 0.7587079646017699, 0.7587079646017697, 0.7587079646017699, 0.7587079646017701, 0.7548000000000002, 0.6931505847953215], "mutation_rate_values": [0.4942975991112113, 0.42836793004741086, 0.41430451648482236, 0.40022332967879976, 0.38488895437593973, 0.3864419077417728, 0.37032992652863544, 0.4009464910833277, 0.41704445779536325, 0.47167315255978, 0.4325300763442675, 0.3843726609665384, 0.3790340303057059, 0.36060715420849576, 0.3507295792415504, 0.42473279318593443, 0.43496752377207043, 0.3711534029103579, 0.3754244036339375, 0.359091436291694, 0.44881210508658287, 0.37032746962215096, 0.38378450759448857, 0.3629998172409855, 0.4524454581465148, 0.33829966983884296, 0.44173727764731124, 0.35916143348925195, 0.43300241804915696, 0.3392889155987549, 0.4780232121365939, 0.3861825300411599, 0.38324372328600764, 0.41024499934304226, 0.38173625395587263, 0.3590556505972185, 0.3871505521674666, 0.3644729590730466, 0.39797317057543924, 0.24441507934199325, 0.32827189773951, 0.32335542301539544, 0.4023178968849412, 0.5476990967393746, 0.45233346562738613, 0.2954254021328893, 0.44212961087504166, 0.4576832387275999, 0.33283069725331915, 0.3604261659180843, 0.4831688776599868, 0.4181860897918567, 0.40703057767903156, 0.3547814412973382, 0.3807528839546911, 0.43975057506807286, 0.32761962529317995, 0.34200280328345034, 0.48393916642506485, 0.48623043855770887, 0.3015455579608556, 0.3015455579608556, 0.4098183359759635, 0.3831562877679033, 0.3831562877679033, 0.3831562877679033, 0.3831562877679033, 0.3831562877679033, 0.3831562877679033, 0.3831562877679033, 0.3831562877679033, 0.3831562877679033, 0.5046970301761199, 0.3493253148090488, 0.4869876680874944, 0.405676259139465, 0.48642999505263745, 0.3975305331913808, 0.38868749500294736, 0.40315572224071217, 0.3426918213269478, 0.2127644418254936, 0.29616583820276204, 0.32941368164641055, 0.4144917913973757, 0.45925679274259323, 0.39607629406848477, 0.2919722909333175, 0.35111706014403465, 0.5096490075163569, 0.4409761647883986, 0.4814417925547553, 0.43646528353530967, 0.40462344402752715, 0.40525237781507106, 0.3952491258792687, 0.4510443406879215, 0.47276438476266924, 0.3935432635630015, 0.34471741723120153, 0.39190331102875364, 0.3096142774508806], "best_fitness_seen_values": [0.85, 0.89, 0.89, 0.89, 0.89, 0.89, 0.89, 0.89, 0.89, 0.89, 0.89, 0.89, 0.89, 0.89, 0.89, 0.89, 0.89, 0.89, 0.89, 0.89, 0.89, 0.89, 0.89, 0.89, 0.89, 0.89, 0.89, 0.89, 0.89, 0.89, 0.89, 0.89, 0.89, 0.89, 0.89, 0.89, 0.89, 0.89, 0.89, 0.89, 0.89, 0.89, 0.89, 0.89, 0.89, 0.89, 0.89, 0.89, 0.89, 0.89, 0.89, 0.89, 0.89, 0.89, 0.89, 0.89, 0.89, 0.89, 0.89, 0.89, 0.89, 0.89, 0.89, 0.89, 0.89, 0.89, 0.89, 0.89, 0.89, 0.89, 0.89, 0.89, 0.89, 0.89, 0.89, 0.89, 0.89, 0.89, 0.89, 0.89, 0.89, 0.89, 0.89, 0.89, 0.89, 0.89, 0.89, 0.89, 0.89, 0.89, 0.89, 0.89, 0.89, 0.89, 0.89, 0.89, 0.89, 0.89, 0.89, 0.89, 0.89, 0.89], "time_execution": 9206.304296999995}