{"generation_number_values": [1, 2, 3, 4, 5, 6, 7, 8, 9, 10, 11, 12, 13, 14, 15, 16, 17, 18, 19, 20, 21, 22, 23, 24, 25, 26, 27, 28, 29, 30, 31, 32, 33, 34, 35, 36, 37, 38, 39, 40, 41, 42, 43, 44, 45, 46, 47, 48, 49, 50, 51, 52, 53, 54, 55, 56, 57, 58, 59, 60, 61, 62, 63, 64, 65, 66, 67, 68, 69, 70, 71, 72, 73, 74, 75, 76, 77, 78, 79, 80, 81, 82, 83, 84, 85, 86, 87, 88, 89, 90, 91, 92, 93, 94, 95, 96, 97, 98, 99, 100, 101], "population_size_values": [530, 424, 419, 336, 269, 216, 173, 139, 114, 92, 72, 54, 35, 29, 16, 9, 14, 25, 37, 48, 39, 32, 26, 35, 29, 35, 29, 24, 19, 13, 9, 5, 29, 40, 32, 26, 21, 18, 13, 5, 2, 2, 2, 2, 2, 2, 2, 2, 2, 2, 2, 2, 2, 2, 2, 2, 2, 2, 2, 2, 2, 2, 2, 2, 2, 2, 2, 2, 2, 2, 2, 2, 2, 2, 2, 2, 2, 2, 2, 2, 2, 96, 77, 63, 52, 42, 34, 24, 20, 16, 13, 10, 17, 15, 24, 34, 28, 22, 16, 11, 18], "generation_fitness_values": [0.87, 0.85, 0.87, 0.87, 0.87, 0.85, 0.85, 0.85, 0.87, 0.87, 0.87, 0.85, 0.85, 0.82, 0.81, 0.76, 0.77, 0.79, 0.81, 0.83, 0.83, 0.8, 0.79, 0.81, 0.81, 0.82, 0.82, 0.82, 0.82, 0.81, 0.81, 0.81, 0.85, 0.87, 0.85, 0.85, 0.85, 0.85, 0.85, 0.85, 0.85, 0.85, 0.85, 0.85, 0.85, 0.85, 0.85, 0.85, 0.85, 0.85, 0.85, 0.85, 0.85, 0.85, 0.85, 0.85, 0.85, 0.85, 0.85, 0.85, 0.85, 0.85, 0.85, 0.85, 0.85, 0.85, 0.85, 0.85, 0.85, 0.85, 0.85, 0.85, 0.85, 0.85, 0.71, 0.71, 0.71, 0.71, 0.71, 0.64, 0.64, 0.85, 0.85, 0.85, 0.85, 0.85, 0.83, 0.83, 0.83, 0.83, 0.81, 0.81, 0.83, 0.83, 0.85, 0.87, 0.83, 0.83, 0.83, 0.78, 0.8], "crossover_rate_values": [0.7513880597014928, 0.756857142857143, 0.756857142857143, 0.756857142857143, 0.756857142857143, 0.756857142857143, 0.7548000000000017, 0.6931505847953205, 0.6681753972925244, 0.756857142857143, 0.756857142857143, 0.756857142857143, 0.7547999999999999, 0.6931505847953212, 0.6681753972925252, 0.7568571428571429, 0.7568571428571428, 0.7568571428571429, 0.756857142857143, 0.756857142857143, 0.756857142857143, 0.756857142857143, 0.756857142857143, 0.7548000000000001, 0.756857142857143, 0.756857142857143, 0.756857142857143, 0.756857142857143, 0.756857142857143, 0.7548000000000002, 0.6931505847953215, 0.6681753972925252, 0.7568571428571428, 0.756857142857143, 0.756857142857143, 0.756857142857143, 0.756857142857143, 0.7548000000000002, 0.6931505847953215, 0.6681753972925251, 0.7568571428571428, 0.7568571428571428, 0.7568571428571428, 0.7548000000000002, 0.6931505847953215, 0.6681753972925252, 0.7568571428571428, 0.7568571428571428, 0.7568571428571428, 0.7548000000000002, 0.6931505847953215, 0.6681753972925252, 0.7568571428571428, 0.7568571428571428, 0.7568571428571428, 0.7548000000000002, 0.6931505847953215, 0.6681753972925252, 0.7568571428571428, 0.7568571428571428, 0.7568571428571428, 0.7548000000000002, 0.6931505847953215, 0.6681753972925252, 0.7568571428571428, 0.7568571428571428, 0.7568571428571428, 0.7548000000000002, 0.6931505847953215, 0.6681753972925252, 0.7568571428571428, 0.7568571428571428, 0.7568571428571428, 0.7548000000000002, 0.6931505847953215, 0.6681753972925252, 0.7568571428571428, 0.7568571428571428, 0.7568571428571428, 0.7548000000000002, 0.6931505847953215, 0.6681753972925252, 0.756857142857143, 0.756857142857143, 0.756857142857143, 0.7547999999999999, 0.6931505847953212, 0.6681753972925252, 0.756857142857143, 0.7568571428571429, 0.7568571428571429, 0.7548000000000002, 0.6931505847953215, 0.7568571428571429, 0.7568571428571429, 0.756857142857143, 0.756857142857143, 0.756857142857143, 0.756857142857143, 0.7548000000000002, 0.6931505847953215], "mutation_rate_values": [0.5025809218901568, 0.3858914334316184, 0.39046962983895833, 0.3708220544313849, 0.40245631812039845, 0.4023094651767507, 0.39762624201335356, 0.38378682848577333, 0.36288093864287574, 0.36237958964872935, 0.4079215328526358, 0.4501430486483497, 0.42229203888013767, 0.46018149207484815, 0.4112572491068206, 0.2652832236035398, 0.41244401956865046, 0.5460214290695748, 0.44869924284249224, 0.42321084774314577, 0.38270205463785995, 0.39225937240030545, 0.396056823946628, 0.4129967564100066, 0.40414710330334275, 0.3209611578314005, 0.3945251702730271, 0.39924557400533417, 0.4271287270467566, 0.3967403984424388, 0.4116349159673441, 0.5254765156726408, 0.5055371913051981, 0.43115308091374727, 0.4049129386867358, 0.2734668771815324, 0.49306043687347206, 0.36836957006190196, 0.45458211399995785, 0.514342545649929, 0.22649300614388096, 0.22649300614388096, 0.22649300614388096, 0.22649300614388096, 0.35958209798239354, 0.35958209798239354, 0.35958209798239354, 0.34819662088756453, 0.34819662088756453, 0.34819662088756453, 0.34819662088756453, 0.49428272455718947, 0.44459959676753413, 0.44459959676753413, 0.4660244235221188, 0.4660244235221188, 0.4660244235221188, 0.4660244235221188, 0.4660244235221188, 0.4660244235221188, 0.4660244235221188, 0.4660244235221188, 0.4660244235221188, 0.4660244235221188, 0.3937723438984173, 0.3937723438984173, 0.3937723438984173, 0.3937723438984173, 0.3937723438984173, 0.43429203777925734, 0.49590755755082644, 0.49590755755082644, 0.522851205417574, 0.5197154637112588, 0.36654558576391416, 0.7133921440586255, 0.22467194727267303, 0.5384957712375785, 0.1670896786242278, 0.5752457209637918, 0.30181409148202076, 0.49108780250534423, 0.38055627266432185, 0.37480566128218773, 0.44181248598920403, 0.4005707339543736, 0.33605934348419975, 0.3439357102367902, 0.3098570537366243, 0.3309346993112108, 0.20012180414507627, 0.27800092121438513, 0.3555528852420232, 0.46385818372694876, 0.39292210045316334, 0.5010164334861978, 0.4516525071550142, 0.4389101048574478, 0.37699973503740847, 0.43191362994782845, 0.5194753236724738], "best_fitness_seen_values": [0.87, 0.87, 0.87, 0.87, 0.87, 0.87, 0.87, 0.87, 0.87, 0.87, 0.87, 0.87, 0.87, 0.87, 0.87, 0.87, 0.87, 0.87, 0.87, 0.87, 0.87, 0.87, 0.87, 0.87, 0.87, 0.87, 0.87, 0.87, 0.87, 0.87, 0.87, 0.87, 0.87, 0.87, 0.87, 0.87, 0.87, 0.87, 0.87, 0.87, 0.87, 0.87, 0.87, 0.87, 0.87, 0.87, 0.87, 0.87, 0.87, 0.87, 0.87, 0.87, 0.87, 0.87, 0.87, 0.87, 0.87, 0.87, 0.87, 0.87, 0.87, 0.87, 0.87, 0.87, 0.87, 0.87, 0.87, 0.87, 0.87, 0.87, 0.87, 0.87, 0.87, 0.87, 0.87, 0.87, 0.87, 0.87, 0.87, 0.87, 0.87, 0.87, 0.87, 0.87, 0.87, 0.87, 0.87, 0.87, 0.87, 0.87, 0.87, 0.87, 0.87, 0.87, 0.87, 0.87, 0.87, 0.87, 0.87, 0.87, 0.87], "time_execution": 6443.6544120000035}