{"generation_number_values": [1, 2, 3, 4, 5, 6, 7, 8, 9, 10, 11, 12, 13, 14, 15, 16, 17, 18, 19, 20, 21, 22, 23, 24, 25, 26, 27, 28, 29, 30, 31, 32, 33, 34, 35, 36, 37, 38, 39, 40, 41, 42, 43, 44, 45, 46, 47, 48, 49, 50, 51, 52, 53, 54, 55, 56, 57, 58, 59, 60, 61, 62, 63, 64, 65, 66, 67, 68, 69, 70, 71, 72, 73, 74, 75, 76, 77, 78, 79, 80, 81, 82, 83, 84, 85, 86, 87, 88, 89, 90, 91, 92, 93, 94, 95, 96, 97, 98, 99, 100, 101, 102, 103, 104, 105, 106, 107, 108, 109, 110, 111, 112, 113], "population_size_values": [543, 436, 414, 412, 330, 264, 212, 144, 116, 119, 96, 77, 107, 87, 71, 44, 36, 29, 36, 29, 60, 48, 46, 37, 31, 25, 31, 26, 6, 2, 2, 2, 2, 2, 2, 2, 2, 2, 2, 2, 2, 2, 2, 2, 2, 2, 143, 116, 93, 76, 63, 52, 42, 28, 14, 10, 6, 4, 14, 24, 47, 58, 47, 39, 32, 24, 52, 42, 34, 28, 23, 20, 20, 16, 42, 64, 52, 42, 34, 34, 28, 23, 18, 13, 9, 6, 5, 11, 23, 20, 16, 13, 12, 8, 14, 25, 31, 37, 31, 26, 17, 14, 28, 23, 20, 16, 11, 10, 54, 44, 30, 41, 34], "generation_fitness_values": [0.81, 0.81, 0.82, 0.84, 0.84, 0.84, 0.82, 0.82, 0.82, 0.84, 0.84, 0.81, 0.86, 0.82, 0.82, 0.82, 0.82, 0.81, 0.82, 0.81, 0.86, 0.81, 0.82, 0.82, 0.82, 0.8, 0.81, 0.81, 0.8, 0.8, 0.8, 0.8, 0.56, 0.56, 0.56, 0.56, 0.54, 0.54, 0.54, 0.54, 0.54, 0.54, 0.54, 0.54, 0.54, 0.54, 0.82, 0.82, 0.81, 0.81, 0.82, 0.81, 0.81, 0.81, 0.81, 0.81, 0.73, 0.72, 0.75, 0.78, 0.82, 0.84, 0.81, 0.79, 0.78, 0.76, 0.81, 0.81, 0.81, 0.77, 0.77, 0.77, 0.72, 0.72, 0.78, 0.82, 0.82, 0.81, 0.79, 0.8, 0.79, 0.79, 0.77, 0.77, 0.77, 0.74, 0.74, 0.77, 0.79, 0.79, 0.77, 0.77, 0.77, 0.75, 0.77, 0.79, 0.8, 0.81, 0.81, 0.81, 0.81, 0.79, 0.82, 0.81, 0.81, 0.81, 0.73, 0.73, 0.81, 0.75, 0.74, 0.79, 0.79], "crossover_rate_values": [0.7563609958506229, 0.7531389961389988, 0.7531389961389984, 0.7513880597014951, 0.7537031249999985, 0.753703125000001, 0.7537031250000009, 0.7537031250000008, 0.6931505847953209, 0.6702491803278692, 0.7537031250000007, 0.7537031250000005, 0.7537031250000005, 0.7558524590163949, 0.7558524590163948, 0.7558524590163945, 0.7547999999999999, 0.6931505847953212, 0.6687720364741646, 0.7558524590163939, 0.7558524590163939, 0.7558524590163943, 0.7558524590163941, 0.755852459016394, 0.7558524590163939, 0.7558524590163939, 0.7548000000000001, 0.7558524590163939, 0.7558524590163939, 0.7558524590163939, 0.7548000000000002, 0.6931505847953215, 0.6687720364741644, 0.7558524590163939, 0.7558524590163939, 0.7558524590163939, 0.7548000000000002, 0.6931505847953215, 0.6687720364741644, 0.7558524590163939, 0.7558524590163939, 0.7558524590163939, 0.7548000000000002, 0.6931505847953215, 0.6687720364741644, 0.7558524590163939, 0.7558524590163939, 0.7558524590163951, 0.7558524590163949, 0.7558524590163948, 0.7547999999999998, 0.7558524590163944, 0.7558524590163942, 0.7558524590163939, 0.7548000000000001, 0.6931505847953215, 0.6687720364741644, 0.7558524590163939, 0.7558524590163939, 0.7558524590163939, 0.7558524590163939, 0.7558524590163941, 0.7558524590163943, 0.7558524590163941, 0.7558524590163939, 0.7548, 0.6931505847953215, 0.7558524590163942, 0.7558524590163939, 0.7558524590163939, 0.7548000000000001, 0.6931505847953215, 0.6687720364741645, 0.7558524590163939, 0.7558524590163939, 0.7558524590163939, 0.7558524590163944, 0.7558524590163942, 0.7558524590163939, 0.7548, 0.7558524590163939, 0.7558524590163939, 0.7558524590163939, 0.7548000000000002, 0.6931505847953215, 0.6687720364741644, 0.7558524590163939, 0.7558524590163939, 0.7558524590163939, 0.7558524590163939, 0.7558524590163939, 0.7558524590163939, 0.7548000000000002, 0.6931505847953215, 0.6687720364741644, 0.7558524590163939, 0.7558524590163939, 0.7558524590163939, 0.7558524590163939, 0.7558524590163939, 0.7558524590163939, 0.7548000000000002, 0.6931505847953215, 0.7558524590163939, 0.7558524590163939, 0.7558524590163939, 0.7548000000000002, 0.6931505847953215, 0.6687720364741644, 0.7558524590163942, 0.7558524590163939, 0.7558524590163939, 0.7558524590163939], "mutation_rate_values": [0.49189864574564024, 0.4080871459226608, 0.412817157045489, 0.39600801778141054, 0.3940707687212287, 0.37967450374185513, 0.4254491598544089, 0.3691021443720823, 0.37021903408822643, 0.4081719016152844, 0.39959723176365797, 0.3740988666245496, 0.4716683345691493, 0.3832826471734902, 0.3738685055364169, 0.3319230815540308, 0.3605792626066654, 0.3458766722474221, 0.5065056519548524, 0.36419565425942824, 0.4558598731133013, 0.3898532347051838, 0.3967728587150539, 0.36255402496272165, 0.4333846717719715, 0.35998864796426394, 0.4835962184847869, 0.3342245324820182, 0.10799019291162441, 0.21252820116580565, 0.21252820116580565, 0.00945869272475043, 0.35817982874982124, 0.19372468543513793, 0.44998583853221286, 0.07651258292937556, 0.894748662730612, 0.894748662730612, 0.894748662730612, 0.1720964868110073, 0.18662118074499878, 0.5106328855737363, 0.3994432971247512, 0.4121058723651055, 0.029556900261504503, 0.7195356584488253, 0.5001937763325511, 0.4350138230174537, 0.39705448446728486, 0.4254368888470496, 0.4374950273103895, 0.3227701550330869, 0.3537001925536121, 0.3873858296987624, 0.32732741296546763, 0.4339143330066185, 0.35053209242930716, 0.6119901160275969, 0.5328439698053635, 0.5196738980290619, 0.43019736430579275, 0.47985037861634655, 0.35861923624506015, 0.3788656831359966, 0.4408495174254895, 0.4678904397268369, 0.4377506542548411, 0.5012671447112526, 0.4574530182744487, 0.5401708111443756, 0.41141340675565313, 0.5169310063374255, 0.39674560665998304, 0.3892034564456098, 0.42000050925313526, 0.382912646136983, 0.3604892005701285, 0.39958525079817214, 0.4001094648224146, 0.37794644165309743, 0.45115789085154295, 0.40482254732798795, 0.4266640223974341, 0.453538366401834, 0.3488299901912046, 0.3329836083713275, 0.2886347175532388, 0.43042525350375577, 0.3653474725025748, 0.4267114259890306, 0.386336663356758, 0.3919354740898663, 0.33007671753937595, 0.3218045906648228, 0.5022095788743606, 0.43551482687649595, 0.36828167627744607, 0.38242144708211323, 0.4661066200359876, 0.37571402274679677, 0.4253400760580494, 0.46349387839529094, 0.6036598824765005, 0.4058038850195983, 0.45699501472649323, 0.3684532997542016, 0.3966158821317793, 0.4444189182492919, 0.5217260599050036, 0.39493503778859296, 0.3550160602179761, 0.4081816713009876, 0.2575797154463089], "best_fitness_seen_values": [0.81, 0.81, 0.82, 0.84, 0.84, 0.84, 0.84, 0.84, 0.84, 0.84, 0.84, 0.84, 0.86, 0.86, 0.86, 0.86, 0.86, 0.86, 0.86, 0.86, 0.86, 0.86, 0.86, 0.86, 0.86, 0.86, 0.86, 0.86, 0.86, 0.86, 0.86, 0.86, 0.86, 0.86, 0.86, 0.86, 0.86, 0.86, 0.86, 0.86, 0.86, 0.86, 0.86, 0.86, 0.86, 0.86, 0.86, 0.86, 0.86, 0.86, 0.86, 0.86, 0.86, 0.86, 0.86, 0.86, 0.86, 0.86, 0.86, 0.86, 0.86, 0.86, 0.86, 0.86, 0.86, 0.86, 0.86, 0.86, 0.86, 0.86, 0.86, 0.86, 0.86, 0.86, 0.86, 0.86, 0.86, 0.86, 0.86, 0.86, 0.86, 0.86, 0.86, 0.86, 0.86, 0.86, 0.86, 0.86, 0.86, 0.86, 0.86, 0.86, 0.86, 0.86, 0.86, 0.86, 0.86, 0.86, 0.86, 0.86, 0.86, 0.86, 0.86, 0.86, 0.86, 0.86, 0.86, 0.86, 0.86, 0.86, 0.86, 0.86, 0.86], "time_execution": 10356.50166900002}