{"generation_number_values": [1, 2, 3, 4, 5, 6, 7, 8, 9, 10, 11, 12, 13, 14, 15, 16, 17, 18, 19, 20, 21, 22, 23, 24, 25, 26, 27, 28, 29, 30, 31, 32, 33, 34, 35, 36, 37, 38, 39, 40, 41, 42, 43, 44, 45, 46, 47, 48, 49, 50, 51, 52, 53, 54, 55, 56, 57, 58, 59, 60, 61, 62, 63, 64, 65, 66, 67, 68, 69, 70, 71, 72, 73, 74, 75, 76, 77, 78, 79, 80, 81, 82, 83, 84, 85, 86, 87, 88, 89, 90, 91, 92, 93, 94, 95, 96, 97, 98, 99, 100, 101, 102, 103, 104, 105], "population_size_values": [555, 445, 357, 287, 252, 202, 162, 130, 104, 84, 74, 60, 48, 43, 36, 29, 24, 35, 29, 24, 15, 13, 12, 22, 45, 37, 57, 47, 39, 32, 26, 28, 23, 20, 22, 18, 22, 18, 15, 21, 33, 39, 32, 13, 6, 3, 3, 3, 3, 3, 3, 3, 3, 2, 2, 2, 2, 2, 2, 2, 2, 2, 2, 2, 2, 2, 2, 2, 2, 2, 2, 2, 2, 2, 2, 2, 2, 2, 2, 2, 2, 2, 2, 2, 2, 2, 2, 2, 2, 2, 2, 2, 2, 2, 2, 2, 2, 2, 2, 2, 2, 2, 2, 2, 2], "generation_fitness_values": [0.85, 0.85, 0.85, 0.85, 0.87, 0.87, 0.87, 0.87, 0.87, 0.87, 0.87, 0.85, 0.83, 0.84, 0.84, 0.81, 0.8, 0.83, 0.83, 0.79, 0.79, 0.79, 0.75, 0.77, 0.81, 0.81, 0.85, 0.85, 0.85, 0.83, 0.81, 0.83, 0.83, 0.79, 0.81, 0.81, 0.82, 0.8, 0.77, 0.78, 0.8, 0.81, 0.81, 0.8, 0.8, 0.8, 0.8, 0.8, 0.8, 0.8, 0.8, 0.8, 0.8, 0.8, 0.8, 0.8, 0.8, 0.8, 0.8, 0.8, 0.8, 0.8, 0.8, 0.8, 0.8, 0.8, 0.8, 0.8, 0.8, 0.8, 0.8, 0.8, 0.8, 0.8, 0.8, 0.8, 0.8, 0.8, 0.8, 0.8, 0.8, 0.8, 0.8, 0.8, 0.8, 0.8, 0.8, 0.8, 0.8, 0.8, 0.8, 0.8, 0.8, 0.8, 0.8, 0.8, 0.8, 0.8, 0.8, 0.8, 0.8, 0.8, 0.8, 0.8, 0.8], "crossover_rate_values": [0.7513880597014928, 0.754799999999997, 0.754799999999999, 0.7548000000000015, 0.754800000000002, 0.756857142857143, 0.756857142857143, 0.756857142857143, 0.7548000000000008, 0.6931505847953215, 0.6681753972925255, 0.756857142857143, 0.756857142857143, 0.756857142857143, 0.756857142857143, 0.756857142857143, 0.756857142857143, 0.7548000000000002, 0.756857142857143, 0.756857142857143, 0.756857142857143, 0.7548000000000002, 0.6931505847953215, 0.6681753972925252, 0.756857142857143, 0.756857142857143, 0.756857142857143, 0.756857142857143, 0.756857142857143, 0.756857142857143, 0.7548, 0.6931505847953214, 0.756857142857143, 0.756857142857143, 0.7568571428571429, 0.756857142857143, 0.7568571428571429, 0.756857142857143, 0.7568571428571429, 0.7568571428571429, 0.756857142857143, 0.756857142857143, 0.756857142857143, 0.756857142857143, 0.7568571428571429, 0.7548000000000002, 0.6931505847953215, 0.6681753972925252, 0.7568571428571428, 0.7568571428571428, 0.7568571428571428, 0.7548000000000002, 0.6931505847953215, 0.6681753972925252, 0.7568571428571428, 0.7568571428571428, 0.7568571428571428, 0.7548000000000002, 0.6931505847953215, 0.6681753972925252, 0.7568571428571428, 0.7568571428571428, 0.7568571428571428, 0.7548000000000002, 0.6931505847953215, 0.6681753972925252, 0.7568571428571428, 0.7568571428571428, 0.7568571428571428, 0.7548000000000002, 0.6931505847953215, 0.6681753972925252, 0.7568571428571428, 0.7568571428571428, 0.7568571428571428, 0.7548000000000002, 0.6931505847953215, 0.6681753972925252, 0.7568571428571428, 0.7568571428571428, 0.7568571428571428, 0.7548000000000002, 0.6931505847953215, 0.6681753972925252, 0.7568571428571428, 0.7568571428571428, 0.7568571428571428, 0.7548000000000002, 0.6931505847953215, 0.6681753972925252, 0.7568571428571428, 0.7568571428571428, 0.7568571428571428, 0.7548000000000002, 0.6931505847953215, 0.6681753972925252, 0.7568571428571428, 0.7568571428571428, 0.7568571428571428, 0.7548000000000002, 0.6931505847953215, 0.6681753972925252, 0.7568571428571428, 0.7568571428571428, 0.7568571428571428], "mutation_rate_values": [0.48562402648088254, 0.39714676413698524, 0.39233701920278885, 0.4049818165983434, 0.3887328241553237, 0.4041321644215652, 0.4198612491288742, 0.4262037717551851, 0.4631031331053211, 0.3567998151803143, 0.36646752098511665, 0.365780750171848, 0.38174737945594983, 0.4404662093575661, 0.33830075891376765, 0.3717019276104116, 0.42066073481437255, 0.38333223414295264, 0.3086206723028052, 0.26754083675701706, 0.4114614805822964, 0.3845354343530073, 0.43841404769160935, 0.2834742990977983, 0.48810011705886364, 0.4359870755824977, 0.5192987137855899, 0.41251823429257073, 0.38904932320658264, 0.4129078654357404, 0.4076472187792511, 0.4277555432347639, 0.3687759575617295, 0.35810012390438056, 0.4536338158257823, 0.4000706754291625, 0.38206519828067265, 0.3561210063516594, 0.39050958872303804, 0.383808985094236, 0.3871938242709656, 0.38209369651394054, 0.34009385754658517, 0.43470097251188666, 0.5105630833782312, 0.5146261036803287, 0.5272917264447444, 0.5272917264447444, 0.5137586705410594, 0.5137586705410594, 0.5137586705410594, 0.5137586705410594, 0.5081087748341755, 0.42186548221917575, 0.42186548221917575, 0.38853123244412857, 0.38853123244412857, 0.38853123244412857, 0.42213494565827686, 0.34835101204917013, 0.33456999835943163, 0.302868269695422, 0.32240241988977714, 0.32240241988977714, 0.32240241988977714, 0.3334542511602768, 0.3334542511602768, 0.3334542511602768, 0.3334542511602768, 0.3334542511602768, 0.3334542511602768, 0.3334542511602768, 0.3334542511602768, 0.3334542511602768, 0.3334542511602768, 0.3334542511602768, 0.3334542511602768, 0.35165019676482073, 0.35165019676482073, 0.35165019676482073, 0.35165019676482073, 0.35165019676482073, 0.3733707198823215, 0.3733707198823215, 0.3733707198823215, 0.3733707198823215, 0.3733707198823215, 0.3547560191667195, 0.22684731630912283, 0.19441460821043927, 0.19441460821043927, 0.19441460821043927, 0.2107152273995344, 0.20233766860515925, 0.20233766860515925, 0.20233766860515925, 0.20233766860515925, 0.20233766860515925, 0.14900291636288956, 0.14900291636288956, 0.14900291636288956, 0.09981284590605807, 0.13074381711452118, 0.13074381711452118, 0.13074381711452118], "best_fitness_seen_values": [0.85, 0.85, 0.85, 0.85, 0.87, 0.87, 0.87, 0.87, 0.87, 0.87, 0.87, 0.87, 0.87, 0.87, 0.87, 0.87, 0.87, 0.87, 0.87, 0.87, 0.87, 0.87, 0.87, 0.87, 0.87, 0.87, 0.87, 0.87, 0.87, 0.87, 0.87, 0.87, 0.87, 0.87, 0.87, 0.87, 0.87, 0.87, 0.87, 0.87, 0.87, 0.87, 0.87, 0.87, 0.87, 0.87, 0.87, 0.87, 0.87, 0.87, 0.87, 0.87, 0.87, 0.87, 0.87, 0.87, 0.87, 0.87, 0.87, 0.87, 0.87, 0.87, 0.87, 0.87, 0.87, 0.87, 0.87, 0.87, 0.87, 0.87, 0.87, 0.87, 0.87, 0.87, 0.87, 0.87, 0.87, 0.87, 0.87, 0.87, 0.87, 0.87, 0.87, 0.87, 0.87, 0.87, 0.87, 0.87, 0.87, 0.87, 0.87, 0.87, 0.87, 0.87, 0.87, 0.87, 0.87, 0.87, 0.87, 0.87, 0.87, 0.87, 0.87, 0.87, 0.87], "time_execution": 6054.033678999986}