{"generation_number_values": [1, 2], "population_size_values": [7, 7], "generation_fitness_values": [0.54, 0.54], "crossover_rate_values": [0.7492880610149604, 0.7448137121005192], "mutation_rate_values": [0.4213929217230722, 0.4416721383843217], "best_fitness_seen_values": [0.54, 0.54], "time_execution": 20.818853000000004}