{"generation_number_values": [1, 2], "population_size_values": [5, 4], "generation_fitness_values": [0.51, 0.51], "crossover_rate_values": [0.7487478564162188, 0.7465310528529369], "mutation_rate_values": [0.29204947021265476, 0.4044838799368433], "best_fitness_seen_values": [0.51, 0.51], "time_execution": 19.090919}