{"generation_number_values": [1, 2, 3, 4, 5, 6, 7, 8, 9, 10, 11, 12, 13, 14, 15, 16, 17, 18, 19, 20, 21, 22, 23, 24, 25, 26, 27, 28, 29, 30, 31, 32, 33, 34, 35, 36, 37, 38, 39, 40, 41, 42, 43, 44, 45, 46, 47, 48, 49, 50, 51, 52, 53, 54, 55, 56, 57, 58, 59, 60, 61, 62, 63, 64, 65, 66, 67, 68, 69, 70, 71, 72, 73, 74, 75, 76, 77, 78, 79, 80, 81, 82, 83, 84, 85, 86, 87, 88, 89, 90, 91, 92, 93, 94, 95, 96, 97, 98, 99, 100, 101, 102, 103, 104, 105, 106, 107], "population_size_values": [556, 445, 434, 348, 279, 220, 220, 176, 141, 114, 92, 74, 79, 64, 52, 39, 32, 21, 9, 7, 3, 3, 3, 2, 2, 2, 2, 2, 2, 2, 2, 2, 13, 12, 10, 20, 37, 31, 26, 35, 29, 24, 20, 16, 12, 8, 5, 3, 15, 13, 9, 8, 6, 6, 3, 2, 2, 2, 2, 2, 13, 12, 9, 8, 4, 4, 3, 3, 2, 2, 2, 2, 13, 12, 10, 7, 7, 7, 6, 12, 10, 26, 21, 18, 13, 12, 18, 50, 40, 32, 26, 21, 18, 23, 20, 16, 13, 34, 28, 23, 19, 16, 30, 24, 20, 16, 34], "generation_fitness_values": [0.85, 0.85, 0.87, 0.87, 0.87, 0.87, 0.89, 0.89, 0.89, 0.89, 0.85, 0.85, 0.87, 0.87, 0.87, 0.87, 0.85, 0.85, 0.85, 0.78, 0.78, 0.78, 0.78, 0.78, 0.78, 0.73, 0.73, 0.73, 0.73, 0.73, 0.73, 0.73, 0.81, 0.79, 0.79, 0.82, 0.85, 0.83, 0.83, 0.85, 0.85, 0.85, 0.85, 0.85, 0.85, 0.85, 0.85, 0.83, 0.85, 0.85, 0.84, 0.84, 0.82, 0.82, 0.8, 0.8, 0.63, 0.63, 0.63, 0.63, 0.78, 0.78, 0.78, 0.78, 0.78, 0.78, 0.76, 0.76, 0.76, 0.76, 0.76, 0.73, 0.85, 0.85, 0.85, 0.83, 0.79, 0.79, 0.79, 0.81, 0.79, 0.82, 0.81, 0.81, 0.75, 0.75, 0.77, 0.83, 0.82, 0.8, 0.8, 0.8, 0.8, 0.81, 0.78, 0.78, 0.78, 0.82, 0.79, 0.79, 0.8, 0.8, 0.83, 0.83, 0.83, 0.81, 0.85], "crossover_rate_values": [0.7513880597014928, 0.754799999999997, 0.754799999999999, 0.756857142857143, 0.756857142857143, 0.756857142857143, 0.7548000000000017, 0.7587079646017688, 0.7587079646017689, 0.758707964601769, 0.7548000000000006, 0.6931505847953219, 0.667203342618385, 0.7587079646017694, 0.7587079646017696, 0.7587079646017698, 0.7547999999999999, 0.6931505847953213, 0.6672033426183849, 0.75870796460177, 0.75870796460177, 0.75870796460177, 0.7548000000000002, 0.6931505847953215, 0.6672033426183848, 0.75870796460177, 0.75870796460177, 0.75870796460177, 0.7548000000000002, 0.6931505847953215, 0.6672033426183848, 0.75870796460177, 0.75870796460177, 0.7587079646017701, 0.7587079646017701, 0.75870796460177, 0.7587079646017701, 0.7587079646017701, 0.7587079646017701, 0.7587079646017701, 0.7587079646017701, 0.7587079646017701, 0.7587079646017701, 0.7548000000000002, 0.6931505847953215, 0.6672033426183849, 0.75870796460177, 0.7587079646017699, 0.75870796460177, 0.7587079646017701, 0.7587079646017701, 0.75870796460177, 0.7548000000000002, 0.6931505847953215, 0.6672033426183847, 0.75870796460177, 0.75870796460177, 0.75870796460177, 0.7548000000000002, 0.6931505847953215, 0.6672033426183848, 0.7587079646017701, 0.7587079646017701, 0.75870796460177, 0.7548000000000002, 0.6931505847953215, 0.6672033426183848, 0.75870796460177, 0.75870796460177, 0.75870796460177, 0.7548000000000002, 0.6931505847953215, 0.6672033426183848, 0.7587079646017701, 0.7587079646017701, 0.75870796460177, 0.7548000000000002, 0.6931505847953215, 0.6672033426183848, 0.7587079646017699, 0.7587079646017701, 0.75870796460177, 0.7587079646017701, 0.7587079646017701, 0.7587079646017701, 0.7548000000000002, 0.6931505847953215, 0.7587079646017701, 0.7587079646017699, 0.7587079646017701, 0.7587079646017701, 0.7548000000000001, 0.6931505847953215, 0.6672033426183849, 0.7587079646017701, 0.7587079646017701, 0.7587079646017701, 0.7548000000000002, 0.7587079646017701, 0.7587079646017701, 0.7587079646017701, 0.7587079646017701, 0.7587079646017701, 0.7587079646017701, 0.7587079646017701, 0.7587079646017701, 0.7548000000000002], "mutation_rate_values": [0.4812306702118708, 0.39929664258300746, 0.42774011721254934, 0.4113837152022546, 0.41663288839649754, 0.4058632974934353, 0.421795028364578, 0.38992216034977206, 0.34953535789747375, 0.4363353221536394, 0.3828375747683561, 0.37567954355151906, 0.3838552372702645, 0.4112083638039856, 0.4130972988424881, 0.4412483658446916, 0.4140096164542754, 0.41203033877353323, 0.33753480097694816, 0.2621049485672563, 0.20127869169635482, 0.20127869169635482, 0.20127869169635482, 0.25515380560528494, 0.5151946758033632, 0.9468218907348027, 0.5213514560428701, 0.7078819691296931, 0.3947456601646119, 0.2696743221260106, 0.4501950169683365, 0.07320464524687906, 0.6359001167185508, 0.3169755785224194, 0.3179832227809723, 0.5186294712506739, 0.4687020389597011, 0.3121248239283513, 0.347037688032367, 0.4294282112079469, 0.32653940967058187, 0.3357848793626488, 0.3510265292675316, 0.39640799121490183, 0.31509761648003215, 0.36788359057192255, 0.3924956163936189, 0.38862800224737226, 0.37356876044132303, 0.407310101801071, 0.3491520833806179, 0.36261643716074876, 0.3362425008273708, 0.3362425008273708, 0.349141657248649, 0.44246172723498733, 0.398433963686677, 0.8571310134261217, 0.6318395339342369, 0.7561056181561105, 0.4890917826244563, 0.5132492352366139, 0.4378433079788981, 0.3101112148463729, 0.3092733052233489, 0.38174909065833695, 0.3661991964759789, 0.4605267431574978, 0.24065609118947845, 0.36705440063681893, 0.547904983778702, 0.5211789609636011, 0.5189139392024671, 0.383397077384862, 0.24706517494050712, 0.3364428937973876, 0.20571277415876882, 0.1807507968121151, 0.4197619036703053, 0.49041778911990813, 0.35921223870145613, 0.4399257029160836, 0.34224856278176174, 0.43267181119699344, 0.35386573303757707, 0.35149652351817035, 0.5048054695241224, 0.41867341847824285, 0.41026957162525146, 0.3798871492376289, 0.3379289408466001, 0.4578310425842213, 0.31001554141991206, 0.5329481121040104, 0.37911783213701666, 0.36167027875175584, 0.47586678173593305, 0.5380717437462167, 0.47588669675595463, 0.35894666580901047, 0.35964185139709676, 0.40159188229120935, 0.4562599953540604, 0.4242103417072494, 0.37726297179657087, 0.374662279530145, 0.5114158189407346], "best_fitness_seen_values": [0.85, 0.85, 0.87, 0.87, 0.87, 0.87, 0.89, 0.89, 0.89, 0.89, 0.89, 0.89, 0.89, 0.89, 0.89, 0.89, 0.89, 0.89, 0.89, 0.89, 0.89, 0.89, 0.89, 0.89, 0.89, 0.89, 0.89, 0.89, 0.89, 0.89, 0.89, 0.89, 0.89, 0.89, 0.89, 0.89, 0.89, 0.89, 0.89, 0.89, 0.89, 0.89, 0.89, 0.89, 0.89, 0.89, 0.89, 0.89, 0.89, 0.89, 0.89, 0.89, 0.89, 0.89, 0.89, 0.89, 0.89, 0.89, 0.89, 0.89, 0.89, 0.89, 0.89, 0.89, 0.89, 0.89, 0.89, 0.89, 0.89, 0.89, 0.89, 0.89, 0.89, 0.89, 0.89, 0.89, 0.89, 0.89, 0.89, 0.89, 0.89, 0.89, 0.89, 0.89, 0.89, 0.89, 0.89, 0.89, 0.89, 0.89, 0.89, 0.89, 0.89, 0.89, 0.89, 0.89, 0.89, 0.89, 0.89, 0.89, 0.89, 0.89, 0.89, 0.89, 0.89, 0.89, 0.89], "time_execution": 6818.377596000035}