{"generation_number_values": [1, 2], "population_size_values": [9, 5], "generation_fitness_values": [0.69, 0.69], "crossover_rate_values": [0.7492880610149604, 0.7633333333333335], "mutation_rate_values": [0.41441302866154905, 0.3784454424011704], "best_fitness_seen_values": [0.69, 0.69], "time_execution": 21.878014}