{"generation_number_values": [1, 2, 3, 4, 5, 6, 7, 8, 9, 10, 11, 12, 13, 14, 15, 16, 17, 18, 19, 20, 21, 22, 23, 24, 25, 26, 27, 28, 29, 30, 31, 32, 33, 34, 35, 36, 37, 38, 39, 40, 41, 42, 43, 44, 45, 46, 47, 48, 49, 50, 51, 52, 53, 54, 55, 56, 57, 58, 59, 60, 61, 62, 63, 64, 65, 66, 67, 68, 69, 70, 71, 72, 73, 74, 75, 76, 77, 78, 79, 80, 81, 82, 83, 84, 85, 86, 87, 88, 89, 90, 91, 92, 93, 94, 95, 96, 97, 98, 99, 100, 101, 102, 103, 104, 105, 106, 107, 108, 109, 110, 111, 112, 113, 114, 115, 116, 117, 118, 119, 120, 121, 122, 123, 124, 125, 126, 127, 128, 129, 130, 131, 132, 133, 134, 135, 136, 137, 138, 139, 140, 141], "population_size_values": [556, 568, 455, 365, 293, 227, 183, 156, 160, 128, 124, 100, 80, 64, 52, 57, 47, 39, 32, 26, 19, 18, 14, 12, 16, 33, 45, 57, 47, 39, 20, 6, 4, 4, 4, 15, 13, 31, 55, 45, 63, 52, 42, 45, 37, 31, 26, 21, 18, 17, 28, 23, 20, 14, 3, 3, 3, 3, 3, 3, 3, 3, 2, 2, 2, 13, 36, 47, 39, 46, 37, 31, 26, 31, 26, 21, 16, 9, 9, 2, 2, 2, 2, 2, 2, 2, 2, 2, 2, 2, 2, 2, 2, 2, 29, 24, 20, 16, 13, 39, 32, 26, 18, 15, 8, 4, 3, 4, 3, 9, 8, 7, 6, 54, 64, 74, 60, 48, 51, 57, 47, 39, 44, 36, 24, 29, 24, 20, 16, 12, 12, 10, 8, 7, 28, 23, 29, 24, 7, 4, 14], "generation_fitness_values": [0.85, 0.87, 0.87, 0.87, 0.87, 0.87, 0.87, 0.85, 0.87, 0.85, 0.87, 0.87, 0.87, 0.83, 0.83, 0.85, 0.81, 0.81, 0.81, 0.81, 0.81, 0.81, 0.78, 0.77, 0.78, 0.81, 0.83, 0.85, 0.83, 0.83, 0.82, 0.78, 0.78, 0.78, 0.78, 0.8, 0.78, 0.81, 0.85, 0.85, 0.89, 0.85, 0.85, 0.87, 0.87, 0.87, 0.87, 0.87, 0.87, 0.87, 0.89, 0.89, 0.89, 0.82, 0.82, 0.82, 0.82, 0.82, 0.82, 0.82, 0.82, 0.82, 0.82, 0.82, 0.77, 0.79, 0.83, 0.85, 0.81, 0.83, 0.83, 0.83, 0.83, 0.85, 0.85, 0.85, 0.81, 0.8, 0.8, 0.78, 0.78, 0.78, 0.78, 0.78, 0.78, 0.78, 0.78, 0.58, 0.58, 0.58, 0.58, 0.58, 0.58, 0.58, 0.8, 0.78, 0.78, 0.78, 0.78, 0.83, 0.8, 0.8, 0.78, 0.75, 0.75, 0.75, 0.75, 0.75, 0.7, 0.73, 0.73, 0.7, 0.7, 0.81, 0.83, 0.85, 0.85, 0.81, 0.82, 0.83, 0.82, 0.82, 0.83, 0.83, 0.84, 0.85, 0.85, 0.84, 0.8, 0.8, 0.82, 0.82, 0.79, 0.78, 0.82, 0.82, 0.83, 0.83, 0.82, 0.82, 0.84], "crossover_rate_values": [0.7513880597014928, 0.754799999999997, 0.756857142857143, 0.756857142857143, 0.756857142857143, 0.754800000000002, 0.6931505847953202, 0.6681753972925238, 0.756857142857143, 0.756857142857143, 0.756857142857143, 0.756857142857143, 0.756857142857143, 0.756857142857143, 0.7547999999999998, 0.6931505847953213, 0.756857142857143, 0.756857142857143, 0.756857142857143, 0.7548, 0.6931505847953214, 0.6681753972925251, 0.7568571428571429, 0.7568571428571429, 0.7568571428571428, 0.7568571428571429, 0.756857142857143, 0.756857142857143, 0.756857142857143, 0.756857142857143, 0.756857142857143, 0.7548000000000002, 0.6931505847953215, 0.6681753972925252, 0.7568571428571428, 0.7568571428571428, 0.7568571428571429, 0.7568571428571429, 0.756857142857143, 0.756857142857143, 0.756857142857143, 0.7587079646017696, 0.7587079646017698, 0.7587079646017701, 0.75870796460177, 0.7587079646017701, 0.7587079646017701, 0.7548000000000001, 0.6931505847953215, 0.6672033426183849, 0.7587079646017701, 0.7587079646017701, 0.7587079646017701, 0.7587079646017701, 0.7548000000000002, 0.6931505847953215, 0.6672033426183848, 0.75870796460177, 0.75870796460177, 0.75870796460177, 0.7548000000000002, 0.6931505847953215, 0.6672033426183848, 0.75870796460177, 0.75870796460177, 0.75870796460177, 0.7587079646017701, 0.7587079646017701, 0.7587079646017699, 0.7587079646017701, 0.75870796460177, 0.7587079646017701, 0.7587079646017701, 0.7548000000000001, 0.7587079646017701, 0.7587079646017701, 0.7587079646017701, 0.7548000000000002, 0.6931505847953215, 0.6672033426183848, 0.75870796460177, 0.75870796460177, 0.75870796460177, 0.7548000000000002, 0.6931505847953215, 0.6672033426183848, 0.75870796460177, 0.75870796460177, 0.75870796460177, 0.7548000000000002, 0.6931505847953215, 0.6672033426183848, 0.75870796460177, 0.75870796460177, 0.75870796460177, 0.7587079646017701, 0.7587079646017701, 0.7587079646017701, 0.7548000000000002, 0.6931505847953215, 0.7587079646017701, 0.7587079646017701, 0.7587079646017701, 0.7548000000000002, 0.6931505847953215, 0.6672033426183848, 0.75870796460177, 0.75870796460177, 0.75870796460177, 0.7548000000000002, 0.75870796460177, 0.75870796460177, 0.75870796460177, 0.7548000000000002, 0.7587079646017698, 0.7587079646017696, 0.7587079646017695, 0.7587079646017697, 0.7587079646017699, 0.7587079646017698, 0.7587079646017697, 0.7587079646017699, 0.7587079646017701, 0.7587079646017701, 0.7587079646017701, 0.7587079646017701, 0.7587079646017701, 0.7587079646017701, 0.7587079646017701, 0.7548000000000002, 0.6931505847953215, 0.7587079646017701, 0.75870796460177, 0.75870796460177, 0.7548000000000002, 0.7587079646017701, 0.7587079646017701, 0.7587079646017701, 0.7587079646017701, 0.75870796460177, 0.7548000000000002], "mutation_rate_values": [0.478284457813713, 0.4222960447129396, 0.4109774349072609, 0.38725154260264427, 0.39012514117491626, 0.4380295860713649, 0.4182275024893306, 0.3965452221447272, 0.3814954260413154, 0.4262454424433553, 0.4032399823791122, 0.34733593809576463, 0.37230147534429797, 0.33232069904179706, 0.3837578757955647, 0.4372461533178663, 0.41735929713659786, 0.4368746301969995, 0.45453489138212705, 0.44476189050156784, 0.4655969325864962, 0.49729829300431955, 0.43929067342466027, 0.4785793322122965, 0.3854304196580153, 0.45219939257842684, 0.4357258899929196, 0.4830643666172612, 0.35517950003923965, 0.3967073122422814, 0.483062336641151, 0.4617287003799125, 0.5495593827709896, 0.4700468694247486, 0.43372738140035993, 0.42484010152394996, 0.2840504707899285, 0.36827510184734036, 0.40183844063901897, 0.4086955751868397, 0.43219990875178527, 0.34528572276243613, 0.3965848550110558, 0.41964743633545515, 0.38800907888520825, 0.33662127067661796, 0.3662983161225825, 0.33672492638815343, 0.3830107031639923, 0.5152324896636917, 0.40953770765733183, 0.41054255109756654, 0.3826772030318623, 0.3430686481525423, 0.27618749154142663, 0.27618749154142663, 0.2907170103936225, 0.2907170103936225, 0.2907170103936225, 0.2907170103936225, 0.2907170103936225, 0.2907170103936225, 0.1313499329398443, 0.49266309571149186, 0.5259530829669359, 0.4650364497445417, 0.410252400035797, 0.4608301602691206, 0.4577539795097988, 0.4809310354891255, 0.4572577230842077, 0.36806445708759333, 0.42027017315678344, 0.4753638709201249, 0.3325216578339857, 0.4399922454008715, 0.3712387114762886, 0.4569524199274945, 0.4569524199274945, 0.17306811718134565, 0.08985406758647436, 0.08985406758647436, 0.0708518566554938, 0.07677523600476242, 0.07677523600476242, 0.07677523600476242, 0.07677523600476242, 0.33054384372586365, 0.0560355253325072, 0.20182519691465517, 0.4484263369369109, 0.617669720566631, 0.48357370081789375, 0.2065282545602316, 0.421676238098564, 0.3898978366966401, 0.4157003434945251, 0.3953450319955023, 0.3293391980060821, 0.506943488292867, 0.31448273841738766, 0.2705903402641886, 0.37153307966611837, 0.23349060565742955, 0.41139370062554204, 0.48033407100071124, 0.2898025881607629, 0.5273009988843348, 0.722104810336937, 0.5142617617076594, 0.5418361997117652, 0.5070927123464911, 0.38492896857869713, 0.49885809106737106, 0.43491362329535205, 0.4307178268408563, 0.3748237206039999, 0.4972995368179411, 0.4627105536680436, 0.38363455471532576, 0.40539583754862274, 0.3802447901316607, 0.42202150341806627, 0.4021536789254607, 0.41226692547826965, 0.39004854247451787, 0.38382907790840015, 0.3721160546782276, 0.42986617224562845, 0.3579186220395234, 0.4372999009081051, 0.3510691616699099, 0.46992584334663706, 0.43747514202267246, 0.4645792073717184, 0.3651413242002109, 0.5073874273976744, 0.41820428669295556, 0.4824933174005404, 0.3029017680564239, 0.522657359353461],