{"generation_number_values": [1, 2], "population_size_values": [5, 5], "generation_fitness_values": [0.55, 0.55], "crossover_rate_values": [0.7487478564162188, 0.7456779661016951], "mutation_rate_values": [0.36332966442221826, 0.24920866987020865], "best_fitness_seen_values": [0.55, 0.55], "time_execution": 22.010572999999994}