{"generation_number_values": [1, 2, 3, 4, 5, 6, 7, 8, 9, 10, 11, 12, 13, 14, 15, 16, 17, 18, 19, 20, 21, 22, 23, 24, 25, 26, 27, 28, 29, 30, 31, 32, 33, 34, 35, 36, 37, 38, 39, 40, 41, 42, 43, 44, 45, 46, 47, 48, 49, 50, 51, 52, 53, 54, 55, 56, 57, 58, 59, 60, 61, 62, 63, 64, 65, 66, 67, 68, 69, 70, 71, 72, 73, 74, 75, 76, 77, 78, 79, 80, 81, 82, 83, 84, 85, 86, 87, 88, 89, 90, 91, 92, 93, 94, 95, 96, 97, 98, 99, 100, 101, 102, 103, 104, 105], "population_size_values": [531, 426, 341, 312, 318, 255, 205, 161, 130, 104, 107, 87, 71, 58, 47, 55, 45, 22, 17, 15, 3, 3, 3, 3, 4, 4, 4, 4, 4, 4, 4, 4, 4, 4, 4, 4, 4, 3, 3, 56, 45, 37, 47, 53, 59, 48, 30, 16, 11, 10, 25, 21, 14, 12, 10, 8, 7, 25, 36, 39, 32, 47, 39, 28, 28, 23, 20, 16, 24, 29, 51, 42, 34, 27, 23, 20, 20, 29, 24, 12, 7, 5, 5, 2, 2, 2, 2, 2, 2, 2, 2, 2, 2, 2, 2, 2, 2, 2, 2, 2, 2, 2, 2, 2, 2], "generation_fitness_values": [0.85, 0.85, 0.85, 0.87, 0.88, 0.86, 0.86, 0.85, 0.85, 0.85, 0.87, 0.85, 0.85, 0.83, 0.83, 0.85, 0.85, 0.85, 0.85, 0.85, 0.85, 0.85, 0.85, 0.85, 0.81, 0.81, 0.81, 0.81, 0.81, 0.81, 0.81, 0.77, 0.77, 0.77, 0.77, 0.66, 0.66, 0.65, 0.65, 0.83, 0.83, 0.83, 0.85, 0.86, 0.87, 0.87, 0.87, 0.87, 0.84, 0.84, 0.87, 0.84, 0.84, 0.84, 0.75, 0.66, 0.63, 0.76, 0.78, 0.82, 0.82, 0.85, 0.85, 0.82, 0.83, 0.83, 0.76, 0.76, 0.78, 0.79, 0.85, 0.83, 0.83, 0.83, 0.83, 0.83, 0.83, 0.85, 0.85, 0.84, 0.84, 0.84, 0.84, 0.79, 0.79, 0.79, 0.79, 0.79, 0.79, 0.79, 0.79, 0.79, 0.79, 0.79, 0.79, 0.79, 0.79, 0.79, 0.79, 0.79, 0.79, 0.79, 0.79, 0.79, 0.79], "crossover_rate_values": [0.7513880597014928, 0.7547999999999974, 0.7547999999999995, 0.7548000000000021, 0.756857142857143, 0.7578103448275887, 0.7578103448275885, 0.7578103448275881, 0.7548000000000012, 0.6931505847953211, 0.6676558033161804, 0.7578103448275869, 0.7578103448275862, 0.7578103448275862, 0.7547999999999998, 0.6931505847953212, 0.7578103448275862, 0.7578103448275862, 0.7578103448275865, 0.7548000000000002, 0.6931505847953215, 0.6676558033161808, 0.7578103448275866, 0.7578103448275866, 0.7578103448275866, 0.7548000000000002, 0.6931505847953215, 0.6676558033161808, 0.7578103448275866, 0.7578103448275866, 0.7578103448275866, 0.7548000000000002, 0.6931505847953215, 0.6676558033161808, 0.7578103448275866, 0.7578103448275866, 0.7578103448275866, 0.7548000000000002, 0.6931505847953215, 0.6676558033161808, 0.7578103448275862, 0.7578103448275862, 0.7578103448275864, 0.7578103448275862, 0.7578103448275862, 0.7578103448275862, 0.7578103448275862, 0.7578103448275864, 0.7548000000000002, 0.6931505847953215, 0.6676558033161808, 0.7578103448275864, 0.7578103448275865, 0.7578103448275867, 0.7548000000000002, 0.6931505847953215, 0.6676558033161808, 0.7578103448275866, 0.7578103448275864, 0.7578103448275864, 0.7578103448275864, 0.7578103448275864, 0.7578103448275862, 0.7578103448275864, 0.7578103448275864, 0.7578103448275864, 0.7578103448275865, 0.7578103448275865, 0.7548000000000002, 0.7578103448275865, 0.7578103448275864, 0.7578103448275862, 0.7578103448275864, 0.7578103448275864, 0.7548000000000001, 0.6931505847953215, 0.6676558033161807, 0.7578103448275865, 0.7578103448275864, 0.7578103448275865, 0.7578103448275866, 0.7548000000000002, 0.6931505847953215, 0.6676558033161809, 0.7578103448275866, 0.7578103448275866, 0.7578103448275866, 0.7548000000000002, 0.6931505847953215, 0.6676558033161808, 0.7578103448275866, 0.7578103448275866, 0.7578103448275866, 0.7548000000000002, 0.6931505847953215, 0.6676558033161808, 0.7578103448275866, 0.7578103448275866, 0.7578103448275866, 0.7548000000000002, 0.6931505847953215, 0.6676558033161808, 0.7578103448275866, 0.7578103448275866, 0.7578103448275866], "mutation_rate_values": [0.4838552300678801, 0.4068650059622984, 0.39283513636114237, 0.37331658098286563, 0.4233586998011197, 0.39651261074052563, 0.41530277683529193, 0.406457781985909, 0.3793728582673989, 0.35748072062669806, 0.418886944372324, 0.4015504421550797, 0.3823642499368646, 0.299955275515162, 0.31587339075228166, 0.36956590932287037, 0.35673486950319444, 0.4170224723459073, 0.33382747276901026, 0.5097567466253347, 0.7411315956742182, 0.7411315956742182, 0.7401103775658221, 0.7548681000246388, 0.2830596434914922, 0.38981290131542135, 0.5741045705802603, 0.2938953449387145, 0.5642044062935201, 0.4465459825340372, 0.6083984432029101, 0.5644160085130263, 0.4949997246654566, 0.25229869749592354, 0.5261860578198201, 0.3142624061247967, 0.5717489457167513, 0.5212726400485402, 0.4752599831099595, 0.47097416513796303, 0.3646110203467471, 0.374235410628451, 0.37539703530475044, 0.3736358098463727, 0.38650758504913574, 0.4973560790054315, 0.4113199073737046, 0.22758913015380644, 0.4271117109246433, 0.41748268350108375, 0.4928141548153657, 0.34780647098609335, 0.49467002737237314, 0.3767280181428294, 0.4291412744070522, 0.2687486547808956, 0.30269838481154404, 0.4951809811351542, 0.3800254778867952, 0.3818722227195294, 0.37239630364961324, 0.4757588051089634, 0.3940157320378987, 0.5206550936034644, 0.46201141396044226, 0.4356450841579272, 0.5787844422568043, 0.4640202274558193, 0.40160691062625076, 0.4495651859995403, 0.4919000714967278, 0.4074232601001559, 0.33845233723461743, 0.35400644534156916, 0.3632496652911947, 0.3527386893006566, 0.39984776747511186, 0.45485307315008744, 0.3598990238774666, 0.38585607819332135, 0.6402438809680084, 0.3184405719552794, 0.3184405719552794, 0.06591195675874997, 0.004779298583904494, 0.5843755562560321, 0.5843755562560321, 0.5843755562560321, 0.5868233734466948, 0.6283911833321103, 0.6283911833321103, 0.6283911833321103, 0.6283911833321103, 0.6289692515776006, 0.6239511894567356, 0.6239511894567356, 0.6239511894567356, 0.6239511894567356, 0.6239511894567356, 0.6239511894567356, 0.6279447433262435, 0.6279447433262435, 0.6279447433262435, 0.6279447433262435, 0.6279447433262435], "best_fitness_seen_values": [0.85, 0.85, 0.85, 0.87, 0.88, 0.88, 0.88, 0.88, 0.88, 0.88, 0.88, 0.88, 0.88, 0.88, 0.88, 0.88, 0.88, 0.88, 0.88, 0.88, 0.88, 0.88, 0.88, 0.88, 0.88, 0.88, 0.88, 0.88, 0.88, 0.88, 0.88, 0.88, 0.88, 0.88, 0.88, 0.88, 0.88, 0.88, 0.88, 0.88, 0.88, 0.88, 0.88, 0.88, 0.88, 0.88, 0.88, 0.88, 0.88, 0.88, 0.88, 0.88, 0.88, 0.88, 0.88, 0.88, 0.88, 0.88, 0.88, 0.88, 0.88, 0.88, 0.88, 0.88, 0.88, 0.88, 0.88, 0.88, 0.88, 0.88, 0.88, 0.88, 0.88, 0.88, 0.88, 0.88, 0.88, 0.88, 0.88, 0.88, 0.88, 0.88, 0.88, 0.88, 0.88, 0.88, 0.88, 0.88, 0.88, 0.88, 0.88, 0.88, 0.88, 0.88, 0.88, 0.88, 0.88, 0.88, 0.88, 0.88, 0.88, 0.88, 0.88, 0.88, 0.88], "time_execution": 6805.931521999999}