{"generation_number_values": [1, 2, 3, 4, 5, 6, 7, 8, 9, 10, 11, 12, 13, 14, 15, 16, 17, 18, 19, 20, 21, 22, 23, 24, 25, 26, 27, 28, 29, 30, 31, 32, 33, 34, 35, 36, 37, 38, 39, 40, 41, 42, 43, 44, 45, 46, 47, 48, 49, 50, 51, 52, 53, 54, 55, 56, 57, 58, 59, 60, 61, 62, 63, 64, 65, 66, 67, 68, 69, 70, 71, 72, 73, 74, 75, 76, 77, 78, 79, 80, 81, 82, 83, 84, 85, 86, 87, 88, 89, 90, 91, 92, 93, 94, 95, 96, 97, 98, 99, 100, 101, 102, 103, 104, 105], "population_size_values": [556, 445, 427, 424, 426, 341, 274, 220, 176, 141, 99, 58, 64, 52, 27, 33, 28, 23, 20, 16, 13, 9, 2, 2, 2, 2, 2, 2, 2, 31, 26, 21, 18, 15, 13, 9, 45, 37, 31, 34, 43, 54, 59, 48, 30, 24, 20, 16, 16, 21, 18, 15, 13, 12, 81, 66, 63, 81, 66, 53, 33, 34, 68, 55, 45, 35, 38, 31, 26, 21, 13, 7, 3, 3, 4, 4, 25, 21, 18, 15, 25, 21, 18, 15, 13, 17, 23, 35, 47, 39, 54, 44, 36, 29, 24, 20, 16, 34, 28, 23, 20, 16, 26, 40, 32], "generation_fitness_values": [0.81, 0.81, 0.82, 0.83, 0.84, 0.84, 0.82, 0.82, 0.82, 0.82, 0.82, 0.8, 0.82, 0.82, 0.82, 0.84, 0.84, 0.84, 0.84, 0.82, 0.82, 0.82, 0.82, 0.82, 0.82, 0.82, 0.82, 0.82, 0.64, 0.81, 0.78, 0.78, 0.78, 0.78, 0.75, 0.56, 0.75, 0.75, 0.75, 0.76, 0.78, 0.8, 0.81, 0.81, 0.81, 0.79, 0.79, 0.79, 0.73, 0.74, 0.74, 0.71, 0.71, 0.62, 0.76, 0.76, 0.77, 0.81, 0.79, 0.79, 0.74, 0.75, 0.81, 0.81, 0.81, 0.81, 0.82, 0.82, 0.81, 0.81, 0.81, 0.81, 0.75, 0.75, 0.75, 0.75, 0.79, 0.79, 0.77, 0.77, 0.79, 0.79, 0.79, 0.75, 0.75, 0.76, 0.77, 0.79, 0.81, 0.79, 0.82, 0.81, 0.77, 0.77, 0.77, 0.77, 0.77, 0.81, 0.77, 0.77, 0.75, 0.73, 0.78, 0.81, 0.81], "crossover_rate_values": [0.7563609958506229, 0.7531389961389988, 0.7531389961389985, 0.7513880597014952, 0.7525648854961843, 0.7537031249999981, 0.7537031250000008, 0.7537031250000009, 0.7537031250000009, 0.6931505847953205, 0.6702491803278696, 0.7537031250000006, 0.7537031250000001, 0.7537031250000003, 0.753703125, 0.753703125, 0.7537031249999999, 0.753703125, 0.753703125, 0.7537031250000001, 0.6931505847953215, 0.6702491803278691, 0.753703125, 0.753703125, 0.753703125, 0.753703125, 0.6931505847953215, 0.6702491803278691, 0.753703125, 0.753703125, 0.7537031249999999, 0.753703125, 0.7537031250000001, 0.7537031250000001, 0.6931505847953215, 0.6702491803278691, 0.753703125, 0.7537031249999998, 0.7537031249999998, 0.7537031249999999, 0.7537031249999999, 0.7537031249999998, 0.753703125, 0.7537031250000001, 0.7537031249999999, 0.7537031249999999, 0.753703125, 0.6931505847953215, 0.6702491803278691, 0.7537031250000001, 0.7537031250000001, 0.7537031250000001, 0.7537031250000001, 0.7537031250000001, 0.6931505847953215, 0.7537031250000005, 0.7537031250000003, 0.7537031250000003, 0.7537031250000005, 0.7537031250000003, 0.753703125, 0.7537031249999999, 0.7537031249999999, 0.7537031250000004, 0.7537031250000001, 0.7537031249999998, 0.7537031249999999, 0.7537031249999998, 0.7537031249999999, 0.753703125, 0.7537031250000001, 0.6931505847953215, 0.6702491803278691, 0.753703125, 0.753703125, 0.753703125, 0.753703125, 0.753703125, 0.7537031250000001, 0.7537031250000001, 0.7537031250000001, 0.753703125, 0.7537031250000001, 0.7537031250000001, 0.7537031250000001, 0.6931505847953215, 0.7537031250000001, 0.753703125, 0.7537031249999999, 0.7537031249999999, 0.7537031249999998, 0.753703125, 0.7537031249999998, 0.7537031249999999, 0.7537031249999999, 0.6931505847953215, 0.6702491803278691, 0.7537031250000001, 0.7537031249999999, 0.753703125, 0.753703125, 0.7537031250000001, 0.6931505847953215, 0.753703125, 0.7537031249999998], "mutation_rate_values": [0.5019996517992525, 0.4182378678648416, 0.3888983033933688, 0.3773650470893895, 0.40682375201632504, 0.43562829880321186, 0.41804670368650976, 0.4190604829156945, 0.3912964397259001, 0.36747720971433195, 0.37479055415325285, 0.4267951382287975, 0.4554522823207931, 0.447111040746709, 0.4103158353153348, 0.5240397451713497, 0.5071653326184278, 0.46849877625570197, 0.3420793514662836, 0.3072514772871557, 0.36582845666193275, 0.23674129230396904, 0.19630832102950535, 0.19630832102950535, 0.19630832102950535, 0.19630832102950535, 0.11983719866558731, 0.1755977147220719, 0.3934164551655207, 0.5147909824578435, 0.3994393599232732, 0.28370485816419755, 0.4701565988148708, 0.37860448266024316, 0.32392619046631815, 0.4714696088523708, 0.4680844565127143, 0.43294981632817536, 0.44887711253558954, 0.4640569873067186, 0.4969952323363871, 0.35827847030440707, 0.38144786714155865, 0.4097874288358267, 0.3336043331140409, 0.34486467368029844, 0.41694448291981495, 0.3572873275974455, 0.4883135525453469, 0.4679484859419892, 0.3662332486611086, 0.34149895507792877, 0.3312431984488763, 0.39212410249720436, 0.45658031921004716, 0.37186533435171026, 0.44894244381834475, 0.42918905068674973, 0.40415365269726705, 0.365682374919403, 0.3876211998868255, 0.37975914350059137, 0.4973085388208967, 0.40621836648887566, 0.46619262943625767, 0.2971177726430553, 0.416177229191129, 0.343545398421902, 0.40261992094130317, 0.362508272211896, 0.4908704109372043, 0.4581578676615579, 0.22804724419122455, 0.3596004155780847, 0.4299124298281664, 0.28909770950463476, 0.4810650717762892, 0.582612607573352, 0.3305338688104922, 0.29536953108839914, 0.48767485565906726, 0.42465207960497714, 0.29534926868404965, 0.3906578902496334, 0.3909073597696252, 0.4382369041818057, 0.4339273032764404, 0.4662312914557172, 0.4874353745221867, 0.36890444112199566, 0.4084276868328736, 0.3766308439923027, 0.3895337855706333, 0.404177344575804, 0.41268007442695115, 0.37546863243534956, 0.35281603438800935, 0.4232206141848466, 0.3800845735603527, 0.4181841394175897, 0.33394440956708976, 0.47317140566954, 0.36087561328837064, 0.4561656665623448, 0.4006809098855099], "best_fitness_seen_values": [0.81, 0.81, 0.82, 0.83, 0.84, 0.84, 0.84, 0.84, 0.84, 0.84, 0.84, 0.84, 0.84, 0.84, 0.84, 0.84, 0.84, 0.84, 0.84, 0.84, 0.84, 0.84, 0.84, 0.84, 0.84, 0.84, 0.84, 0.84, 0.84, 0.84, 0.84, 0.84, 0.84, 0.84, 0.84, 0.84, 0.84, 0.84, 0.84, 0.84, 0.84, 0.84, 0.84, 0.84, 0.84, 0.84, 0.84, 0.84, 0.84, 0.84, 0.84, 0.84, 0.84, 0.84, 0.84, 0.84, 0.84, 0.84, 0.84, 0.84, 0.84, 0.84, 0.84, 0.84, 0.84, 0.84, 0.84, 0.84, 0.84, 0.84, 0.84, 0.84, 0.84, 0.84, 0.84, 0.84, 0.84, 0.84, 0.84, 0.84, 0.84, 0.84, 0.84, 0.84, 0.84, 0.84, 0.84, 0.84, 0.84, 0.84, 0.84, 0.84, 0.84, 0.84, 0.84, 0.84, 0.84, 0.84, 0.84, 0.84, 0.84, 0.84, 0.84, 0.84, 0.84], "time_execution": 10143.467237999997}