{"generation_number_values": [1, 2, 3, 4, 5], "population_size_values": [10, 10, 10, 10, 10], "generation_fitness_values": [0.61, 0.56, 0.68, 0.68, 0.68], "crossover_rate_values": [1.0, 0.8, 0.6, 0.4, 0.19999999999999996], "mutation_rate_values": [0, 0, 0, 0, 0], "best_fitness_seen_values": [0.67, 0.67, 0.68, 0.68, 0.68], "time_execution": 69.934686}