{"generation_number_values": [1, 2, 3, 4, 5, 6, 7, 8, 9, 10, 11, 12, 13, 14, 15, 16, 17, 18, 19, 20, 21, 22, 23, 24, 25, 26, 27, 28, 29, 30], "population_size_values": [26, 26, 26, 26, 26, 26, 26, 26, 26, 26, 26, 26, 26, 26, 26, 26, 26, 26, 26, 26, 26, 26, 26, 26, 26, 26, 26, 26, 26, 26], "generation_fitness_values": [0.78, 0.6, 0.54, 0.54, 0.72, 0.74, 0.5, 0.7, 0.7, 0.54, 0.5, 0.54, 0.54, 0.54, 0.69, 0.69, 0.69, 0.46, 0.46, 0.46, 0.46, 0.46, 0.66, 0.66, 0.62, 0.62, 0.62, 0.6, 0.6, 0.54], "crossover_rate_values": [0.7578103448275864, 0.7578103448275862, 0.7548000000000001, 0.6942586161472317, 0.6942586161472317, 0.6500000000000001, 0.6331899836690253, 0.642813212795266, 0.5461111111111111, 0.541388888888889, 0.5984915981754628, 0.6053996110763552, 0.596353874220113, 0.596359711577506, 0.5963338722598415, 0.5425210892879261, 0.542578851150324, 0.542222492894415, 0.6131013424426817, 0.6131013762808808, 0.6131013424426817, 0.6131013010317029, 0.6131013031297049, 0.5572129399652237, 0.5567927909692256, 0.5726241826001691, 0.5726710880581869, 0.5726548290162476, 0.5794759837679384, 0.5794333576998898], "mutation_rate_values": [0, 0, 0, 0, 0, 0, 0, 0, 0, 0, 0, 0, 0, 0, 0, 0, 0, 0, 0, 0, 0, 0, 0, 0, 0, 0, 0, 0, 0, 0], "best_fitness_seen_values": [0.79, 0.79, 0.79, 0.79, 0.79, 0.79, 0.79, 0.79, 0.79, 0.79, 0.79, 0.79, 0.79, 0.79, 0.79, 0.79, 0.79, 0.79, 0.79, 0.79, 0.79, 0.79, 0.79, 0.79, 0.79, 0.79, 0.79, 0.79, 0.79, 0.79], "time_execution": 1100.8413880000007}