{"generation_number_values": [1, 2, 3, 4, 5, 6, 7, 8, 9, 10, 11, 12, 13, 14, 15, 16, 17, 18, 19, 20, 21, 22, 23, 24, 25, 26, 27, 28, 29, 30, 31], "population_size_values": [50, 50, 50, 50, 50, 50, 50, 50, 50, 50, 50, 50, 50, 50, 50, 50, 50, 50, 50, 50, 50, 50, 50, 50, 50, 50, 50, 50, 50, 50, 50], "generation_fitness_values": [0.8, 0.75, 0.65, 0.63, 0.56, 0.61, 0.61, 0.61, 0.65, 0.65, 0.67, 0.77, 0.77, 0.67, 0.67, 0.53, 0.53, 0.53, 0.7, 0.75, 0.75, 0.75, 0.74, 0.7, 0.7, 0.7, 0.63, 0.68, 0.68, 0.74, 0.72], "crossover_rate_values": [0.7547999999999999, 0.7547999999999998, 0.7547999999999999, 0.6931505847953212, 0.6669997247453895, 0.6809950248756222, 0.6459871898753708, 0.6251944981732209, 0.5932171747891745, 0.5677434510529585, 0.5628091021445294, 0.5523546714250482, 0.537376277517904, 0.5369441319275251, 0.5522192127283018, 0.5522000046754661, 0.5987747441194141, 0.5987479928070502, 0.5987479928070502, 0.536805375352044, 0.5376628860615001, 0.5373993907547715, 0.5372571527620837, 0.5367885096893713, 0.5366912912025902, 0.5367475735945226, 0.5366998045963296, 0.568980499526143, 0.5473400651311612, 0.5473857869190781, 0.5366835427260189], "mutation_rate_values": [0, 0, 0, 0, 0, 0, 0, 0, 0, 0, 0, 0, 0, 0, 0, 0, 0, 0, 0, 0, 0, 0, 0, 0, 0, 0, 0, 0, 0, 0, 0], "best_fitness_seen_values": [0.8, 0.8, 0.8, 0.8, 0.8, 0.8, 0.8, 0.8, 0.8, 0.8, 0.8, 0.8, 0.8, 0.8, 0.8, 0.8, 0.8, 0.8, 0.8, 0.8, 0.8, 0.8, 0.8, 0.8, 0.8, 0.8, 0.8, 0.8, 0.8, 0.8, 0.8], "time_execution": 1593.720398999998}