{"generation_number_values": [1, 2, 3, 4, 5, 6, 7, 8, 9, 10, 11, 12, 13, 14, 15, 16, 17, 18, 19, 20, 21, 22, 23, 24, 25, 26, 27, 28, 29, 30, 31, 32, 33, 34, 35, 36, 37, 38, 39, 40, 41, 42, 43, 44, 45, 46, 47, 48], "population_size_values": [26, 26, 26, 26, 26, 26, 26, 26, 26, 26, 26, 26, 26, 26, 26, 26, 26, 26, 26, 26, 26, 26, 26, 26, 26, 26, 26, 26, 26, 26, 26, 26, 26, 26, 26, 26, 26, 26, 26, 26, 26, 26, 26, 26, 26, 26, 26, 26], "generation_fitness_values": [0.79, 0.79, 0.81, 0.81, 0.81, 0.85, 0.85, 0.85, 0.85, 0.85, 0.85, 0.85, 0.85, 0.85, 0.85, 0.85, 0.85, 0.86, 0.86, 0.86, 0.86, 0.86, 0.86, 0.86, 0.86, 0.86, 0.86, 0.86, 0.86, 0.86, 0.86, 0.86, 0.86, 0.86, 0.86, 0.86, 0.86, 0.86, 0.77, 0.77, 0.79, 0.79, 0.79, 0.77, 0.77, 0.77, 0.79, 0.79], "crossover_rate_values": [0.0, 0.009999999999999998, 0.019999999999999997, 0.03000000000000001, 0.039999999999999994, 0.05, 0.06000000000000002, 0.07000000000000003, 0.07999999999999999, 0.09, 0.1, 0.11000000000000003, 0.12000000000000004, 0.12999999999999995, 0.14000000000000007, 0.14999999999999997, 0.15999999999999998, 0.16999999999999996, 0.18, 0.18999999999999997, 0.2, 0.21, 0.22000000000000006, 0.23, 0.24000000000000007, 0.25, 0.2599999999999999, 0.27, 0.28000000000000014, 0.29, 0.29999999999999993, 0.31, 0.31999999999999995, 0.33, 0.3399999999999999, 0.35, 0.36, 0.37000000000000005, 0.37999999999999995, 0.39, 0.4, 0.4100000000000001, 0.42, 0.43, 0.4400000000000001, 0.4500000000000001, 0.46, 0.4699999999999998], "mutation_rate_values": [0, 0, 0, 0, 0, 0, 0, 0, 0, 0, 0, 0, 0, 0, 0, 0, 0, 0, 0, 0, 0, 0, 0, 0, 0, 0, 0, 0, 0, 0, 0, 0, 0, 0, 0, 0, 0, 0, 0, 0, 0, 0, 0, 0, 0, 0, 0, 0], "best_fitness_seen_values": [0.79, 0.79, 0.81, 0.81, 0.81, 0.85, 0.85, 0.85, 0.85, 0.85, 0.85, 0.85, 0.85, 0.85, 0.85, 0.85, 0.85, 0.86, 0.86, 0.86, 0.86, 0.86, 0.86, 0.86, 0.86, 0.86, 0.86, 0.86, 0.86, 0.86, 0.86, 0.86, 0.86, 0.86, 0.86, 0.86, 0.86, 0.86, 0.86, 0.86, 0.86, 0.86, 0.86, 0.86, 0.86, 0.86, 0.86, 0.86], "time_execution": 616.8583849999995}