{"generation_number_values": [1, 2, 3, 4, 5, 6, 7, 8, 9, 10, 11, 12, 13, 14, 15, 16, 17, 18, 19, 20, 21, 22, 23, 24, 25, 26, 27, 28, 29, 30, 31], "population_size_values": [50, 50, 50, 50, 50, 50, 50, 50, 50, 50, 50, 50, 50, 50, 50, 50, 50, 50, 50, 50, 50, 50, 50, 50, 50, 50, 50, 50, 50, 50, 50], "generation_fitness_values": [0.75, 0.68, 0.72, 0.63, 0.68, 0.7, 0.72, 0.75, 0.72, 0.72, 0.72, 0.72, 0.72, 0.65, 0.55, 0.68, 0.72, 0.68, 0.67, 0.72, 0.75, 0.75, 0.67, 0.67, 0.67, 0.61, 0.68, 0.63, 0.61, 0.63, 0.63], "crossover_rate_values": [0.7563609958506222, 0.7595454545454546, 0.7547999999999999, 0.6931505847953212, 0.6669997247453895, 0.6528060263653477, 0.6331899836690252, 0.6068494152046783, 0.5461111111111111, 0.541388888888889, 0.5380158730158727, 0.5368501540907183, 0.5368281384567696, 0.5368466478934392, 0.5611423937068808, 0.5938358683791004, 0.5479750638695369, 0.5373797737937394, 0.5480649615711637, 0.5529735510751013, 0.5372076105731819, 0.5369304805759678, 0.5367044126345779, 0.5521507618894982, 0.5524026821682481, 0.5521952418190582, 0.5761255580882909, 0.5474226816368346, 0.5690090316980835, 0.5761113142744211, 0.5689596375096122], "mutation_rate_values": [0, 0, 0, 0, 0, 0, 0, 0, 0, 0, 0, 0, 0, 0, 0, 0, 0, 0, 0, 0, 0, 0, 0, 0, 0, 0, 0, 0, 0, 0, 0], "best_fitness_seen_values": [0.75, 0.75, 0.75, 0.75, 0.75, 0.75, 0.75, 0.75, 0.75, 0.75, 0.75, 0.75, 0.75, 0.75, 0.75, 0.75, 0.75, 0.75, 0.75, 0.75, 0.75, 0.75, 0.75, 0.75, 0.75, 0.75, 0.75, 0.75, 0.75, 0.75, 0.75], "time_execution": 1515.8803530000005}