{"generation_number_values": [1, 2, 3, 4, 5, 6, 7, 8, 9, 10, 11, 12, 13, 14, 15, 16, 17, 18, 19, 20, 21, 22, 23, 24, 25, 26, 27, 28, 29, 30, 31, 32, 33, 34, 35, 36, 37, 38, 39, 40, 41, 42, 43, 44, 45, 46, 47, 48, 49, 50, 51, 52, 53, 54], "population_size_values": [26, 26, 26, 26, 26, 26, 26, 26, 26, 26, 26, 26, 26, 26, 26, 26, 26, 26, 26, 26, 26, 26, 26, 26, 26, 26, 26, 26, 26, 26, 26, 26, 26, 26, 26, 26, 26, 26, 26, 26, 26, 26, 26, 26, 26, 26, 26, 26, 26, 26, 26, 26, 26, 26], "generation_fitness_values": [0.79, 0.76, 0.63, 0.63, 0.54, 0.46, 0.43, 0.43, 0.38, 0.38, 0.5, 0.5, 0.5, 0.5, 0.5, 0.54, 0.54, 0.54, 0.54, 0.54, 0.54, 0.63, 0.8, 0.82, 0.8, 0.8, 0.8, 0.8, 0.79, 0.79, 0.72, 0.72, 0.72, 0.72, 0.72, 0.69, 0.69, 0.71, 0.71, 0.71, 0.71, 0.73, 0.75, 0.79, 0.8, 0.8, 0.8, 0.78, 0.78, 0.78, 0.75, 0.75, 0.75, 0.69], "crossover_rate_values": [0.7563609958506224, 0.7563609958506223, 0.7563609958506223, 0.7563609958506223, 0.7548000000000001, 0.6931505847953214, 0.6684633781763829, 0.6499999999999997, 0.6315366218236171, 0.6068494152046783, 0.5461111111111111, 0.541388888888889, 0.5380158730158728, 0.5366666666666668, 0.5366669926327414, 0.5366669365213195, 0.5366789505569394, 0.5366830234519567, 0.536671356129352, 0.536671356129352, 0.5366733313151518, 0.5366773290563598, 0.5367071965317639, 0.7548, 0.7513880597014928, 0.7513880597014928, 0.7513880597014928, 0.7513880597014928, 0.6931505847953214, 0.6722318214542843, 0.6500000000000002, 0.6277681785457164, 0.6068494152046783, 0.5461111111111111, 0.541388888888889, 0.5380158730158728, 0.5366666666666668, 0.5366666666666668, 0.53666669300969, 0.5366666737592263, 0.5366666737592263, 0.5366666700993523, 0.5366667367629335, 0.5366669190939292, 0.5366696876748882, 0.5366697597131802, 0.5366715787380525, 0.5366679577335896, 0.5366668468201129, 0.5366668267242442, 0.5366666874043259, 0.5366669561651285, 0.5366691340984369, 0.5368284467834571], "mutation_rate_values": [0, 0, 0, 0, 0, 0, 0, 0, 0, 0, 0, 0, 0, 0, 0, 0, 0, 0, 0, 0, 0, 0, 0, 0, 0, 0, 0, 0, 0, 0, 0, 0, 0, 0, 0, 0, 0, 0, 0, 0, 0, 0, 0, 0, 0, 0, 0, 0, 0, 0, 0, 0, 0, 0], "best_fitness_seen_values": [0.79, 0.79, 0.79, 0.79, 0.79, 0.79, 0.79, 0.79, 0.79, 0.79, 0.79, 0.79, 0.79, 0.79, 0.79, 0.79, 0.79, 0.79, 0.79, 0.79, 0.79, 0.79, 0.8, 0.82, 0.82, 0.82, 0.82, 0.82, 0.82, 0.82, 0.82, 0.82, 0.82, 0.82, 0.82, 0.82, 0.82, 0.82, 0.82, 0.82, 0.82, 0.82, 0.82, 0.82, 0.82, 0.82, 0.82, 0.82, 0.82, 0.82, 0.82, 0.82, 0.82, 0.82], "time_execution": 2203.886255999998}