{"generation_number_values": [1, 2, 3, 4, 5, 6, 7, 8, 9, 10, 11, 12, 13, 14, 15, 16, 17, 18, 19, 20, 21, 22, 23, 24, 25, 26, 27, 28, 29, 30, 31], "population_size_values": [50, 50, 50, 50, 50, 50, 50, 50, 50, 50, 50, 50, 50, 50, 50, 50, 50, 50, 50, 50, 50, 50, 50, 50, 50, 50, 50, 50, 50, 50, 50], "generation_fitness_values": [0.8, 0.77, 0.74, 0.65, 0.62, 0.53, 0.61, 0.72, 0.72, 0.72, 0.68, 0.68, 0.61, 0.61, 0.43, 0.53, 0.43, 0.53, 0.53, 0.55, 0.55, 0.74, 0.79, 0.79, 0.67, 0.7, 0.7, 0.72, 0.72, 0.72, 0.72], "crossover_rate_values": [0.7547999999999999, 0.7547999999999998, 0.7547999999999999, 0.6931505847953212, 0.6668100163309743, 0.6623831535695944, 0.665884517843621, 0.6251944981732209, 0.5461111111111111, 0.541388888888889, 0.5380158730158727, 0.547885006743826, 0.5473686969540057, 0.5761337692843306, 0.5761071485941224, 0.6181470474263583, 0.5987765035349253, 0.6181470474263583, 0.5987755704760995, 0.5987744215243933, 0.5938431929839378, 0.5938406427007189, 0.5370260038291623, 0.5375905326793345, 0.5369235617786144, 0.552319805271964, 0.5374198946784822, 0.537166944154606, 0.5370429189198558, 0.5371305322680797, 0.5369261682242992], "mutation_rate_values": [0, 0, 0, 0, 0, 0, 0, 0, 0, 0, 0, 0, 0, 0, 0, 0, 0, 0, 0, 0, 0, 0, 0, 0, 0, 0, 0, 0, 0, 0, 0], "best_fitness_seen_values": [0.8, 0.8, 0.8, 0.8, 0.8, 0.8, 0.8, 0.8, 0.8, 0.8, 0.8, 0.8, 0.8, 0.8, 0.8, 0.8, 0.8, 0.8, 0.8, 0.8, 0.8, 0.8, 0.8, 0.8, 0.8, 0.8, 0.8, 0.8, 0.8, 0.8, 0.8], "time_execution": 1538.0094620000018}