{"generation_number_values": [1, 2, 3, 4, 5, 6, 7, 8, 9, 10, 11, 12, 13, 14, 15, 16, 17, 18, 19, 20, 21, 22, 23, 24, 25, 26, 27, 28, 29, 30, 31], "population_size_values": [26, 26, 26, 26, 26, 26, 26, 26, 26, 26, 26, 26, 26, 26, 26, 26, 26, 26, 26, 26, 26, 26, 26, 26, 26, 26, 26, 26, 26, 26, 26], "generation_fitness_values": [0.86, 0.84, 0.84, 0.86, 0.86, 0.86, 0.86, 0.83, 0.83, 0.83, 0.83, 0.83, 0.79, 0.79, 0.79, 0.79, 0.79, 0.79, 0.79, 0.79, 0.79, 0.79, 0.79, 0.79, 0.79, 0.79, 0.79, 0.79, 0.79, 0.79, 0.79], "crossover_rate_values": [0.7448137121005194, 0.7558524590163939, 0.7558524590163939, 0.7558524590163939, 0.7548000000000001, 0.6931505847953214, 0.6687720364741646, 0.6500000000000001, 0.6312279635258358, 0.6068494152046783, 0.5461111111111111, 0.541388888888889, 0.5380158730158728, 0.5367999507666922, 0.5378837749358043, 0.5373526678682143, 0.5370796261351056, 0.5366667751555046, 0.5366667497427918, 0.5366667674667036, 0.5366666867939677, 0.5366666673878652, 0.5366666666666668, 0.5366666666666668, 0.5387972444081236, 0.5383145516992558, 0.5377287591574323, 0.5382194267962037, 0.5370957728996296, 0.5373641277588825, 0.5374603181043759], "mutation_rate_values": [0, 0, 0, 0, 0, 0, 0, 0, 0, 0, 0, 0, 0, 0, 0, 0, 0, 0, 0, 0, 0, 0, 0, 0, 0, 0, 0, 0, 0, 0, 0], "best_fitness_seen_values": [0.86, 0.86, 0.86, 0.86, 0.86, 0.86, 0.86, 0.86, 0.86, 0.86, 0.86, 0.86, 0.86, 0.86, 0.86, 0.86, 0.86, 0.86, 0.86, 0.86, 0.86, 0.86, 0.86, 0.86, 0.86, 0.86, 0.86, 0.86, 0.86, 0.86, 0.86], "time_execution": 1296.9652360000036}