{"generation_number_values": [1, 2, 3, 4, 5, 6, 7, 8, 9, 10, 11, 12, 13, 14, 15, 16, 17, 18, 19, 20, 21, 22, 23, 24, 25, 26, 27, 28, 29, 30, 31], "population_size_values": [26, 26, 26, 26, 26, 26, 26, 26, 26, 26, 26, 26, 26, 26, 26, 26, 26, 26, 26, 26, 26, 26, 26, 26, 26, 26, 26, 26, 26, 26, 26], "generation_fitness_values": [0.82, 0.62, 0.58, 0.5, 0.54, 0.54, 0.54, 0.54, 0.54, 0.54, 0.46, 0.46, 0.54, 0.54, 0.71, 0.71, 0.71, 0.71, 0.71, 0.74, 0.76, 0.62, 0.46, 0.46, 0.5, 0.5, 0.5, 0.5, 0.5, 0.5, 0.5], "crossover_rate_values": [0.7578103448275864, 0.7513880597014928, 0.7548000000000001, 0.6931505847953214, 0.7470933521923621, 0.6942586161472317, 0.6609444238622552, 0.6342362191286395, 0.615430354655125, 0.6047190679858928, 0.5984915981754628, 0.6131012913277997, 0.6131012890894781, 0.5963328258415663, 0.596379625259286, 0.5388948842806566, 0.5387649714725982, 0.5380302455925393, 0.5369875053237168, 0.5372607915811864, 0.537974533690451, 0.5375178966861123, 0.5726407034604886, 0.6131013031297049, 0.6131098323751729, 0.6054187466397243, 0.6054237228074968, 0.6054134102500521, 0.605396664951109, 0.6054001077608879, 0.6053959562202654], "mutation_rate_values": [0, 0, 0, 0, 0, 0, 0, 0, 0, 0, 0, 0, 0, 0, 0, 0, 0, 0, 0, 0, 0, 0, 0, 0, 0, 0, 0, 0, 0, 0, 0], "best_fitness_seen_values": [0.82, 0.82, 0.82, 0.82, 0.82, 0.82, 0.82, 0.82, 0.82, 0.82, 0.82, 0.82, 0.82, 0.82, 0.82, 0.82, 0.82, 0.82, 0.82, 0.82, 0.82, 0.82, 0.82, 0.82, 0.82, 0.82, 0.82, 0.82, 0.82, 0.82, 0.82], "time_execution": 1046.5763199999928}