{"generation_number_values": [1, 2, 3, 4, 5, 6, 7, 8, 9, 10, 11, 12, 13, 14, 15, 16, 17, 18, 19, 20, 21, 22, 23, 24, 25, 26, 27, 28, 29, 30, 31], "population_size_values": [50, 50, 50, 50, 50, 50, 50, 50, 50, 50, 50, 50, 50, 50, 50, 50, 50, 50, 50, 50, 50, 50, 50, 50, 50, 50, 50, 50, 50, 50, 50], "generation_fitness_values": [0.82, 0.74, 0.74, 0.56, 0.67, 0.67, 0.74, 0.74, 0.68, 0.67, 0.7, 0.7, 0.7, 0.53, 0.53, 0.62, 0.75, 0.67, 0.77, 0.75, 0.75, 0.74, 0.72, 0.72, 0.7, 0.75, 0.75, 0.74, 0.72, 0.72, 0.7], "crossover_rate_values": [0.7547999999999999, 0.7513880597014928, 0.7547999999999999, 0.6931505847953212, 0.6809950248756222, 0.6542164839052, 0.6377472858866097, 0.6068494152046783, 0.5461111111111111, 0.5529933229537058, 0.5537939971750947, 0.5368255818934676, 0.5369232705052798, 0.5367473380828858, 0.5987425482377468, 0.5987592147889856, 0.5726730091401023, 0.5369410995011948, 0.5522683353924388, 0.5368736068392757, 0.5368620986308007, 0.5368014529372815, 0.5367916421792641, 0.5368068844588335, 0.5367623176297317, 0.5367161823362072, 0.5369065283613145, 0.537174047443751, 0.5373145383010319, 0.5377514291991008, 0.5370089430180142], "mutation_rate_values": [0, 0, 0, 0, 0, 0, 0, 0, 0, 0, 0, 0, 0, 0, 0, 0, 0, 0, 0, 0, 0, 0, 0, 0, 0, 0, 0, 0, 0, 0, 0], "best_fitness_seen_values": [0.82, 0.82, 0.82, 0.82, 0.82, 0.82, 0.82, 0.82, 0.82, 0.82, 0.82, 0.82, 0.82, 0.82, 0.82, 0.82, 0.82, 0.82, 0.82, 0.82, 0.82, 0.82, 0.82, 0.82, 0.82, 0.82, 0.82, 0.82, 0.82, 0.82, 0.82], "time_execution": 1541.5903189999954}