{"generation_number_values": [1, 2, 3, 4, 5, 6, 7, 8, 9, 10, 11, 12, 13, 14, 15, 16, 17, 18, 19, 20, 21, 22, 23, 24, 25, 26, 27, 28, 29, 30, 31], "population_size_values": [50, 50, 50, 50, 50, 50, 50, 50, 50, 50, 50, 50, 50, 50, 50, 50, 50, 50, 50, 50, 50, 50, 50, 50, 50, 50, 50, 50, 50, 50, 50], "generation_fitness_values": [0.82, 0.74, 0.7, 0.68, 0.59, 0.53, 0.53, 0.62, 0.62, 0.61, 0.62, 0.62, 0.74, 0.72, 0.72, 0.7, 0.53, 0.43, 0.43, 0.61, 0.62, 0.77, 0.64, 0.61, 0.53, 0.55, 0.74, 0.75, 0.75, 0.72, 0.72], "crossover_rate_values": [0.7547999999999999, 0.7513880597014928, 0.7547999999999999, 0.6931505847953212, 0.6668100163309743, 0.6696375235609687, 0.665884517843621, 0.6361954680501148, 0.5892760628410496, 0.5800404895121215, 0.5780847724708967, 0.5727801749746871, 0.572732546086769, 0.5370738048157991, 0.5370125720270232, 0.5369517171003063, 0.5367135700863197, 0.5987412046906789, 0.6181470474263583, 0.6181470474263583, 0.5761096130301017, 0.5727474072604842, 0.5369310585531667, 0.5651438730946391, 0.5761098649660102, 0.5987438627525509, 0.5938334120920268, 0.5367362560778323, 0.5378213584784101, 0.5375171919712582, 0.5373387477589326], "mutation_rate_values": [0, 0, 0, 0, 0, 0, 0, 0, 0, 0, 0, 0, 0, 0, 0, 0, 0, 0, 0, 0, 0, 0, 0, 0, 0, 0, 0, 0, 0, 0, 0], "best_fitness_seen_values": [0.82, 0.82, 0.82, 0.82, 0.82, 0.82, 0.82, 0.82, 0.82, 0.82, 0.82, 0.82, 0.82, 0.82, 0.82, 0.82, 0.82, 0.82, 0.82, 0.82, 0.82, 0.82, 0.82, 0.82, 0.82, 0.82, 0.82, 0.82, 0.82, 0.82, 0.82], "time_execution": 1512.0579549999966}