{"generation_number_values": [1, 2, 3, 4, 5, 6, 7, 8, 9, 10, 11, 12, 13, 14, 15, 16, 17, 18, 19, 20, 21, 22, 23, 24, 25, 26, 27, 28, 29, 30, 31, 32, 33, 34, 35, 36, 37, 38, 39, 40, 41, 42, 43, 44, 45, 46, 47, 48, 49, 50], "population_size_values": [26, 26, 26, 26, 26, 26, 26, 26, 26, 26, 26, 26, 26, 26, 26, 26, 26, 26, 26, 26, 26, 26, 26, 26, 26, 26, 26, 26, 26, 26, 26, 26, 26, 26, 26, 26, 26, 26, 26, 26, 26, 26, 26, 26, 26, 26, 26, 26, 26, 26], "generation_fitness_values": [0.78, 0.7, 0.54, 0.54, 0.54, 0.5, 0.5, 0.54, 0.5, 0.5, 0.5, 0.46, 0.45, 0.45, 0.5, 0.79, 0.77, 0.77, 0.82, 0.84, 0.82, 0.71, 0.68, 0.66, 0.68, 0.77, 0.77, 0.68, 0.7, 0.7, 0.56, 0.56, 0.55, 0.55, 0.55, 0.55, 0.5, 0.5, 0.5, 0.54, 0.54, 0.54, 0.52, 0.52, 0.52, 0.52, 0.54, 0.54, 0.63, 0.63], "crossover_rate_values": [0.7578103448275864, 0.7578103448275862, 0.7548000000000001, 0.6942586161472317, 0.6942586161472317, 0.6942586161472317, 0.6740575752523704, 0.642813212795266, 0.615430354655125, 0.6140045615657266, 0.6076015124388083, 0.6053916662224293, 0.6131014545030347, 0.6148480584521564, 0.6148480570487411, 0.6053913733638269, 0.5380706917569429, 0.5384946995578678, 0.537676043044211, 0.5371330990247182, 0.5370863883942147, 0.536726629305064, 0.5369578879592316, 0.5473826454131989, 0.5567799856158457, 0.5473664186623031, 0.5369249650337392, 0.5374096218929417, 0.5473116895764817, 0.5366774315290941, 0.5368446261836403, 0.5911950629393987, 0.5911933672058216, 0.5938187607478841, 0.5938246186492934, 0.5938225540800028, 0.5938174822129899, 0.6053913076952685, 0.6054640416655478, 0.6053931036647973, 0.5963679221788468, 0.5965102970459714, 0.5963542454605661, 0.6010518891203098, 0.6010518891203098, 0.6010518891203098, 0.6010485911557161, 0.5963308316040907, 0.5963308119530605, 0.5689582979678081], "mutation_rate_values": [0, 0, 0, 0, 0, 0, 0, 0, 0, 0, 0, 0, 0, 0, 0, 0, 0, 0, 0, 0, 0, 0, 0, 0, 0, 0, 0, 0, 0, 0, 0, 0, 0, 0, 0, 0, 0, 0, 0, 0, 0, 0, 0, 0, 0, 0, 0, 0, 0, 0], "best_fitness_seen_values": [0.79, 0.79, 0.79, 0.79, 0.79, 0.79, 0.79, 0.79, 0.79, 0.79, 0.79, 0.79, 0.79, 0.79, 0.79, 0.79, 0.79, 0.79, 0.82, 0.84, 0.84, 0.84, 0.84, 0.84, 0.84, 0.84, 0.84, 0.84, 0.84, 0.84, 0.84, 0.84, 0.84, 0.84, 0.84, 0.84, 0.84, 0.84, 0.84, 0.84, 0.84, 0.84, 0.84, 0.84, 0.84, 0.84, 0.84, 0.84, 0.84, 0.84], "time_execution": 1638.4893870000014}