{"generation_number_values": [1, 2, 3, 4, 5, 6, 7, 8, 9, 10, 11, 12, 13, 14, 15, 16, 17, 18, 19, 20, 21, 22, 23, 24, 25, 26, 27, 28, 29, 30, 31], "population_size_values": [50, 50, 50, 50, 50, 50, 50, 50, 50, 50, 50, 50, 50, 50, 50, 50, 50, 50, 50, 50, 50, 50, 50, 50, 50, 50, 50, 50, 50, 50, 50], "generation_fitness_values": [0.8, 0.74, 0.7, 0.59, 0.67, 0.59, 0.59, 0.75, 0.75, 0.72, 0.75, 0.7, 0.53, 0.53, 0.53, 0.53, 0.43, 0.55, 0.55, 0.55, 0.53, 0.44, 0.44, 0.53, 0.75, 0.75, 0.75, 0.7, 0.75, 0.75, 0.75], "crossover_rate_values": [0.7547999999999999, 0.7547999999999998, 0.7547999999999999, 0.6931505847953212, 0.6706901172529315, 0.6542164839052, 0.6489170727643802, 0.6290143295710243, 0.5461111111111111, 0.541388888888889, 0.5380158730158727, 0.5373058402884978, 0.536809242682732, 0.5987412046906789, 0.5987501283524178, 0.5987412046906789, 0.5987425482377468, 0.6181470474263583, 0.5938793332447735, 0.59387620594846, 0.5938278999557655, 0.5987395217113763, 0.6165290427591509, 0.6165290415985664, 0.5987656724671419, 0.5374186256408288, 0.5369271057389274, 0.5368796437124975, 0.536722975282943, 0.5367822321229663, 0.5367646619269343], "mutation_rate_values": [0, 0, 0, 0, 0, 0, 0, 0, 0, 0, 0, 0, 0, 0, 0, 0, 0, 0, 0, 0, 0, 0, 0, 0, 0, 0, 0, 0, 0, 0, 0], "best_fitness_seen_values": [0.8, 0.8, 0.8, 0.8, 0.8, 0.8, 0.8, 0.8, 0.8, 0.8, 0.8, 0.8, 0.8, 0.8, 0.8, 0.8, 0.8, 0.8, 0.8, 0.8, 0.8, 0.8, 0.8, 0.8, 0.8, 0.8, 0.8, 0.8, 0.8, 0.8, 0.8], "time_execution": 1491.3163280000008}