{"generation_number_values": [1, 2, 3, 4, 5], "population_size_values": [10, 10, 10, 10, 10], "generation_fitness_values": [0.59, 0.67, 0.67, 0.67, 0.51], "crossover_rate_values": [0.7626315789473685, 0.7531389961389963, 0.7548000000000002, 0.6931505847953215, 0.6668100163309746], "mutation_rate_values": [0, 0, 0, 0, 0], "best_fitness_seen_values": [0.59, 0.67, 0.67, 0.67, 0.67], "time_execution": 44.575334}