{"generation_number_values": [1, 2, 3, 4, 5, 6, 7, 8, 9, 10, 11, 12, 13, 14, 15, 16, 17, 18, 19, 20, 21, 22, 23, 24, 25, 26, 27, 28, 29, 30, 31, 32], "population_size_values": [26, 26, 26, 26, 26, 26, 26, 26, 26, 26, 26, 26, 26, 26, 26, 26, 26, 26, 26, 26, 26, 26, 26, 26, 26, 26, 26, 26, 26, 26, 26, 26], "generation_fitness_values": [0.78, 0.86, 0.8, 0.56, 0.56, 0.56, 0.56, 0.46, 0.46, 0.7, 0.71, 0.54, 0.54, 0.5, 0.5, 0.5, 0.46, 0.41, 0.43, 0.43, 0.43, 0.43, 0.43, 0.55, 0.55, 0.55, 0.46, 0.46, 0.43, 0.43, 0.55, 0.55], "crossover_rate_values": [0.7563609958506224, 0.7578103448275862, 0.7558524590163939, 0.7558524590163939, 0.7558524590163939, 0.7548000000000001, 0.6931505847953214, 0.6687720364741646, 0.6500000000000001, 0.6312279635258358, 0.6068494152046783, 0.5461111111111111, 0.541388888888889, 0.5380158730158728, 0.5366805122861306, 0.5366722386435707, 0.5366684057081992, 0.5366667030205362, 0.5366666666666668, 0.53666669300969, 0.5366666830878051, 0.5366666737592263, 0.536667490643352, 0.5366667306086629, 0.5368266843995286, 0.536806608860723, 0.5366981825470304, 0.5367019372460116, 0.5366742840204292, 0.5366695553896015, 0.5366670476118462, 0.5367106359324241], "mutation_rate_values": [0, 0, 0, 0, 0, 0, 0, 0, 0, 0, 0, 0, 0, 0, 0, 0, 0, 0, 0, 0, 0, 0, 0, 0, 0, 0, 0, 0, 0, 0, 0, 0], "best_fitness_seen_values": [0.78, 0.86, 0.86, 0.86, 0.86, 0.86, 0.86, 0.86, 0.86, 0.86, 0.86, 0.86, 0.86, 0.86, 0.86, 0.86, 0.86, 0.86, 0.86, 0.86, 0.86, 0.86, 0.86, 0.86, 0.86, 0.86, 0.86, 0.86, 0.86, 0.86, 0.86, 0.86], "time_execution": 1339.1107510000002}