{"generation_number_values": [1, 2, 3, 4, 5, 6, 7, 8, 9, 10, 11, 12, 13, 14, 15, 16, 17, 18, 19, 20, 21, 22, 23, 24, 25, 26, 27, 28, 29, 30, 31], "population_size_values": [50, 50, 50, 50, 50, 50, 50, 50, 50, 50, 50, 50, 50, 50, 50, 50, 50, 50, 50, 50, 50, 50, 50, 50, 50, 50, 50, 50, 50, 50, 50], "generation_fitness_values": [0.8, 0.7, 0.68, 0.61, 0.72, 0.72, 0.72, 0.72, 0.53, 0.53, 0.53, 0.65, 0.67, 0.63, 0.54, 0.67, 0.54, 0.53, 0.53, 0.53, 0.53, 0.53, 0.65, 0.63, 0.63, 0.56, 0.56, 0.72, 0.7, 0.63, 0.65], "crossover_rate_values": [0.7547999999999998, 0.7547999999999998, 0.7547999999999999, 0.6931505847953212, 0.6684633781763831, 0.6500000000000001, 0.6331899836690252, 0.6068494152046783, 0.5461111111111111, 0.6071944618629029, 0.6009148509330338, 0.5987624306696125, 0.5613433330801426, 0.5523168745202972, 0.5689646311110755, 0.5963344978467444, 0.5521706344811705, 0.5963524166908257, 0.5987615435673085, 0.5987414750913711, 0.5987406690359318, 0.5987405258033575, 0.5987393111749563, 0.5610233458042546, 0.5689562693819945, 0.5689545792631399, 0.5911915597024963, 0.5911912621632124, 0.5366853123395395, 0.5366871289461073, 0.5689580641122304], "mutation_rate_values": [0, 0, 0, 0, 0, 0, 0, 0, 0, 0, 0, 0, 0, 0, 0, 0, 0, 0, 0, 0, 0, 0, 0, 0, 0, 0, 0, 0, 0, 0, 0], "best_fitness_seen_values": [0.8, 0.8, 0.8, 0.8, 0.8, 0.8, 0.8, 0.8, 0.8, 0.8, 0.8, 0.8, 0.8, 0.8, 0.8, 0.8, 0.8, 0.8, 0.8, 0.8, 0.8, 0.8, 0.8, 0.8, 0.8, 0.8, 0.8, 0.8, 0.8, 0.8, 0.8], "time_execution": 1550.976542000004}