{"generation_number_values": [1, 2, 3, 4, 5, 6, 7, 8, 9, 10, 11, 12, 13, 14, 15, 16, 17, 18, 19, 20, 21, 22, 23, 24, 25, 26, 27, 28, 29, 30, 31], "population_size_values": [26, 26, 26, 26, 26, 26, 26, 26, 26, 26, 26, 26, 26, 26, 26, 26, 26, 26, 26, 26, 26, 26, 26, 26, 26, 26, 26, 26, 26, 26, 26], "generation_fitness_values": [0.88, 0.72, 0.73, 0.5, 0.5, 0.5, 0.5, 0.5, 0.46, 0.5, 0.5, 0.5, 0.74, 0.74, 0.74, 0.74, 0.54, 0.46, 0.46, 0.46, 0.45, 0.45, 0.45, 0.45, 0.45, 0.74, 0.74, 0.46, 0.46, 0.5, 0.46], "crossover_rate_values": [0.7563609958506224, 0.7578103448275864, 0.7578103448275864, 0.7578103448275864, 0.7548000000000001, 0.6931505847953214, 0.6676558033161808, 0.6500000000000001, 0.6323441966838192, 0.6068494152046783, 0.5461111111111111, 0.541388888888889, 0.5380158730158728, 0.5368902689236962, 0.5375900808995818, 0.5369470683809708, 0.5372288072641902, 0.5366773822030273, 0.5366668062164315, 0.5366703245229224, 0.5366674046887682, 0.5366672395428679, 0.5366679910767739, 0.5366679910767739, 0.5366679910767739, 0.5366667420235034, 0.5376858095120377, 0.5367413583434384, 0.5366666683139477, 0.5366666692018799, 0.5366670472361834], "mutation_rate_values": [0, 0, 0, 0, 0, 0, 0, 0, 0, 0, 0, 0, 0, 0, 0, 0, 0, 0, 0, 0, 0, 0, 0, 0, 0, 0, 0, 0, 0, 0, 0], "best_fitness_seen_values": [0.88, 0.88, 0.88, 0.88, 0.88, 0.88, 0.88, 0.88, 0.88, 0.88, 0.88, 0.88, 0.88, 0.88, 0.88, 0.88, 0.88, 0.88, 0.88, 0.88, 0.88, 0.88, 0.88, 0.88, 0.88, 0.88, 0.88, 0.88, 0.88, 0.88, 0.88], "time_execution": 1342.6714030000003}