{"generation_number_values": [1, 2, 3, 4], "population_size_values": [20, 20, 20, 20], "generation_fitness_values": [0.67, 0.61, 0.54, 0.51], "crossover_rate_values": [0.0, 0.19999999999999998, 0.39999999999999997, 0.5999999999999999], "mutation_rate_values": [0, 0, 0, 0], "best_fitness_seen_values": [0.67, 0.67, 0.67, 0.67], "time_execution": 44.51779199999987}