{"generation_number_values": [1, 2, 3, 4, 5, 6, 7, 8, 9, 10, 11, 12, 13, 14, 15, 16, 17, 18, 19, 20, 21, 22, 23, 24, 25, 26, 27, 28, 29, 30, 31], "population_size_values": [50, 50, 50, 50, 50, 50, 50, 50, 50, 50, 50, 50, 50, 50, 50, 50, 50, 50, 50, 50, 50, 50, 50, 50, 50, 50, 50, 50, 50, 50, 50], "generation_fitness_values": [0.82, 0.75, 0.67, 0.53, 0.53, 0.53, 0.75, 0.75, 0.75, 0.75, 0.75, 0.56, 0.56, 0.53, 0.53, 0.53, 0.53, 0.53, 0.7, 0.67, 0.67, 0.74, 0.74, 0.74, 0.68, 0.68, 0.67, 0.68, 0.68, 0.53, 0.53], "crossover_rate_values": [0.7547999999999999, 0.7513880597014928, 0.7547999999999999, 0.6931505847953212, 0.7040769729752315, 0.7040769729752315, 0.665884517843621, 0.6068494152046783, 0.5461111111111111, 0.541388888888889, 0.5380158730158727, 0.5369155386617201, 0.5912340276783931, 0.5911965772109422, 0.5987501283524178, 0.5987412046906789, 0.5987459887096592, 0.5987479928070502, 0.5987580784445007, 0.5369662510912648, 0.5522291326710017, 0.5521699346112308, 0.5370831440123675, 0.5373106117559452, 0.5371154013792352, 0.5475009611063458, 0.547641301619615, 0.5522369826648106, 0.5474932969514849, 0.547702920434487, 0.598772016889857], "mutation_rate_values": [0, 0, 0, 0, 0, 0, 0, 0, 0, 0, 0, 0, 0, 0, 0, 0, 0, 0, 0, 0, 0, 0, 0, 0, 0, 0, 0, 0, 0, 0, 0], "best_fitness_seen_values": [0.82, 0.82, 0.82, 0.82, 0.82, 0.82, 0.82, 0.82, 0.82, 0.82, 0.82, 0.82, 0.82, 0.82, 0.82, 0.82, 0.82, 0.82, 0.82, 0.82, 0.82, 0.82, 0.82, 0.82, 0.82, 0.82, 0.82, 0.82, 0.82, 0.82, 0.82], "time_execution": 1550.4611690000002}