{"generation_number_values": [1, 2, 3, 4, 5, 6, 7, 8, 9, 10, 11, 12, 13, 14, 15, 16, 17, 18, 19, 20, 21, 22, 23, 24, 25, 26, 27, 28, 29, 30, 31, 32], "population_size_values": [26, 26, 26, 26, 26, 26, 26, 26, 26, 26, 26, 26, 26, 26, 26, 26, 26, 26, 26, 26, 26, 26, 26, 26, 26, 26, 26, 26, 26, 26, 26, 26], "generation_fitness_values": [0.83, 0.86, 0.82, 0.85, 0.85, 0.86, 0.86, 0.86, 0.86, 0.86, 0.84, 0.84, 0.84, 0.84, 0.82, 0.82, 0.81, 0.81, 0.81, 0.73, 0.73, 0.73, 0.73, 0.73, 0.73, 0.73, 0.48, 0.48, 0.48, 0.48, 0.48, 0.48], "crossover_rate_values": [0.7448137121005194, 0.7525648854961836, 0.7558524590163939, 0.7558524590163939, 0.7558524590163939, 0.7548000000000001, 0.6931505847953214, 0.6687720364741646, 0.6500000000000001, 0.6312279635258358, 0.6068494152046783, 0.5461111111111111, 0.541388888888889, 0.5380158730158728, 0.5368242251630748, 0.5367459212699853, 0.5368262159752809, 0.5369296361463156, 0.536771222783267, 0.5367459212699853, 0.5366970809206678, 0.5368245816159349, 0.5374584672708964, 0.5372717971437079, 0.5370555955512852, 0.5368922626621017, 0.5367996822896047, 0.5366666666666668, 0.5366666666666668, 0.5366666666666668, 0.5366666666666668, 0.5366666675979521], "mutation_rate_values": [0, 0, 0, 0, 0, 0, 0, 0, 0, 0, 0, 0, 0, 0, 0, 0, 0, 0, 0, 0, 0, 0, 0, 0, 0, 0, 0, 0, 0, 0, 0, 0], "best_fitness_seen_values": [0.83, 0.86, 0.86, 0.86, 0.86, 0.86, 0.86, 0.86, 0.86, 0.86, 0.86, 0.86, 0.86, 0.86, 0.86, 0.86, 0.86, 0.86, 0.86, 0.86, 0.86, 0.86, 0.86, 0.86, 0.86, 0.86, 0.86, 0.86, 0.86, 0.86, 0.86, 0.86], "time_execution": 1371.8103599999886}