{"generation_number_values": [1, 2, 3, 4, 5, 6, 7, 8, 9, 10, 11, 12, 13, 14, 15, 16, 17, 18, 19, 20, 21, 22, 23, 24, 25, 26, 27, 28, 29, 30, 31], "population_size_values": [26, 26, 26, 26, 26, 26, 26, 26, 26, 26, 26, 26, 26, 26, 26, 26, 26, 26, 26, 26, 26, 26, 26, 26, 26, 26, 26, 26, 26, 26, 26], "generation_fitness_values": [0.8, 0.77, 0.8, 0.55, 0.54, 0.5, 0.5, 0.5, 0.6, 0.6, 0.6, 0.54, 0.45, 0.45, 0.45, 0.45, 0.46, 0.46, 0.46, 0.46, 0.46, 0.46, 0.46, 0.46, 0.46, 0.46, 0.46, 0.46, 0.55, 0.55, 0.73], "crossover_rate_values": [0.7563609958506224, 0.7548, 0.7548, 0.7548, 0.7548, 0.6931505847953214, 0.6694580970384376, 0.6500000000000001, 0.6305419029615625, 0.6068494152046783, 0.5461111111111111, 0.541388888888889, 0.5380158730158728, 0.5366666666666668, 0.5366666666666668, 0.5366666666666668, 0.5366666666666668, 0.5366666667248775, 0.5366666688465644, 0.5366666680076833, 0.5366666676934022, 0.5366666668812492, 0.5366666666666668, 0.5366666666666668, 0.5366666666666668, 0.5366666666666668, 0.5366666666666668, 0.5366666666666668, 0.5366666666666668, 0.5366695553896015, 0.5366807480503797], "mutation_rate_values": [0, 0, 0, 0, 0, 0, 0, 0, 0, 0, 0, 0, 0, 0, 0, 0, 0, 0, 0, 0, 0, 0, 0, 0, 0, 0, 0, 0, 0, 0, 0], "best_fitness_seen_values": [0.8, 0.8, 0.8, 0.8, 0.8, 0.8, 0.8, 0.8, 0.8, 0.8, 0.8, 0.8, 0.8, 0.8, 0.8, 0.8, 0.8, 0.8, 0.8, 0.8, 0.8, 0.8, 0.8, 0.8, 0.8, 0.8, 0.8, 0.8, 0.8, 0.8, 0.8], "time_execution": 1179.153726000004}