{"generation_number_values": [1, 2, 3, 4, 5, 6, 7, 8, 9, 10, 11, 12, 13, 14, 15, 16, 17, 18, 19, 20, 21, 22, 23, 24, 25, 26, 27, 28, 29, 30, 31, 32, 33, 34], "population_size_values": [50, 50, 50, 50, 50, 50, 50, 50, 50, 50, 50, 50, 50, 50, 50, 50, 50, 50, 50, 50, 50, 50, 50, 50, 50, 50, 50, 50, 50, 50, 50, 50, 50, 50], "generation_fitness_values": [0.75, 0.67, 0.7, 0.77, 0.77, 0.65, 0.75, 0.77, 0.59, 0.59, 0.67, 0.67, 0.63, 0.63, 0.62, 0.63, 0.57, 0.61, 0.56, 0.53, 0.53, 0.53, 0.53, 0.53, 0.53, 0.53, 0.53, 0.67, 0.53, 0.53, 0.59, 0.65, 0.53, 0.65], "crossover_rate_values": [0.7563609958506222, 0.7595454545454546, 0.7547999999999999, 0.6931505847953212, 0.6669997247453895, 0.65, 0.6406339589182806, 0.6068494152046783, 0.5461111111111111, 0.5904640847063561, 0.5846174123284876, 0.5521541742652226, 0.5521544093888076, 0.5689625565418974, 0.5689583694860846, 0.5726187211190402, 0.5689544818725666, 0.5884517485263833, 0.5761038284667612, 0.591192532029586, 0.598741130819583, 0.5987404273373502, 0.5987428210409506, 0.5987404273373502, 0.5987411887197926, 0.5987411693203218, 0.5987410738140332, 0.5987406145462706, 0.5521730356645054, 0.598761994721943, 0.5987470396285292, 0.5825882976574648, 0.5610308897454069, 0.5987475621300861], "mutation_rate_values": [0, 0, 0, 0, 0, 0, 0, 0, 0, 0, 0, 0, 0, 0, 0, 0, 0, 0, 0, 0, 0, 0, 0, 0, 0, 0, 0, 0, 0, 0, 0, 0, 0, 0], "best_fitness_seen_values": [0.75, 0.75, 0.75, 0.77, 0.77, 0.77, 0.77, 0.77, 0.77, 0.77, 0.77, 0.77, 0.77, 0.77, 0.77, 0.77, 0.77, 0.77, 0.77, 0.77, 0.77, 0.77, 0.77, 0.77, 0.77, 0.77, 0.77, 0.77, 0.77, 0.77, 0.77, 0.77, 0.77, 0.77], "time_execution": 1686.9175870000036}