{"generation_number_values": [1, 2, 3, 4, 5, 6, 7, 8, 9, 10, 11, 12, 13, 14, 15, 16, 17, 18, 19, 20, 21, 22, 23, 24, 25, 26, 27, 28, 29, 30, 31], "population_size_values": [26, 26, 26, 26, 26, 26, 26, 26, 26, 26, 26, 26, 26, 26, 26, 26, 26, 26, 26, 26, 26, 26, 26, 26, 26, 26, 26, 26, 26, 26, 26], "generation_fitness_values": [0.82, 0.71, 0.7, 0.5, 0.54, 0.54, 0.54, 0.54, 0.54, 0.56, 0.56, 0.56, 0.56, 0.56, 0.55, 0.55, 0.55, 0.55, 0.55, 0.79, 0.79, 0.79, 0.79, 0.5, 0.5, 0.58, 0.58, 0.58, 0.63, 0.63, 0.63], "crossover_rate_values": [0.7563609958506224, 0.7513880597014928, 0.7513880597014928, 0.7513880597014928, 0.7513880597014928, 0.6931505847953214, 0.6722318214542843, 0.6500000000000002, 0.6277681785457164, 0.6068494152046783, 0.5461111111111111, 0.541388888888889, 0.5380158730158728, 0.5367305891761792, 0.5366931328994201, 0.53670420645141, 0.5367046780972287, 0.536705178442051, 0.5367063495628274, 0.5366846130133468, 0.5368432654213536, 0.5370203441121727, 0.5377975136055906, 0.537080036609825, 0.5366785159351568, 0.536676405992023, 0.5367750654113161, 0.5368662533463355, 0.5367250065039578, 0.536684448270435, 0.536683660476177], "mutation_rate_values": [0, 0, 0, 0, 0, 0, 0, 0, 0, 0, 0, 0, 0, 0, 0, 0, 0, 0, 0, 0, 0, 0, 0, 0, 0, 0, 0, 0, 0, 0, 0], "best_fitness_seen_values": [0.82, 0.82, 0.82, 0.82, 0.82, 0.82, 0.82, 0.82, 0.82, 0.82, 0.82, 0.82, 0.82, 0.82, 0.82, 0.82, 0.82, 0.82, 0.82, 0.82, 0.82, 0.82, 0.82, 0.82, 0.82, 0.82, 0.82, 0.82, 0.82, 0.82, 0.82], "time_execution": 1283.807603000001}