{"generation_number_values": [1, 2, 3, 4, 5, 6, 7, 8, 9, 10, 11, 12, 13, 14, 15, 16, 17, 18, 19, 20, 21, 22, 23, 24, 25, 26, 27, 28, 29, 30, 31], "population_size_values": [26, 26, 26, 26, 26, 26, 26, 26, 26, 26, 26, 26, 26, 26, 26, 26, 26, 26, 26, 26, 26, 26, 26, 26, 26, 26, 26, 26, 26, 26, 26], "generation_fitness_values": [0.79, 0.75, 0.57, 0.54, 0.5, 0.46, 0.46, 0.45, 0.46, 0.71, 0.71, 0.71, 0.71, 0.71, 0.54, 0.54, 0.54, 0.46, 0.45, 0.7, 0.7, 0.7, 0.7, 0.7, 0.66, 0.66, 0.55, 0.76, 0.76, 0.76, 0.73], "crossover_rate_values": [0.7563609958506224, 0.7563609958506223, 0.7563609958506223, 0.7563609958506223, 0.7548000000000001, 0.6931505847953214, 0.6684633781763829, 0.6499999999999997, 0.6315366218236171, 0.6068494152046783, 0.5461111111111111, 0.541388888888889, 0.5380158730158728, 0.5371157022839805, 0.5367858163942013, 0.536668807479223, 0.5366813287745148, 0.5366680676454563, 0.536666716526778, 0.536666704785729, 0.5377344521013976, 0.5376628311853732, 0.5375227645473802, 0.5376342631993938, 0.536880064034743, 0.5371578311915418, 0.5367078918182715, 0.5366920649797524, 0.5367335669480643, 0.5374037023025896, 0.5375329027540036], "mutation_rate_values": [0, 0, 0, 0, 0, 0, 0, 0, 0, 0, 0, 0, 0, 0, 0, 0, 0, 0, 0, 0, 0, 0, 0, 0, 0, 0, 0, 0, 0, 0, 0], "best_fitness_seen_values": [0.79, 0.79, 0.79, 0.79, 0.79, 0.79, 0.79, 0.79, 0.79, 0.79, 0.79, 0.79, 0.79, 0.79, 0.79, 0.79, 0.79, 0.79, 0.79, 0.79, 0.79, 0.79, 0.79, 0.79, 0.79, 0.79, 0.79, 0.79, 0.79, 0.79, 0.79], "time_execution": 1301.929680000001}