{"generation_number_values": [1, 2, 3, 4, 5, 6, 7, 8, 9, 10, 11, 12, 13, 14, 15, 16, 17, 18, 19, 20, 21, 22, 23, 24, 25, 26, 27, 28, 29, 30, 31], "population_size_values": [26, 26, 26, 26, 26, 26, 26, 26, 26, 26, 26, 26, 26, 26, 26, 26, 26, 26, 26, 26, 26, 26, 26, 26, 26, 26, 26, 26, 26, 26, 26], "generation_fitness_values": [0.86, 0.73, 0.68, 0.56, 0.62, 0.62, 0.62, 0.62, 0.62, 0.46, 0.54, 0.69, 0.75, 0.75, 0.75, 0.54, 0.54, 0.68, 0.63, 0.63, 0.63, 0.75, 0.71, 0.75, 0.75, 0.71, 0.54, 0.54, 0.54, 0.54, 0.54], "crossover_rate_values": [0.7563609958506224, 0.7558524590163939, 0.7558524590163939, 0.7558524590163939, 0.7548000000000001, 0.6931505847953214, 0.6687720364741646, 0.6500000000000001, 0.6312279635258358, 0.6068494152046783, 0.5461111111111111, 0.541388888888889, 0.5380158730158728, 0.5373489430629002, 0.5386139946199019, 0.536903129796932, 0.536765167519996, 0.5367167835320299, 0.537160536714479, 0.536700177100177, 0.5366758628151035, 0.5367351925934393, 0.5369105788666984, 0.5368075381379525, 0.5367484906244188, 0.5369196693155621, 0.5367444618985971, 0.5366730903402602, 0.5366697853396171, 0.5366691188820453, 0.5366666700993523], "mutation_rate_values": [0, 0, 0, 0, 0, 0, 0, 0, 0, 0, 0, 0, 0, 0, 0, 0, 0, 0, 0, 0, 0, 0, 0, 0, 0, 0, 0, 0, 0, 0, 0], "best_fitness_seen_values": [0.86, 0.86, 0.86, 0.86, 0.86, 0.86, 0.86, 0.86, 0.86, 0.86, 0.86, 0.86, 0.86, 0.86, 0.86, 0.86, 0.86, 0.86, 0.86, 0.86, 0.86, 0.86, 0.86, 0.86, 0.86, 0.86, 0.86, 0.86, 0.86, 0.86, 0.86], "time_execution": 1227.3216499999999}