{"generation_number_values": [1, 2, 3, 4, 5, 6, 7, 8, 9, 10, 11, 12, 13, 14, 15, 16, 17, 18, 19, 20, 21, 22, 23, 24, 25, 26, 27, 28, 29, 30, 31], "population_size_values": [26, 26, 26, 26, 26, 26, 26, 26, 26, 26, 26, 26, 26, 26, 26, 26, 26, 26, 26, 26, 26, 26, 26, 26, 26, 26, 26, 26, 26, 26, 26], "generation_fitness_values": [0.88, 0.88, 0.85, 0.85, 0.85, 0.86, 0.82, 0.82, 0.82, 0.82, 0.82, 0.82, 0.82, 0.82, 0.82, 0.82, 0.82, 0.82, 0.84, 0.84, 0.84, 0.84, 0.84, 0.84, 0.84, 0.84, 0.84, 0.84, 0.74, 0.74, 0.74], "crossover_rate_values": [0.7448137121005194, 0.7578103448275864, 0.7578103448275864, 0.7578103448275864, 0.7548000000000001, 0.6931505847953214, 0.6676558033161808, 0.6500000000000001, 0.6323441966838192, 0.6068494152046783, 0.5461111111111111, 0.541388888888889, 0.5380158730158728, 0.5366666782019386, 0.536753720135595, 0.5369908724385857, 0.5372575546009407, 0.5373976709731847, 0.5369706966325235, 0.5369102306246479, 0.5367313654488528, 0.5366669133129458, 0.5366667154433947, 0.5366677443682226, 0.5366689619333761, 0.5366802806990104, 0.5366775186142858, 0.5366743708554403, 0.5366679771323684, 0.5366666881130351, 0.5366666737592263], "mutation_rate_values": [0, 0, 0, 0, 0, 0, 0, 0, 0, 0, 0, 0, 0, 0, 0, 0, 0, 0, 0, 0, 0, 0, 0, 0, 0, 0, 0, 0, 0, 0, 0], "best_fitness_seen_values": [0.88, 0.88, 0.88, 0.88, 0.88, 0.88, 0.88, 0.88, 0.88, 0.88, 0.88, 0.88, 0.88, 0.88, 0.88, 0.88, 0.88, 0.88, 0.88, 0.88, 0.88, 0.88, 0.88, 0.88, 0.88, 0.88, 0.88, 0.88, 0.88, 0.88, 0.88], "time_execution": 1251.6579920000004}