{"generation_number_values": [1, 2, 3, 4, 5, 6, 7, 8, 9, 10, 11, 12, 13, 14, 15, 16, 17, 18, 19, 20, 21, 22, 23, 24, 25, 26, 27, 28, 29, 30, 31, 32, 33, 34], "population_size_values": [26, 26, 26, 26, 26, 26, 26, 26, 26, 26, 26, 26, 26, 26, 26, 26, 26, 26, 26, 26, 26, 26, 26, 26, 26, 26, 26, 26, 26, 26, 26, 26, 26, 26], "generation_fitness_values": [0.85, 0.85, 0.85, 0.87, 0.84, 0.84, 0.8, 0.79, 0.79, 0.79, 0.79, 0.75, 0.63, 0.65, 0.65, 0.65, 0.65, 0.65, 0.65, 0.65, 0.55, 0.65, 0.65, 0.73, 0.73, 0.73, 0.73, 0.73, 0.66, 0.66, 0.66, 0.77, 0.66, 0.66], "crossover_rate_values": [0.7448137121005194, 0.7548000000000001, 0.7548000000000001, 0.7548000000000001, 0.756857142857143, 0.756857142857143, 0.756857142857143, 0.7548000000000001, 0.6931505847953214, 0.6681753972925251, 0.6499999999999997, 0.631824602707475, 0.6068494152046783, 0.5461111111111111, 0.541388888888889, 0.5380158730158728, 0.53667205050509, 0.536676937506203, 0.536669480682544, 0.5366714840353966, 0.5366691723439543, 0.5366666666666668, 0.5366718449099536, 0.5366831767097474, 0.5366984071838192, 0.5366800510351625, 0.536726629305064, 0.536757639430456, 0.5367322943475361, 0.5367390506178548, 0.536782377482397, 0.5367512343823534, 0.5368041655364604, 0.5368742540227133], "mutation_rate_values": [0, 0, 0, 0, 0, 0, 0, 0, 0, 0, 0, 0, 0, 0, 0, 0, 0, 0, 0, 0, 0, 0, 0, 0, 0, 0, 0, 0, 0, 0, 0, 0, 0, 0], "best_fitness_seen_values": [0.85, 0.85, 0.85, 0.87, 0.87, 0.87, 0.87, 0.87, 0.87, 0.87, 0.87, 0.87, 0.87, 0.87, 0.87, 0.87, 0.87, 0.87, 0.87, 0.87, 0.87, 0.87, 0.87, 0.87, 0.87, 0.87, 0.87, 0.87, 0.87, 0.87, 0.87, 0.87, 0.87, 0.87], "time_execution": 1557.2650969999959}