{"generation_number_values": [1, 2, 3, 4, 5, 6, 7, 8, 9, 10, 11, 12, 13, 14, 15, 16, 17, 18, 19, 20, 21, 22, 23, 24, 25, 26, 27, 28, 29, 30, 31], "population_size_values": [50, 50, 50, 50, 50, 50, 50, 50, 50, 50, 50, 50, 50, 50, 50, 50, 50, 50, 50, 50, 50, 50, 50, 50, 50, 50, 50, 50, 50, 50, 50], "generation_fitness_values": [0.8, 0.72, 0.68, 0.63, 0.53, 0.72, 0.72, 0.72, 0.68, 0.75, 0.75, 0.61, 0.59, 0.72, 0.74, 0.61, 0.57, 0.63, 0.63, 0.63, 0.68, 0.68, 0.63, 0.79, 0.79, 0.72, 0.72, 0.77, 0.77, 0.43, 0.55], "crossover_rate_values": [0.7547999999999999, 0.7547999999999998, 0.7547999999999999, 0.6931505847953212, 0.6669997247453895, 0.7040769729752315, 0.6331899836690252, 0.6068494152046783, 0.5461111111111111, 0.5529933229537058, 0.5380158730158727, 0.5369970342187694, 0.576170544326292, 0.5825731384708951, 0.5372370889723074, 0.5372249574871817, 0.5761647792126747, 0.5884990773191153, 0.5690631448101424, 0.5691370300758204, 0.5690267799871846, 0.5473976376285238, 0.5473982647763852, 0.5689561257985201, 0.5370709099841893, 0.5369533630867659, 0.5367221480391291, 0.5366832354778333, 0.5368512751646883, 0.537032144492096, 0.6181470474263583], "mutation_rate_values": [0, 0, 0, 0, 0, 0, 0, 0, 0, 0, 0, 0, 0, 0, 0, 0, 0, 0, 0, 0, 0, 0, 0, 0, 0, 0, 0, 0, 0, 0, 0], "best_fitness_seen_values": [0.8, 0.8, 0.8, 0.8, 0.8, 0.8, 0.8, 0.8, 0.8, 0.8, 0.8, 0.8, 0.8, 0.8, 0.8, 0.8, 0.8, 0.8, 0.8, 0.8, 0.8, 0.8, 0.8, 0.8, 0.8, 0.8, 0.8, 0.8, 0.8, 0.8, 0.8], "time_execution": 1477.0355260000215}