{"generation_number_values": [1, 2, 3, 4, 5, 6, 7, 8, 9, 10, 11, 12, 13, 14, 15, 16, 17, 18, 19, 20, 21, 22, 23, 24, 25, 26, 27, 28, 29, 30], "population_size_values": [26, 26, 26, 26, 26, 26, 26, 26, 26, 26, 26, 26, 26, 26, 26, 26, 26, 26, 26, 26, 26, 26, 26, 26, 26, 26, 26, 26, 26, 26], "generation_fitness_values": [0.79, 0.75, 0.54, 0.54, 0.5, 0.46, 0.46, 0.39, 0.39, 0.38, 0.38, 0.79, 0.79, 0.71, 0.64, 0.5, 0.48, 0.48, 0.54, 0.74, 0.74, 0.74, 0.74, 0.75, 0.77, 0.77, 0.75, 0.69, 0.69, 0.55], "crossover_rate_values": [0.7578103448275864, 0.7563609958506223, 0.7548000000000001, 0.6942586161472317, 0.6942586161472317, 0.7470933521923621, 0.6819037358449631, 0.6510363268410916, 0.6442938128503417, 0.6329124131616569, 0.6276437858099043, 0.6253763075755304, 0.5389620839774467, 0.5398903206064143, 0.5369839727417177, 0.5651227631408399, 0.6053923724402814, 0.609397941714418, 0.609397941714418, 0.5963327248938254, 0.5366871735890576, 0.5370688392500733, 0.5370375275300072, 0.5367296673780031, 0.5368915742284468, 0.5372765921546849, 0.5368461619708834, 0.5367920348088144, 0.5422668815535855, 0.5421719685888985], "mutation_rate_values": [0, 0, 0, 0, 0, 0, 0, 0, 0, 0, 0, 0, 0, 0, 0, 0, 0, 0, 0, 0, 0, 0, 0, 0, 0, 0, 0, 0, 0, 0], "best_fitness_seen_values": [0.79, 0.79, 0.79, 0.79, 0.79, 0.79, 0.79, 0.79, 0.79, 0.79, 0.79, 0.79, 0.79, 0.79, 0.79, 0.79, 0.79, 0.79, 0.79, 0.79, 0.79, 0.79, 0.79, 0.79, 0.79, 0.79, 0.79, 0.79, 0.79, 0.79], "time_execution": 1001.7217030000029}