{"generation_number_values": [1, 2, 3, 4, 5, 6, 7, 8, 9, 10, 11, 12, 13, 14, 15, 16, 17, 18, 19, 20, 21, 22, 23, 24, 25, 26, 27, 28, 29, 30, 31], "population_size_values": [50, 50, 50, 50, 50, 50, 50, 50, 50, 50, 50, 50, 50, 50, 50, 50, 50, 50, 50, 50, 50, 50, 50, 50, 50, 50, 50, 50, 50, 50, 50], "generation_fitness_values": [0.8, 0.77, 0.55, 0.68, 0.7, 0.68, 0.67, 0.7, 0.74, 0.7, 0.7, 0.7, 0.74, 0.77, 0.79, 0.79, 0.72, 0.7, 0.7, 0.74, 0.74, 0.75, 0.75, 0.7, 0.75, 0.7, 0.65, 0.53, 0.53, 0.53, 0.57], "crossover_rate_values": [0.7547999999999998, 0.7547999999999998, 0.7547999999999999, 0.6911488673139167, 0.6668100163309743, 0.6500000000000001, 0.6362594256988348, 0.6132881645792465, 0.5461111111111111, 0.541388888888889, 0.5380158730158727, 0.5375246369491541, 0.5371703560055914, 0.5371363278322767, 0.5375122417613974, 0.5373615842628273, 0.5369816617747056, 0.5369279860917439, 0.5367474207546828, 0.5369363986396968, 0.5368443867162198, 0.5367799115274523, 0.5369081297321139, 0.5368669727057943, 0.5368821680439292, 0.537029826146457, 0.5367879708550146, 0.5610804935262315, 0.598769982021611, 0.598752118868648, 0.5987464857382006], "mutation_rate_values": [0, 0, 0, 0, 0, 0, 0, 0, 0, 0, 0, 0, 0, 0, 0, 0, 0, 0, 0, 0, 0, 0, 0, 0, 0, 0, 0, 0, 0, 0, 0], "best_fitness_seen_values": [0.8, 0.8, 0.8, 0.8, 0.8, 0.8, 0.8, 0.8, 0.8, 0.8, 0.8, 0.8, 0.8, 0.8, 0.8, 0.8, 0.8, 0.8, 0.8, 0.8, 0.8, 0.8, 0.8, 0.8, 0.8, 0.8, 0.8, 0.8, 0.8, 0.8, 0.8], "time_execution": 1503.8657390000008}