{"generation_number_values": [1, 2, 3, 4, 5, 6, 7, 8, 9, 10, 11, 12, 13, 14, 15, 16, 17, 18, 19, 20, 21, 22, 23, 24, 25, 26, 27, 28, 29, 30, 31], "population_size_values": [50, 50, 50, 50, 50, 50, 50, 50, 50, 50, 50, 50, 50, 50, 50, 50, 50, 50, 50, 50, 50, 50, 50, 50, 50, 50, 50, 50, 50, 50, 50], "generation_fitness_values": [0.79, 0.72, 0.65, 0.56, 0.43, 0.53, 0.75, 0.75, 0.75, 0.75, 0.74, 0.56, 0.53, 0.53, 0.53, 0.74, 0.74, 0.74, 0.74, 0.74, 0.74, 0.74, 0.74, 0.74, 0.74, 0.74, 0.67, 0.74, 0.74, 0.72, 0.68], "crossover_rate_values": [0.7547999999999999, 0.7563609958506222, 0.7547999999999999, 0.6931505847953212, 0.6809950248756222, 0.7508725297933327, 0.665884517843621, 0.6068494152046783, 0.5461111111111111, 0.541388888888889, 0.5380158730158727, 0.5367744636028973, 0.5912308452131684, 0.5987592147889856, 0.5987543222094566, 0.5987547883011469, 0.5372875868917801, 0.5372725303861512, 0.5371321952934524, 0.5369318687123452, 0.5368478309356527, 0.5371733832108258, 0.536987352706912, 0.5369539638826933, 0.5368173043226814, 0.5367472652533976, 0.5367143839197346, 0.5525219105537027, 0.5372707462786598, 0.537021057631584, 0.5367222884277099], "mutation_rate_values": [0, 0, 0, 0, 0, 0, 0, 0, 0, 0, 0, 0, 0, 0, 0, 0, 0, 0, 0, 0, 0, 0, 0, 0, 0, 0, 0, 0, 0, 0, 0], "best_fitness_seen_values": [0.79, 0.79, 0.79, 0.79, 0.79, 0.79, 0.79, 0.79, 0.79, 0.79, 0.79, 0.79, 0.79, 0.79, 0.79, 0.79, 0.79, 0.79, 0.79, 0.79, 0.79, 0.79, 0.79, 0.79, 0.79, 0.79, 0.79, 0.79, 0.79, 0.79, 0.79], "time_execution": 1468.436160000001}