{"generation_number_values": [1, 2, 3, 4, 5], "population_size_values": [20, 20, 20, 20, 20], "generation_fitness_values": [0.62, 0.58, 0.65, 0.6, 0.6], "crossover_rate_values": [0.7626315789473687, 0.7578103448275862, 0.7513880597014928, 0.6931505847953215, 0.6694580970384375], "mutation_rate_values": [0, 0, 0, 0, 0], "best_fitness_seen_values": [0.62, 0.62, 0.65, 0.65, 0.65], "time_execution": 110.048044}