{"generation_number_values": [1, 2, 3, 4, 5, 6, 7, 8, 9, 10, 11, 12, 13, 14, 15, 16, 17, 18, 19, 20, 21, 22, 23, 24, 25, 26, 27, 28, 29, 30, 31, 32, 33, 34, 35, 36, 37, 38, 39, 40, 41, 42, 43, 44, 45, 46, 47, 48, 49, 50, 51, 52, 53, 54, 55, 56, 57, 58, 59], "population_size_values": [26, 26, 26, 26, 26, 26, 26, 26, 26, 26, 26, 26, 26, 26, 26, 26, 26, 26, 26, 26, 26, 26, 26, 26, 26, 26, 26, 26, 26, 26, 26, 26, 26, 26, 26, 26, 26, 26, 26, 26, 26, 26, 26, 26, 26, 26, 26, 26, 26, 26, 26, 26, 26, 26, 26, 26, 26, 26, 26], "generation_fitness_values": [0.75, 0.71, 0.69, 0.5, 0.5, 0.46, 0.6, 0.6, 0.6, 0.6, 0.5, 0.5, 0.72, 0.54, 0.54, 0.56, 0.54, 0.69, 0.48, 0.48, 0.48, 0.48, 0.48, 0.48, 0.55, 0.55, 0.78, 0.76, 0.79, 0.76, 0.66, 0.66, 0.66, 0.5, 0.5, 0.5, 0.5, 0.5, 0.54, 0.54, 0.5, 0.58, 0.58, 0.5, 0.5, 0.5, 0.5, 0.5, 0.46, 0.46, 0.71, 0.71, 0.71, 0.7, 0.75, 0.73, 0.75, 0.75, 0.75], "crossover_rate_values": [0.7563609958506224, 0.7613414634146344, 0.7613414634146344, 0.7595454545454547, 0.7548000000000001, 0.6931505847953214, 0.6668100163309745, 0.6499999999999997, 0.6331899836690253, 0.6068494152046783, 0.5461111111111111, 0.541388888888889, 0.5380158730158728, 0.536709171769175, 0.536674245767805, 0.536670386154883, 0.5366704318328724, 0.5366695874084533, 0.5367084583347835, 0.5366666666666668, 0.5366666666666668, 0.5366666666666668, 0.5366666666666668, 0.5366666666666668, 0.5366666666666668, 0.5366690782196806, 0.5366726925407306, 0.7578103448275862, 0.7578103448275862, 0.7563609958506223, 0.7563609958506223, 0.7563609958506223, 0.7548000000000001, 0.6931505847953214, 0.6684633781763829, 0.6499999999999997, 0.6315366218236171, 0.6068494152046783, 0.5461111111111111, 0.541388888888889, 0.5380158730158728, 0.536677991610593, 0.5368139839700363, 0.5366936516535016, 0.536681054054096, 0.5366852691012288, 0.536678671760426, 0.5366740608545727, 0.5366703349527249, 0.5366684735947398, 0.5366669416071768, 0.5368783223110497, 0.537521356668732, 0.5371864676205262, 0.5368058127069143, 0.5368900288615749, 0.5370394394181116, 0.5369316102147687, 0.5367768980982895], "mutation_rate_values": [0, 0, 0, 0, 0, 0, 0, 0, 0, 0, 0, 0, 0, 0, 0, 0, 0, 0, 0, 0, 0, 0, 0, 0, 0, 0, 0, 0, 0, 0, 0, 0, 0, 0, 0, 0, 0, 0, 0, 0, 0, 0, 0, 0, 0, 0, 0, 0, 0, 0, 0, 0, 0, 0, 0, 0, 0, 0, 0], "best_fitness_seen_values": [0.75, 0.75, 0.75, 0.75, 0.75, 0.75, 0.75, 0.75, 0.75, 0.75, 0.75, 0.75, 0.75, 0.75, 0.75, 0.75, 0.75, 0.75, 0.75, 0.75, 0.75, 0.75, 0.75, 0.75, 0.75, 0.75, 0.78, 0.78, 0.79, 0.79, 0.79, 0.79, 0.79, 0.79, 0.79, 0.79, 0.79, 0.79, 0.79, 0.79, 0.79, 0.79, 0.79, 0.79, 0.79, 0.79, 0.79, 0.79, 0.79, 0.79, 0.79, 0.79, 0.79, 0.79, 0.79, 0.79, 0.79, 0.79, 0.79], "time_execution": 2224.976112000004}