{"generation_number_values": [1, 2, 3, 4, 5, 6, 7, 8, 9, 10, 11, 12, 13, 14, 15, 16, 17, 18, 19, 20, 21, 22, 23, 24, 25, 26, 27, 28, 29, 30, 31], "population_size_values": [26, 26, 26, 26, 26, 26, 26, 26, 26, 26, 26, 26, 26, 26, 26, 26, 26, 26, 26, 26, 26, 26, 26, 26, 26, 26, 26, 26, 26, 26, 26], "generation_fitness_values": [0.77, 0.62, 0.62, 0.5, 0.5, 0.5, 0.5, 0.55, 0.55, 0.5, 0.5, 0.5, 0.46, 0.54, 0.54, 0.54, 0.56, 0.56, 0.55, 0.56, 0.7, 0.68, 0.56, 0.71, 0.71, 0.71, 0.71, 0.64, 0.64, 0.54, 0.6], "crossover_rate_values": [0.7563609958506224, 0.7591345291479821, 0.7591345291479821, 0.7591345291479821, 0.7548000000000001, 0.6931505847953214, 0.6669997247453896, 0.6499999999999997, 0.6330002752546103, 0.6068494152046783, 0.5461111111111111, 0.541388888888889, 0.5380158730158728, 0.5366666666666668, 0.5366687994981573, 0.5366758335966297, 0.5366721973481602, 0.5366772348951911, 0.5366818671475276, 0.536676502109695, 0.5366745747963552, 0.5368641124852448, 0.5366937758923174, 0.5366696634997038, 0.5370185733750644, 0.5375968975721028, 0.5371535459075066, 0.5367380765554441, 0.5367482993424926, 0.5367243580300032, 0.5366696792551932], "mutation_rate_values": [0, 0, 0, 0, 0, 0, 0, 0, 0, 0, 0, 0, 0, 0, 0, 0, 0, 0, 0, 0, 0, 0, 0, 0, 0, 0, 0, 0, 0, 0, 0], "best_fitness_seen_values": [0.77, 0.77, 0.77, 0.77, 0.77, 0.77, 0.77, 0.77, 0.77, 0.77, 0.77, 0.77, 0.77, 0.77, 0.77, 0.77, 0.77, 0.77, 0.77, 0.77, 0.77, 0.77, 0.77, 0.77, 0.77, 0.77, 0.77, 0.77, 0.77, 0.77, 0.77], "time_execution": 1267.5143909999988}