{"generation_number_values": [1, 2, 3, 4, 5, 6, 7, 8, 9, 10, 11, 12, 13, 14, 15, 16, 17, 18, 19, 20, 21, 22, 23, 24, 25, 26, 27, 28, 29, 30, 31, 32, 33, 34], "population_size_values": [26, 26, 26, 26, 26, 26, 26, 26, 26, 26, 26, 26, 26, 26, 26, 26, 26, 26, 26, 26, 26, 26, 26, 26, 26, 26, 26, 26, 26, 26, 26, 26, 26, 26], "generation_fitness_values": [0.8, 0.84, 0.84, 0.86, 0.86, 0.84, 0.84, 0.84, 0.81, 0.81, 0.81, 0.81, 0.78, 0.78, 0.78, 0.78, 0.78, 0.79, 0.79, 0.79, 0.79, 0.78, 0.78, 0.74, 0.75, 0.75, 0.75, 0.75, 0.75, 0.75, 0.75, 0.75, 0.75, 0.75], "crossover_rate_values": [0.7448137121005194, 0.7548, 0.753703125, 0.753703125, 0.7558524590163939, 0.7558524590163939, 0.7558524590163939, 0.7548000000000001, 0.6931505847953214, 0.6687720364741646, 0.6500000000000001, 0.6312279635258358, 0.6068494152046783, 0.5461111111111111, 0.541388888888889, 0.5380158730158728, 0.5367373167490701, 0.536735510199657, 0.5369889580017355, 0.5366743106870837, 0.5366674073034573, 0.5366684899486953, 0.5366668199709118, 0.5366667154433947, 0.5366666666666668, 0.5366666676934022, 0.536666668597671, 0.5366666668812492, 0.5366666700993523, 0.5366666675979521, 0.5366666666666668, 0.5366666666666668, 0.536666704785729, 0.5367410939973587], "mutation_rate_values": [0, 0, 0, 0, 0, 0, 0, 0, 0, 0, 0, 0, 0, 0, 0, 0, 0, 0, 0, 0, 0, 0, 0, 0, 0, 0, 0, 0, 0, 0, 0, 0, 0, 0], "best_fitness_seen_values": [0.8, 0.84, 0.84, 0.86, 0.86, 0.86, 0.86, 0.86, 0.86, 0.86, 0.86, 0.86, 0.86, 0.86, 0.86, 0.86, 0.86, 0.86, 0.86, 0.86, 0.86, 0.86, 0.86, 0.86, 0.86, 0.86, 0.86, 0.86, 0.86, 0.86, 0.86, 0.86, 0.86, 0.86], "time_execution": 1460.5305609999923}