{"generation_number_values": [1, 2, 3, 4, 5], "population_size_values": [10, 10, 10, 10, 10], "generation_fitness_values": [0.59, 0.62, 0.58, 0.51, 0.51], "crossover_rate_values": [1.0, 0.8, 0.6, 0.4, 0.19999999999999996], "mutation_rate_values": [0, 0, 0, 0, 0], "best_fitness_seen_values": [0.59, 0.62, 0.62, 0.62, 0.62], "time_execution": 30.531279000000012}