{"generation_number_values": [1, 2, 3, 4, 5, 6, 7, 8, 9, 10, 11, 12, 13, 14, 15, 16, 17, 18, 19, 20, 21, 22, 23, 24, 25, 26, 27, 28, 29, 30, 31], "population_size_values": [26, 26, 26, 26, 26, 26, 26, 26, 26, 26, 26, 26, 26, 26, 26, 26, 26, 26, 26, 26, 26, 26, 26, 26, 26, 26, 26, 26, 26, 26, 26], "generation_fitness_values": [0.82, 0.61, 0.74, 0.55, 0.5, 0.5, 0.46, 0.5, 0.5, 0.5, 0.5, 0.5, 0.5, 0.54, 0.54, 0.55, 0.55, 0.55, 0.55, 0.54, 0.54, 0.5, 0.5, 0.5, 0.56, 0.56, 0.56, 0.68, 0.7, 0.71, 0.71], "crossover_rate_values": [0.7578103448275864, 0.7513880597014928, 0.7548000000000001, 0.6931505847953214, 0.6866812865497083, 0.7470933521923621, 0.6740575752523704, 0.6510363268410916, 0.6250387664178668, 0.6140045615657266, 0.6076015124388083, 0.6053931026684801, 0.605392554633207, 0.605392554633207, 0.5963341908372409, 0.5963311651064833, 0.593817044051331, 0.5938169807800353, 0.5938169841581206, 0.5942673780886097, 0.5965997709861676, 0.5963890552838532, 0.6054335674936626, 0.6054132678781904, 0.605397462367393, 0.5911933033221838, 0.5911995944503976, 0.5912036307365403, 0.5473856461788725, 0.536859535277306, 0.5367357402950093], "mutation_rate_values": [0, 0, 0, 0, 0, 0, 0, 0, 0, 0, 0, 0, 0, 0, 0, 0, 0, 0, 0, 0, 0, 0, 0, 0, 0, 0, 0, 0, 0, 0, 0], "best_fitness_seen_values": [0.82, 0.82, 0.82, 0.82, 0.82, 0.82, 0.82, 0.82, 0.82, 0.82, 0.82, 0.82, 0.82, 0.82, 0.82, 0.82, 0.82, 0.82, 0.82, 0.82, 0.82, 0.82, 0.82, 0.82, 0.82, 0.82, 0.82, 0.82, 0.82, 0.82, 0.82], "time_execution": 1043.228016000001}