{"generation_number_values": [1, 2, 3, 4, 5, 6, 7, 8, 9, 10, 11, 12, 13, 14, 15, 16, 17, 18, 19, 20, 21, 22, 23, 24, 25, 26, 27, 28, 29, 30], "population_size_values": [26, 26, 26, 26, 26, 26, 26, 26, 26, 26, 26, 26, 26, 26, 26, 26, 26, 26, 26, 26, 26, 26, 26, 26, 26, 26, 26, 26, 26, 26], "generation_fitness_values": [0.76, 0.6, 0.55, 0.5, 0.46, 0.54, 0.54, 0.54, 0.54, 0.54, 0.56, 0.68, 0.58, 0.71, 0.71, 0.56, 0.56, 0.54, 0.5, 0.5, 0.46, 0.46, 0.46, 0.55, 0.55, 0.7, 0.7, 0.48, 0.48, 0.54], "crossover_rate_values": [0.7578103448275864, 0.7595454545454547, 0.7548000000000001, 0.6911488673139167, 0.7470933521923621, 0.7492880610149603, 0.6609444238622552, 0.6342362191286395, 0.615430354655125, 0.6047190679858928, 0.5984915981754628, 0.5911996621987987, 0.5473459521634175, 0.5855745391739322, 0.5368182667706305, 0.5367615501705825, 0.5912039721903453, 0.5912112029826491, 0.5963321649315169, 0.6053916053145237, 0.6053913337100659, 0.61310128842236, 0.61310128842236, 0.61310128842236, 0.5938418718787791, 0.5938352898544909, 0.5368126557959274, 0.5367303204347875, 0.6093979468585601, 0.609397941714418], "mutation_rate_values": [0, 0, 0, 0, 0, 0, 0, 0, 0, 0, 0, 0, 0, 0, 0, 0, 0, 0, 0, 0, 0, 0, 0, 0, 0, 0, 0, 0, 0, 0], "best_fitness_seen_values": [0.79, 0.79, 0.79, 0.79, 0.79, 0.79, 0.79, 0.79, 0.79, 0.79, 0.79, 0.79, 0.79, 0.79, 0.79, 0.79, 0.79, 0.79, 0.79, 0.79, 0.79, 0.79, 0.79, 0.79, 0.79, 0.79, 0.79, 0.79, 0.79, 0.79], "time_execution": 1055.6215929999998}