{"generation_number_values": [1, 2, 3, 4], "population_size_values": [10, 10, 10, 10], "generation_fitness_values": [0.67, 0.52, 0.51, 0.51], "crossover_rate_values": [0.7626315789473685, 0.7595454545454547, 0.7459635908838246, 0.730141227550239], "mutation_rate_values": [0, 0, 0, 0], "best_fitness_seen_values": [0.67, 0.67, 0.67, 0.67], "time_execution": 37.240309000000025}