{"generation_number_values": [1, 2, 3, 4, 5, 6, 7, 8, 9, 10, 11, 12, 13, 14, 15, 16, 17, 18, 19, 20, 21, 22, 23, 24, 25, 26, 27, 28, 29, 30, 31], "population_size_values": [26, 26, 26, 26, 26, 26, 26, 26, 26, 26, 26, 26, 26, 26, 26, 26, 26, 26, 26, 26, 26, 26, 26, 26, 26, 26, 26, 26, 26, 26, 26], "generation_fitness_values": [0.79, 0.77, 0.5, 0.5, 0.46, 0.43, 0.54, 0.75, 0.75, 0.77, 0.62, 0.46, 0.46, 0.54, 0.54, 0.54, 0.38, 0.38, 0.38, 0.73, 0.73, 0.72, 0.7, 0.71, 0.7, 0.68, 0.68, 0.66, 0.66, 0.68, 0.68], "crossover_rate_values": [1.0, 0.9900000000000001, 0.9800000000000003, 0.9700000000000001, 0.9600000000000003, 0.9499999999999998, 0.9399999999999996, 0.9299999999999998, 0.92, 0.91, 0.9000000000000002, 0.8900000000000001, 0.8800000000000002, 0.8699999999999998, 0.86, 0.8499999999999998, 0.84, 0.83, 0.8200000000000002, 0.8100000000000004, 0.8, 0.7899999999999999, 0.78, 0.7699999999999998, 0.7599999999999999, 0.75, 0.7400000000000001, 0.7300000000000002, 0.72, 0.7100000000000001, 0.7], "mutation_rate_values": [0, 0, 0, 0, 0, 0, 0, 0, 0, 0, 0, 0, 0, 0, 0, 0, 0, 0, 0, 0, 0, 0, 0, 0, 0, 0, 0, 0, 0, 0, 0], "best_fitness_seen_values": [0.79, 0.79, 0.79, 0.79, 0.79, 0.79, 0.79, 0.79, 0.79, 0.79, 0.79, 0.79, 0.79, 0.79, 0.79, 0.79, 0.79, 0.79, 0.79, 0.79, 0.79, 0.79, 0.79, 0.79, 0.79, 0.79, 0.79, 0.79, 0.79, 0.79, 0.79], "time_execution": 866.089828}