{"generation_number_values": [1, 2, 3, 4, 5, 6, 7, 8, 9, 10, 11, 12, 13, 14, 15, 16, 17, 18, 19, 20, 21, 22, 23, 24, 25, 26, 27, 28, 29, 30], "population_size_values": [26, 26, 26, 26, 26, 26, 26, 26, 26, 26, 26, 26, 26, 26, 26, 26, 26, 26, 26, 26, 26, 26, 26, 26, 26, 26, 26, 26, 26, 26], "generation_fitness_values": [0.77, 0.62, 0.55, 0.55, 0.68, 0.55, 0.5, 0.5, 0.5, 0.5, 0.58, 0.58, 0.63, 0.63, 0.63, 0.62, 0.54, 0.54, 0.54, 0.6, 0.6, 0.6, 0.63, 0.62, 0.62, 0.62, 0.73, 0.77, 0.77, 0.76], "crossover_rate_values": [0.7578103448275864, 0.7591345291479821, 0.7548000000000001, 0.6911488673139167, 0.6866812865497083, 0.652806026365348, 0.6570667628821899, 0.642813212795266, 0.6250387664178668, 0.6140045615657266, 0.6076015124388083, 0.5858450198779488, 0.5856787046718226, 0.5691263057870629, 0.5694832208357924, 0.5693025773290695, 0.5726667210961801, 0.5963317644209553, 0.5963311651064833, 0.5963317644209553, 0.5794173192908925, 0.5794321694780492, 0.5794554751046788, 0.5691634668101513, 0.5727899632392371, 0.5727586061949318, 0.572699401025851, 0.5373428454524635, 0.5372966598334078, 0.5370995392956834], "mutation_rate_values": [0, 0, 0, 0, 0, 0, 0, 0, 0, 0, 0, 0, 0, 0, 0, 0, 0, 0, 0, 0, 0, 0, 0, 0, 0, 0, 0, 0, 0, 0], "best_fitness_seen_values": [0.79, 0.79, 0.79, 0.79, 0.79, 0.79, 0.79, 0.79, 0.79, 0.79, 0.79, 0.79, 0.79, 0.79, 0.79, 0.79, 0.79, 0.79, 0.79, 0.79, 0.79, 0.79, 0.79, 0.79, 0.79, 0.79, 0.79, 0.79, 0.79, 0.79], "time_execution": 1038.1551350000082}