{"generation_number_values": [1, 2, 3, 4, 5, 6, 7, 8, 9, 10, 11, 12, 13, 14, 15, 16, 17, 18, 19, 20, 21, 22, 23, 24, 25, 26, 27, 28, 29, 30], "population_size_values": [26, 26, 26, 26, 26, 26, 26, 26, 26, 26, 26, 26, 26, 26, 26, 26, 26, 26, 26, 26, 26, 26, 26, 26, 26, 26, 26, 26, 26, 26], "generation_fitness_values": [0.78, 0.7, 0.5, 0.5, 0.5, 0.5, 0.54, 0.5, 0.5, 0.76, 0.76, 0.55, 0.46, 0.46, 0.46, 0.46, 0.46, 0.74, 0.74, 0.74, 0.67, 0.67, 0.67, 0.69, 0.69, 0.55, 0.55, 0.55, 0.5, 0.54], "crossover_rate_values": [0.7578103448275864, 0.7578103448275862, 0.7548000000000001, 0.7470933521923621, 0.7470933521923621, 0.7470933521923621, 0.6740575752523704, 0.6342362191286395, 0.6250387664178668, 0.6140045615657266, 0.5380158730158728, 0.5367410736817579, 0.5938178709399561, 0.6131012909008822, 0.6131012895074494, 0.6131012923769346, 0.6131013445502279, 0.6131015504636138, 0.5383606230990285, 0.537579962247408, 0.5367592743496967, 0.5524005662487159, 0.5524417997949643, 0.5523711484234913, 0.5422793523655088, 0.5421906456453708, 0.5938173810901091, 0.5938191440423165, 0.5938176356941972, 0.6053913076952685], "mutation_rate_values": [0, 0, 0, 0, 0, 0, 0, 0, 0, 0, 0, 0, 0, 0, 0, 0, 0, 0, 0, 0, 0, 0, 0, 0, 0, 0, 0, 0, 0, 0], "best_fitness_seen_values": [0.79, 0.79, 0.79, 0.79, 0.79, 0.79, 0.79, 0.79, 0.79, 0.79, 0.79, 0.79, 0.79, 0.79, 0.79, 0.79, 0.79, 0.79, 0.79, 0.79, 0.79, 0.79, 0.79, 0.79, 0.79, 0.79, 0.79, 0.79, 0.79, 0.79], "time_execution": 1004.0193339999969}