{"generation_number_values": [1, 2, 3, 4, 5, 6, 7, 8, 9, 10, 11, 12, 13, 14, 15, 16, 17, 18, 19, 20, 21, 22, 23, 24, 25, 26, 27, 28, 29, 30, 31], "population_size_values": [26, 26, 26, 26, 26, 26, 26, 26, 26, 26, 26, 26, 26, 26, 26, 26, 26, 26, 26, 26, 26, 26, 26, 26, 26, 26, 26, 26, 26, 26, 26], "generation_fitness_values": [0.8, 0.75, 0.71, 0.71, 0.55, 0.46, 0.54, 0.46, 0.5, 0.5, 0.58, 0.58, 0.58, 0.5, 0.5, 0.54, 0.54, 0.54, 0.5, 0.5, 0.5, 0.5, 0.48, 0.48, 0.48, 0.48, 0.48, 0.5, 0.5, 0.5, 0.77], "crossover_rate_values": [0.7563609958506224, 0.7548, 0.7548, 0.7548, 0.7548, 0.6931505847953214, 0.6694580970384376, 0.6500000000000001, 0.6305419029615625, 0.6068494152046783, 0.5461111111111111, 0.541388888888889, 0.5380158730158728, 0.536672078592199, 0.5366686746758117, 0.5366691160341769, 0.5366689702106066, 0.53666724554523, 0.5366669292934018, 0.5366666666666668, 0.53666669300969, 0.5366666975456391, 0.5366666675979521, 0.5366666666666668, 0.5366666666666668, 0.5366666666666668, 0.5366666666666668, 0.5366666666666668, 0.5366667072043577, 0.5366666975456391, 0.5366666830878051], "mutation_rate_values": [0, 0, 0, 0, 0, 0, 0, 0, 0, 0, 0, 0, 0, 0, 0, 0, 0, 0, 0, 0, 0, 0, 0, 0, 0, 0, 0, 0, 0, 0, 0], "best_fitness_seen_values": [0.8, 0.8, 0.8, 0.8, 0.8, 0.8, 0.8, 0.8, 0.8, 0.8, 0.8, 0.8, 0.8, 0.8, 0.8, 0.8, 0.8, 0.8, 0.8, 0.8, 0.8, 0.8, 0.8, 0.8, 0.8, 0.8, 0.8, 0.8, 0.8, 0.8, 0.8], "time_execution": 1137.011928999993}