{"generation_number_values": [1, 2, 3, 4], "population_size_values": [10, 10, 10, 10], "generation_fitness_values": [0.68, 0.62, 0.56, 0.53], "crossover_rate_values": [0.7621836734693879, 0.7595454545454547, 0.7548000000000002, 0.692352941176471], "mutation_rate_values": [0, 0, 0, 0], "best_fitness_seen_values": [0.68, 0.68, 0.68, 0.68], "time_execution": 155.33021700000006}