{"generation_number_values": [1, 2, 3, 4], "population_size_values": [20, 20, 20, 20], "generation_fitness_values": [0.65, 0.62, 0.51, 0.64], "crossover_rate_values": [1.0, 0.7999999999999999, 0.5999999999999999, 0.39999999999999997], "mutation_rate_values": [0, 0, 0, 0], "best_fitness_seen_values": [0.65, 0.65, 0.65, 0.65], "time_execution": 62.41706399999998}