{"generation_number_values": [1, 2, 3, 4, 5, 6, 7, 8, 9, 10, 11, 12, 13, 14, 15, 16, 17, 18, 19, 20, 21, 22, 23, 24, 25, 26, 27, 28, 29, 30], "population_size_values": [26, 26, 26, 26, 26, 26, 26, 26, 26, 26, 26, 26, 26, 26, 26, 26, 26, 26, 26, 26, 26, 26, 26, 26, 26, 26, 26, 26, 26, 26], "generation_fitness_values": [0.79, 0.59, 0.55, 0.77, 0.77, 0.54, 0.54, 0.54, 0.54, 0.54, 0.54, 0.54, 0.5, 0.5, 0.5, 0.5, 0.5, 0.55, 0.55, 0.54, 0.54, 0.5, 0.54, 0.75, 0.77, 0.79, 0.79, 0.79, 0.79, 0.79], "crossover_rate_values": [0.7578103448275864, 0.7563609958506223, 0.7531389961389963, 0.6911488673139167, 0.6669997247453896, 0.6499999999999997, 0.6609444238622552, 0.6342362191286395, 0.615430354655125, 0.6047190679858928, 0.5984915981754628, 0.5963482360343005, 0.5963317946384576, 0.6053918086989308, 0.6053918555780776, 0.6053919143649314, 0.6053921690327053, 0.6053922046081316, 0.5938198419559911, 0.5938261130975172, 0.5963335117441853, 0.5963339819905877, 0.605406564152137, 0.5963513013204862, 0.5373630443803944, 0.5375658136953947, 0.5375207242468321, 0.5372225663679615, 0.5373297203383716, 0.5367313654488528], "mutation_rate_values": [0, 0, 0, 0, 0, 0, 0, 0, 0, 0, 0, 0, 0, 0, 0, 0, 0, 0, 0, 0, 0, 0, 0, 0, 0, 0, 0, 0, 0, 0], "best_fitness_seen_values": [0.79, 0.79, 0.79, 0.79, 0.79, 0.79, 0.79, 0.79, 0.79, 0.79, 0.79, 0.79, 0.79, 0.79, 0.79, 0.79, 0.79, 0.79, 0.79, 0.79, 0.79, 0.79, 0.79, 0.79, 0.79, 0.79, 0.79, 0.79, 0.79, 0.79], "time_execution": 1019.8229599999977}