{"generation_number_values": [1, 2, 3, 4, 5, 6, 7, 8, 9, 10, 11, 12, 13, 14, 15, 16, 17, 18, 19, 20, 21, 22, 23, 24, 25, 26, 27, 28, 29, 30], "population_size_values": [26, 26, 26, 26, 26, 26, 26, 26, 26, 26, 26, 26, 26, 26, 26, 26, 26, 26, 26, 26, 26, 26, 26, 26, 26, 26, 26, 26, 26, 26], "generation_fitness_values": [0.77, 0.59, 0.71, 0.71, 0.7, 0.54, 0.54, 0.54, 0.54, 0.54, 0.5, 0.5, 0.5, 0.54, 0.55, 0.55, 0.54, 0.54, 0.54, 0.54, 0.54, 0.54, 0.54, 0.54, 0.54, 0.46, 0.46, 0.46, 0.54, 0.54], "crossover_rate_values": [0.7578103448275864, 0.7591345291479821, 0.7531389961389963, 0.6931505847953214, 0.6668100163309745, 0.6500000000000001, 0.6609444238622552, 0.6342362191286395, 0.615430354655125, 0.6047190679858928, 0.5984915981754628, 0.6053914009723991, 0.6053914000648113, 0.60539133217161, 0.5963308909574366, 0.5938228611921178, 0.5938336035241321, 0.596337421985667, 0.596362352098171, 0.5963591316553424, 0.596342816703219, 0.5963307805361041, 0.5963313973863346, 0.5963382639107532, 0.5963316398906164, 0.5963334331889321, 0.61310128842236, 0.61310128842236, 0.61310128842236, 0.5963449933088965], "mutation_rate_values": [0, 0, 0, 0, 0, 0, 0, 0, 0, 0, 0, 0, 0, 0, 0, 0, 0, 0, 0, 0, 0, 0, 0, 0, 0, 0, 0, 0, 0, 0], "best_fitness_seen_values": [0.79, 0.79, 0.79, 0.79, 0.79, 0.79, 0.79, 0.79, 0.79, 0.79, 0.79, 0.79, 0.79, 0.79, 0.79, 0.79, 0.79, 0.79, 0.79, 0.79, 0.79, 0.79, 0.79, 0.79, 0.79, 0.79, 0.79, 0.79, 0.79, 0.79], "time_execution": 1036.0204249999997}