{"generation_number_values": [1, 2, 3, 4, 5, 6, 7, 8, 9, 10, 11, 12, 13, 14, 15, 16, 17, 18, 19, 20, 21, 22, 23, 24, 25, 26, 27, 28, 29, 30, 31, 32, 33, 34, 35, 36, 37, 38, 39, 40, 41, 42, 43, 44], "population_size_values": [26, 26, 26, 26, 26, 26, 26, 26, 26, 26, 26, 26, 26, 26, 26, 26, 26, 26, 26, 26, 26, 26, 26, 26, 26, 26, 26, 26, 26, 26, 26, 26, 26, 26, 26, 26, 26, 26, 26, 26, 26, 26, 26, 26], "generation_fitness_values": [0.8, 0.8, 0.82, 0.82, 0.82, 0.82, 0.8, 0.8, 0.8, 0.8, 0.84, 0.84, 0.84, 0.86, 0.86, 0.86, 0.86, 0.86, 0.86, 0.82, 0.82, 0.84, 0.84, 0.84, 0.84, 0.84, 0.82, 0.86, 0.86, 0.86, 0.86, 0.82, 0.82, 0.82, 0.82, 0.82, 0.75, 0.75, 0.75, 0.5, 0.82, 0.82, 0.82, 0.82], "crossover_rate_values": [0.7448137121005194, 0.7548, 0.7548, 0.7513880597014928, 0.7513880597014928, 0.7513880597014928, 0.7513880597014928, 0.6931505847953214, 0.6722318214542843, 0.6500000000000002, 0.6277681785457164, 0.753703125, 0.753703125, 0.753703125, 0.7558524590163939, 0.7558524590163939, 0.7558524590163939, 0.7548000000000001, 0.6931505847953214, 0.6687720364741646, 0.6500000000000001, 0.6312279635258358, 0.6068494152046783, 0.5461111111111111, 0.541388888888889, 0.5380158730158728, 0.5366699996548868, 0.5366668005829298, 0.5366679501520288, 0.5366795974803146, 0.5366808293348192, 0.5366909920509758, 0.5366680827824207, 0.5366677267753002, 0.5366677819108806, 0.5366671634920569, 0.5366668683753434, 0.5382408242453876, 0.5369557184754702, 0.5366971599143258, 0.5366666815615047, 0.5378669314147285, 0.5370758381067607, 0.5366666666666668], "mutation_rate_values": [0, 0, 0, 0, 0, 0, 0, 0, 0, 0, 0, 0, 0, 0, 0, 0, 0, 0, 0, 0, 0, 0, 0, 0, 0, 0, 0, 0, 0, 0, 0, 0, 0, 0, 0, 0, 0, 0, 0, 0, 0, 0, 0, 0], "best_fitness_seen_values": [0.8, 0.8, 0.82, 0.82, 0.82, 0.82, 0.82, 0.82, 0.82, 0.82, 0.84, 0.84, 0.84, 0.86, 0.86, 0.86, 0.86, 0.86, 0.86, 0.86, 0.86, 0.86, 0.86, 0.86, 0.86, 0.86, 0.86, 0.86, 0.86, 0.86, 0.86, 0.86, 0.86, 0.86, 0.86, 0.86, 0.86, 0.86, 0.86, 0.86, 0.86, 0.86, 0.86, 0.86], "time_execution": 2149.2830899999826}