{"generation_number_values": [1, 2, 3, 4, 5, 6, 7, 8, 9, 10, 11, 12, 13, 14, 15, 16, 17, 18, 19, 20, 21, 22, 23, 24, 25, 26, 27, 28, 29, 30, 31], "population_size_values": [50, 50, 50, 50, 50, 50, 50, 50, 50, 50, 50, 50, 50, 50, 50, 50, 50, 50, 50, 50, 50, 50, 50, 50, 50, 50, 50, 50, 50, 50, 50], "generation_fitness_values": [0.77, 0.72, 0.74, 0.74, 0.68, 0.65, 0.65, 0.65, 0.65, 0.68, 0.67, 0.72, 0.63, 0.63, 0.68, 0.68, 0.68, 0.68, 0.75, 0.72, 0.7, 0.63, 0.67, 0.67, 0.7, 0.7, 0.7, 0.68, 0.7, 0.75, 0.75], "crossover_rate_values": [0.7547999999999998, 0.759134529147982, 0.7547999999999999, 0.6931505847953212, 0.6668100163309743, 0.6528060263653477, 0.6406339589182806, 0.6173245937055042, 0.5758588176562486, 0.5677434510529585, 0.5488646363899649, 0.5525747512175451, 0.5368058278142658, 0.56905235406456, 0.5689868124304861, 0.5474543707313816, 0.5473477866205361, 0.5473290846357456, 0.5473457250105939, 0.5367984084994509, 0.5367381997574482, 0.5367111725681242, 0.568962863243364, 0.5521715145017994, 0.552326024349245, 0.5368082949492176, 0.5371032787345911, 0.5368710016082132, 0.5475092265775886, 0.5368932283027958, 0.5369433145584064], "mutation_rate_values": [0, 0, 0, 0, 0, 0, 0, 0, 0, 0, 0, 0, 0, 0, 0, 0, 0, 0, 0, 0, 0, 0, 0, 0, 0, 0, 0, 0, 0, 0, 0], "best_fitness_seen_values": [0.77, 0.77, 0.77, 0.77, 0.77, 0.77, 0.77, 0.77, 0.77, 0.77, 0.77, 0.77, 0.77, 0.77, 0.77, 0.77, 0.77, 0.77, 0.77, 0.77, 0.77, 0.77, 0.77, 0.77, 0.77, 0.77, 0.77, 0.77, 0.77, 0.77, 0.77], "time_execution": 1469.2611419999994}