{"generation_number_values": [1, 2, 3, 4, 5, 6, 7, 8, 9, 10, 11, 12, 13, 14, 15, 16, 17, 18, 19, 20, 21, 22, 23, 24, 25, 26, 27, 28, 29, 30, 31, 32, 33, 34, 35, 36, 37, 38, 39, 40, 41, 42, 43, 44, 45, 46, 47, 48, 49], "population_size_values": [50, 50, 50, 50, 50, 50, 50, 50, 50, 50, 50, 50, 50, 50, 50, 50, 50, 50, 50, 50, 50, 50, 50, 50, 50, 50, 50, 50, 50, 50, 50, 50, 50, 50, 50, 50, 50, 50, 50, 50, 50, 50, 50, 50, 50, 50, 50, 50, 50], "generation_fitness_values": [0.75, 0.74, 0.67, 0.63, 0.63, 0.63, 0.68, 0.65, 0.53, 0.67, 0.53, 0.53, 0.61, 0.53, 0.53, 0.7, 0.75, 0.7, 0.77, 0.77, 0.77, 0.77, 0.74, 0.7, 0.7, 0.63, 0.74, 0.68, 0.53, 0.53, 0.75, 0.75, 0.77, 0.77, 0.77, 0.7, 0.68, 0.72, 0.72, 0.61, 0.61, 0.61, 0.61, 0.67, 0.67, 0.67, 0.67, 0.65, 0.65], "crossover_rate_values": [1.0, 0.9899999999999995, 0.9800000000000003, 0.9699999999999998, 0.9600000000000005, 0.9499999999999996, 0.9400000000000002, 0.9299999999999998, 0.9200000000000006, 0.91, 0.8999999999999997, 0.8900000000000002, 0.88, 0.87, 0.8599999999999998, 0.8500000000000001, 0.84, 0.8299999999999996, 0.8200000000000002, 0.81, 0.8000000000000003, 0.7899999999999996, 0.78, 0.7699999999999997, 0.7600000000000001, 0.75, 0.7399999999999999, 0.7300000000000003, 0.7200000000000002, 0.7100000000000004, 0.6999999999999997, 0.6899999999999997, 0.6799999999999998, 0.67, 0.66, 0.6500000000000001, 0.6400000000000001, 0.6300000000000003, 0.6199999999999997, 0.6099999999999998, 0.5999999999999998, 0.59, 0.5800000000000001, 0.5700000000000002, 0.5600000000000004, 0.5500000000000003, 0.5399999999999997, 0.5299999999999998, 0.5199999999999997], "mutation_rate_values": [0, 0, 0, 0, 0, 0, 0, 0, 0, 0, 0, 0, 0, 0, 0, 0, 0, 0, 0, 0, 0, 0, 0, 0, 0, 0, 0, 0, 0, 0, 0, 0, 0, 0, 0, 0, 0, 0, 0, 0, 0, 0, 0, 0, 0, 0, 0, 0, 0], "best_fitness_seen_values": [0.75, 0.75, 0.75, 0.75, 0.75, 0.75, 0.75, 0.75, 0.75, 0.75, 0.75, 0.75, 0.75, 0.75, 0.75, 0.75, 0.75, 0.75, 0.77, 0.77, 0.77, 0.77, 0.77, 0.77, 0.77, 0.77, 0.77, 0.77, 0.77, 0.77, 0.77, 0.77, 0.77, 0.77, 0.77, 0.77, 0.77, 0.77, 0.77, 0.77, 0.77, 0.77, 0.77, 0.77, 0.77, 0.77, 0.77, 0.77, 0.77], "time_execution": 1579.0237409999972}