{"generation_number_values": [1, 2, 3, 4, 5, 6, 7, 8, 9, 10, 11, 12, 13, 14, 15, 16, 17, 18, 19, 20, 21, 22, 23, 24, 25, 26, 27, 28, 29, 30, 31], "population_size_values": [50, 50, 50, 50, 50, 50, 50, 50, 50, 50, 50, 50, 50, 50, 50, 50, 50, 50, 50, 50, 50, 50, 50, 50, 50, 50, 50, 50, 50, 50, 50], "generation_fitness_values": [0.8, 0.79, 0.72, 0.65, 0.68, 0.68, 0.56, 0.56, 0.59, 0.59, 0.57, 0.56, 0.56, 0.65, 0.68, 0.68, 0.7, 0.7, 0.68, 0.68, 0.7, 0.72, 0.72, 0.75, 0.61, 0.74, 0.74, 0.74, 0.7, 0.7, 0.72], "crossover_rate_values": [0.7547999999999999, 0.7547999999999998, 0.7547999999999999, 0.6931505847953212, 0.6668100163309743, 0.6528060263653477, 0.6362594256988348, 0.6334261927633684, 0.6098925473535138, 0.5904640847063561, 0.5846174123284876, 0.5884755304378211, 0.5912205073729347, 0.5912372023960618, 0.5611034625698182, 0.5474709504801898, 0.5478139556410112, 0.5370139308282323, 0.536907629946278, 0.5474154158897844, 0.547352622689287, 0.53679052497808, 0.5371879764524278, 0.5369043697408654, 0.53686244261328, 0.5761315479227611, 0.5367377509509202, 0.5369196908265761, 0.5369241131926276, 0.5368915280754935, 0.5374646593892224], "mutation_rate_values": [0, 0, 0, 0, 0, 0, 0, 0, 0, 0, 0, 0, 0, 0, 0, 0, 0, 0, 0, 0, 0, 0, 0, 0, 0, 0, 0, 0, 0, 0, 0], "best_fitness_seen_values": [0.8, 0.8, 0.8, 0.8, 0.8, 0.8, 0.8, 0.8, 0.8, 0.8, 0.8, 0.8, 0.8, 0.8, 0.8, 0.8, 0.8, 0.8, 0.8, 0.8, 0.8, 0.8, 0.8, 0.8, 0.8, 0.8, 0.8, 0.8, 0.8, 0.8, 0.8], "time_execution": 1532.3023130000001}