{"generation_number_values": [1, 2, 3, 4, 5, 6, 7, 8, 9, 10, 11, 12, 13, 14, 15, 16, 17, 18, 19, 20, 21, 22, 23, 24, 25, 26, 27, 28, 29, 30, 31, 32, 33, 34, 35, 36, 37, 38, 39, 40, 41, 42, 43, 44, 45, 46, 47, 48, 49, 50, 51, 52], "population_size_values": [50, 50, 50, 50, 50, 50, 50, 50, 50, 50, 50, 50, 50, 50, 50, 50, 50, 50, 50, 50, 50, 50, 50, 50, 50, 50, 50, 50, 50, 50, 50, 50, 50, 50, 50, 50, 50, 50, 50, 50, 50, 50, 50, 50, 50, 50, 50, 50, 50, 50, 50, 50], "generation_fitness_values": [0.79, 0.77, 0.67, 0.55, 0.55, 0.65, 0.65, 0.65, 0.44, 0.44, 0.44, 0.44, 0.55, 0.55, 0.55, 0.55, 0.56, 0.72, 0.74, 0.74, 0.79, 0.8, 0.8, 0.77, 0.77, 0.75, 0.75, 0.74, 0.74, 0.75, 0.74, 0.74, 0.68, 0.68, 0.63, 0.63, 0.72, 0.72, 0.7, 0.67, 0.75, 0.75, 0.75, 0.75, 0.67, 0.74, 0.77, 0.77, 0.74, 0.67, 0.7, 0.7], "crossover_rate_values": [0.7547999999999999, 0.7563609958506222, 0.7547999999999999, 0.6931505847953212, 0.6866812865497083, 0.6866812865497083, 0.6406339589182806, 0.6173245937055042, 0.5758588176562486, 0.6253271680690916, 0.6187789556608294, 0.6165290410372735, 0.6165290441338395, 0.5938254709948315, 0.5938787756848467, 0.5938527774527013, 0.593839009898632, 0.5912827439531229, 0.5374236279709947, 0.5373964933526737, 0.5372755861137057, 0.5374319938950411, 0.5380731411197087, 0.5372236225915225, 0.5367814395023095, 0.5366680762852402, 0.5366680933627882, 0.5366678667677379, 0.5366672835103826, 0.5366670400046439, 0.5366678859145164, 0.5366683358954772, 0.536692062029463, 0.5476648920658156, 0.5473078425009521, 0.5692260361796427, 0.5693504029427889, 0.5372313536825127, 0.5369744263834035, 0.5367424728385921, 0.5521750807328801, 0.5368153615928328, 0.5367108370012404, 0.5366981464234845, 0.5366846885209585, 0.552150397757257, 0.5368282262857229, 0.5368824096111434, 0.5368045793446252, 0.5366835329190957, 0.5521566745314407, 0.5372290578435117], "mutation_rate_values": [0, 0, 0, 0, 0, 0, 0, 0, 0, 0, 0, 0, 0, 0, 0, 0, 0, 0, 0, 0, 0, 0, 0, 0, 0, 0, 0, 0, 0, 0, 0, 0, 0, 0, 0, 0, 0, 0, 0, 0, 0, 0, 0, 0, 0, 0, 0, 0, 0, 0, 0, 0], "best_fitness_seen_values": [0.79, 0.79, 0.79, 0.79, 0.79, 0.79, 0.79, 0.79, 0.79, 0.79, 0.79, 0.79, 0.79, 0.79, 0.79, 0.79, 0.79, 0.79, 0.79, 0.79, 0.79, 0.8, 0.8, 0.8, 0.8, 0.8, 0.8, 0.8, 0.8, 0.8, 0.8, 0.8, 0.8, 0.8, 0.8, 0.8, 0.8, 0.8, 0.8, 0.8, 0.8, 0.8, 0.8, 0.8, 0.8, 0.8, 0.8, 0.8, 0.8, 0.8, 0.8, 0.8], "time_execution": 2540.4672760000103}