{"generation_number_values": [1, 2, 3, 4, 5, 6, 7, 8, 9, 10, 11, 12, 13, 14, 15, 16, 17, 18, 19, 20, 21, 22, 23, 24, 25, 26, 27, 28, 29, 30, 31, 32, 33], "population_size_values": [26, 26, 26, 26, 26, 26, 26, 26, 26, 26, 26, 26, 26, 26, 26, 26, 26, 26, 26, 26, 26, 26, 26, 26, 26, 26, 26, 26, 26, 26, 26, 26, 26], "generation_fitness_values": [0.83, 0.82, 0.84, 0.82, 0.84, 0.84, 0.84, 0.84, 0.82, 0.82, 0.84, 0.84, 0.84, 0.84, 0.84, 0.84, 0.84, 0.73, 0.73, 0.73, 0.73, 0.73, 0.73, 0.73, 0.73, 0.73, 0.73, 0.73, 0.73, 0.55, 0.55, 0.55, 0.55], "crossover_rate_values": [0.7448137121005194, 0.7525648854961836, 0.7525648854961836, 0.753703125, 0.753703125, 0.753703125, 0.753703125, 0.6931505847953214, 0.670249180327869, 0.6499999999999996, 0.6297508196721308, 0.6068494152046783, 0.5461111111111111, 0.541388888888889, 0.5380158730158728, 0.5366946281163916, 0.5367108408661247, 0.5366715573168942, 0.5366683008651638, 0.536667306310125, 0.5366666666666668, 0.5366666666666668, 0.5367387702356129, 0.5369199510662443, 0.5368275864789112, 0.5368305663014024, 0.536857970312272, 0.5367487726259242, 0.536752622574854, 0.5366734440145401, 0.5366666680076833, 0.5366666690505737, 0.5366666676934022], "mutation_rate_values": [0, 0, 0, 0, 0, 0, 0, 0, 0, 0, 0, 0, 0, 0, 0, 0, 0, 0, 0, 0, 0, 0, 0, 0, 0, 0, 0, 0, 0, 0, 0, 0, 0], "best_fitness_seen_values": [0.83, 0.83, 0.84, 0.84, 0.84, 0.84, 0.84, 0.84, 0.84, 0.84, 0.84, 0.84, 0.84, 0.84, 0.84, 0.84, 0.84, 0.84, 0.84, 0.84, 0.84, 0.84, 0.84, 0.84, 0.84, 0.84, 0.84, 0.84, 0.84, 0.84, 0.84, 0.84, 0.84], "time_execution": 1423.9213579999996}