{"generation_number_values": [1, 2, 3, 4, 5, 6, 7, 8, 9, 10, 11, 12, 13, 14, 15, 16, 17, 18, 19, 20, 21, 22, 23, 24, 25, 26, 27, 28, 29, 30, 31, 32, 33, 34], "population_size_values": [26, 26, 26, 26, 26, 26, 26, 26, 26, 26, 26, 26, 26, 26, 26, 26, 26, 26, 26, 26, 26, 26, 26, 26, 26, 26, 26, 26, 26, 26, 26, 26, 26, 26], "generation_fitness_values": [0.86, 0.86, 0.86, 0.88, 0.88, 0.88, 0.88, 0.88, 0.86, 0.86, 0.86, 0.86, 0.86, 0.86, 0.86, 0.86, 0.86, 0.86, 0.86, 0.86, 0.84, 0.84, 0.84, 0.84, 0.84, 0.84, 0.8, 0.71, 0.71, 0.71, 0.71, 0.71, 0.71, 0.69], "crossover_rate_values": [0.7448137121005194, 0.7558524590163939, 0.7558524590163939, 0.7558524590163939, 0.7578103448275864, 0.7578103448275864, 0.7578103448275864, 0.7548000000000001, 0.6931505847953214, 0.6676558033161808, 0.6500000000000001, 0.6323441966838192, 0.6068494152046783, 0.5461111111111111, 0.541388888888889, 0.5380158730158728, 0.5366806288006811, 0.5367122603170804, 0.5366744665987577, 0.5366677242737935, 0.5366678240122178, 0.5366669444887905, 0.5366677043676599, 0.5366724038982678, 0.5366696091981867, 0.5366823960136377, 0.5366895137714216, 0.5366671004236104, 0.5366700118300367, 0.5367831823108401, 0.5367881442646658, 0.536727672371459, 0.536683660476177, 0.5370083798813585], "mutation_rate_values": [0, 0, 0, 0, 0, 0, 0, 0, 0, 0, 0, 0, 0, 0, 0, 0, 0, 0, 0, 0, 0, 0, 0, 0, 0, 0, 0, 0, 0, 0, 0, 0, 0, 0], "best_fitness_seen_values": [0.86, 0.86, 0.86, 0.88, 0.88, 0.88, 0.88, 0.88, 0.88, 0.88, 0.88, 0.88, 0.88, 0.88, 0.88, 0.88, 0.88, 0.88, 0.88, 0.88, 0.88, 0.88, 0.88, 0.88, 0.88, 0.88, 0.88, 0.88, 0.88, 0.88, 0.88, 0.88, 0.88, 0.88], "time_execution": 1536.5830940000014}