{"generation_number_values": [1, 2, 3, 4, 5, 6, 7, 8, 9, 10, 11, 12, 13, 14, 15, 16, 17, 18, 19, 20, 21, 22, 23, 24, 25, 26, 27, 28, 29, 30, 31, 32, 33, 34, 35, 36, 37, 38, 39, 40, 41, 42, 43, 44, 45, 46, 47, 48, 49, 50, 51, 52, 53, 54, 55, 56, 57, 58, 59, 60, 61, 62, 63, 64, 65, 66, 67, 68, 69, 70, 71], "population_size_values": [50, 50, 50, 50, 50, 50, 50, 50, 50, 50, 50, 50, 50, 50, 50, 50, 50, 50, 50, 50, 50, 50, 50, 50, 50, 50, 50, 50, 50, 50, 50, 50, 50, 50, 50, 50, 50, 50, 50, 50, 50, 50, 50, 50, 50, 50, 50, 50, 50, 50, 50, 50, 50, 50, 50, 50, 50, 50, 50, 50, 50, 50, 50, 50, 50, 50, 50, 50, 50, 50, 50], "generation_fitness_values": [0.75, 0.77, 0.65, 0.64, 0.53, 0.51, 0.77, 0.77, 0.68, 0.75, 0.75, 0.72, 0.74, 0.74, 0.75, 0.77, 0.72, 0.67, 0.77, 0.79, 0.7, 0.75, 0.72, 0.79, 0.74, 0.68, 0.77, 0.7, 0.77, 0.74, 0.74, 0.75, 0.7, 0.72, 0.77, 0.68, 0.74, 0.77, 0.75, 0.79, 0.8, 0.79, 0.77, 0.79, 0.79, 0.77, 0.74, 0.74, 0.74, 0.77, 0.75, 0.77, 0.68, 0.8, 0.77, 0.75, 0.75, 0.77, 0.72, 0.75, 0.77, 0.77, 0.7, 0.7, 0.74, 0.75, 0.77, 0.77, 0.75, 0.74, 0.72], "crossover_rate_values": [0, 0, 0, 0, 0, 0, 0, 0, 0, 0, 0, 0, 0, 0, 0, 0, 0, 0, 0, 0, 0, 0, 0, 0, 0, 0, 0, 0, 0, 0, 0, 0, 0, 0, 0, 0, 0, 0, 0, 0, 0, 0, 0, 0, 0, 0, 0, 0, 0, 0, 0, 0, 0, 0, 0, 0, 0, 0, 0, 0, 0, 0, 0, 0, 0, 0, 0, 0, 0, 0, 0], "mutation_rate_values": [0.009083333333333332, 0.008611111111111118, 0.008888888888888889, 0.012091503267973862, 0.01368055555555555, 0.011529810088900994, 0.05259331340354747, 0.05909502106208133, 0.06694444444444446, 0.06886617932246562, 0.0709920634920635, 0.07145516314850699, 0.07156244497115917, 0.07152235230891037, 0.07163680401852629, 0.07162232055610553, 0.07161307367382447, 0.07163817281234724, 0.07077865170017004, 0.07098536077424261, 0.07144119698264052, 0.07162221419527116, 0.07152592020349967, 0.07149957706095877, 0.07146086852371808, 0.0713656487470668, 0.07124223118351637, 0.07164206349829859, 0.07166267109013796, 0.07160118498051, 0.07164533248439547, 0.07162372242474489, 0.0716508712733112, 0.07161668379731047, 0.07154246978132478, 0.07152390562296547, 0.07117000643997497, 0.07149869805807184, 0.07150868425543976, 0.07162403444788377, 0.07147430984747866, 0.07158937665637, 0.07156127957142489, 0.07154330498053917, 0.07163242621113454, 0.07165540687862171, 0.07146523330015263, 0.07151652478131366, 0.07160886729327264, 0.07164067780579321, 0.07164413288159151, 0.07157826757928448, 0.07151274983392124, 0.0712405118196542, 0.07156761805720863, 0.07147229817720817, 0.07148289850748603, 0.07158763847214496, 0.07164402123412604, 0.07164180915510389, 0.0715846526613464, 0.0716365034018383, 0.07161453472188256, 0.07163802041260038, 0.07163976621291228, 0.07163010600638044, 0.07149878742907488, 0.0716020540971627, 0.07158405493058974, 0.07146796826299796, 0.07160917070846319], "best_fitness_seen_values": [0.77, 0.77, 0.77, 0.77, 0.77, 0.77, 0.77, 0.77, 0.77, 0.77, 0.77, 0.77, 0.77, 0.77, 0.77, 0.77, 0.77, 0.77, 0.77, 0.79, 0.79, 0.79, 0.79, 0.79, 0.79, 0.79, 0.79, 0.79, 0.79, 0.79, 0.79, 0.79, 0.79, 0.79, 0.79, 0.79, 0.79, 0.79, 0.79, 0.79, 0.8, 0.8, 0.8, 0.8, 0.8, 0.8, 0.8, 0.8, 0.8, 0.8, 0.8, 0.8, 0.8, 0.8, 0.8, 0.8, 0.8, 0.8, 0.8, 0.8, 0.8, 0.8, 0.8, 0.8, 0.8, 0.8, 0.8, 0.8, 0.8, 0.8, 0.8], "time_execution": 4030.1477049999994}