{"generation_number_values": [1, 2, 3, 4, 5, 6, 7, 8, 9, 10, 11, 12, 13, 14, 15, 16, 17, 18, 19, 20, 21, 22, 23, 24, 25, 26, 27, 28, 29, 30, 31, 32, 33, 34, 35, 36, 37, 38, 39, 40, 41, 42, 43, 44], "population_size_values": [26, 26, 26, 26, 26, 26, 26, 26, 26, 26, 26, 26, 26, 26, 26, 26, 26, 26, 26, 26, 26, 26, 26, 26, 26, 26, 26, 26, 26, 26, 26, 26, 26, 26, 26, 26, 26, 26, 26, 26, 26, 26, 26, 26], "generation_fitness_values": [0.85, 0.86, 0.86, 0.89, 0.89, 0.91, 0.91, 0.91, 0.91, 0.91, 0.91, 0.93, 0.91, 0.95, 0.95, 0.88, 0.88, 0.86, 0.88, 0.88, 0.89, 0.91, 0.89, 0.89, 0.89, 0.89, 0.91, 0.91, 0.91, 0.91, 0.88, 0.86, 0.86, 0.86, 0.86, 0.86, 0.86, 0.86, 0.85, 0.89, 0.82, 0.82, 0.82, 0.82], "crossover_rate_values": [0, 0, 0, 0, 0, 0, 0, 0, 0, 0, 0, 0, 0, 0, 0, 0, 0, 0, 0, 0, 0, 0, 0, 0, 0, 0, 0, 0, 0, 0, 0, 0, 0, 0, 0, 0, 0, 0, 0, 0, 0, 0, 0, 0], "mutation_rate_values": [0.44141970961823945, 0.3922181456691428, 0.42522962411105225, 0.451433502909484, 0.33373737809822934, 0.3326242393220885, 0.32976814302180113, 0.4048387766480449, 0.3983219646193676, 0.3668966102455268, 0.47607292562501746, 0.4679471716591386, 0.44581060549002566, 0.5704911594018278, 0.5013371542768005, 0.43639833119949806, 0.3724484431190221, 0.4387247243078133, 0.4313784476648037, 0.4136376237389526, 0.34680584729487524, 0.26305721962601897, 0.2953161095144204, 0.3166752540652481, 0.3454052279277843, 0.35072907776446, 0.3723336471844511, 0.3886565338682638, 0.47553655160990177, 0.30406992857632464, 0.36865541367759125, 0.3609634489151511, 0.36647707017257236, 0.2807742562564688, 0.4359076555478557, 0.3302677553738412, 0.3876946034065058, 0.4215062322446702, 0.30799523403801893, 0.34668940670606474, 0.4569639871589216, 0.39272042770134347, 0.3264645231481087, 0.34862699483592513], "best_fitness_seen_values": [0.85, 0.86, 0.86, 0.89, 0.89, 0.91, 0.91, 0.91, 0.91, 0.91, 0.91, 0.93, 0.93, 0.95, 0.95, 0.95, 0.95, 0.95, 0.95, 0.95, 0.95, 0.95, 0.95, 0.95, 0.95, 0.95, 0.95, 0.95, 0.95, 0.95, 0.95, 0.95, 0.95, 0.95, 0.95, 0.95, 0.95, 0.95, 0.95, 0.95, 0.95, 0.95, 0.95, 0.95], "time_execution": 1522.2219079999995}