{"generation_number_values": [1, 2, 3, 4, 5, 6, 7, 8, 9, 10, 11, 12, 13, 14, 15, 16, 17, 18, 19, 20, 21, 22, 23, 24, 25, 26, 27, 28, 29, 30, 31], "population_size_values": [50, 50, 50, 50, 50, 50, 50, 50, 50, 50, 50, 50, 50, 50, 50, 50, 50, 50, 50, 50, 50, 50, 50, 50, 50, 50, 50, 50, 50, 50, 50], "generation_fitness_values": [0.82, 0.79, 0.68, 0.62, 0.62, 0.55, 0.74, 0.75, 0.7, 0.75, 0.77, 0.75, 0.74, 0.77, 0.74, 0.7, 0.77, 0.7, 0.68, 0.68, 0.7, 0.77, 0.7, 0.74, 0.7, 0.68, 0.67, 0.68, 0.74, 0.67, 0.72], "crossover_rate_values": [0, 0, 0, 0, 0, 0, 0, 0, 0, 0, 0, 0, 0, 0, 0, 0, 0, 0, 0, 0, 0, 0, 0, 0, 0, 0, 0, 0, 0, 0, 0], "mutation_rate_values": [0.008888888888888889, 0.009083333333333332, 0.008888888888888889, 0.012091503267973862, 0.013627760252365935, 0.013994219653179192, 0.051114635893695574, 0.05909502106208133, 0.06694444444444446, 0.06930555555555552, 0.0709920634920635, 0.07150714096317291, 0.07147749600330687, 0.07156948391039598, 0.07138775884653198, 0.07158727585965247, 0.07159727509716869, 0.07160454468497156, 0.07163184586502737, 0.07122671003398079, 0.07120437088860211, 0.07163625208084895, 0.0716415067285543, 0.07165163415293052, 0.07160576563736944, 0.07164211862228244, 0.07123317987777368, 0.07104710603411463, 0.07124639714590814, 0.07159880348591986, 0.07103502075318485], "best_fitness_seen_values": [0.82, 0.82, 0.82, 0.82, 0.82, 0.82, 0.82, 0.82, 0.82, 0.82, 0.82, 0.82, 0.82, 0.82, 0.82, 0.82, 0.82, 0.82, 0.82, 0.82, 0.82, 0.82, 0.82, 0.82, 0.82, 0.82, 0.82, 0.82, 0.82, 0.82, 0.82], "time_execution": 1657.0118190000067}