{"generation_number_values": [1, 2, 3, 4, 5, 6, 7, 8, 9, 10, 11, 12, 13, 14, 15, 16, 17, 18, 19, 20, 21, 22, 23, 24, 25, 26, 27, 28, 29, 30, 31], "population_size_values": [26, 26, 26, 26, 26, 26, 26, 26, 26, 26, 26, 26, 26, 26, 26, 26, 26, 26, 26, 26, 26, 26, 26, 26, 26, 26, 26, 26, 26, 26, 26], "generation_fitness_values": [0.86, 0.86, 0.8, 0.78, 0.74, 0.79, 0.72, 0.77, 0.78, 0.79, 0.78, 0.56, 0.75, 0.54, 0.54, 0.62, 0.7, 0.71, 0.71, 0.54, 0.54, 0.7, 0.62, 0.55, 0.55, 0.75, 0.55, 0.56, 0.73, 0.54, 0.71], "crossover_rate_values": [0, 0, 0, 0, 0, 0, 0, 0, 0, 0, 0, 0, 0, 0, 0, 0, 0, 0, 0, 0, 0, 0, 0, 0, 0, 0, 0, 0, 0, 0, 0], "mutation_rate_values": [0.4899414045641031, 0.5003411524673181, 0.4207406299941821, 0.4736092271423399, 0.382306680400816, 0.38354890526659224, 0.37171427865190854, 0.43711021928373484, 0.36719199669371505, 0.3732078026499782, 0.2990311931056255, 0.3629124194424869, 0.34485860316529754, 0.37931820106560143, 0.47537834081111663, 0.4069317909170833, 0.4218209804502981, 0.4458772512207338, 0.41530024578703595, 0.3469595658018351, 0.2368462238539859, 0.35226481332988036, 0.2921466853087671, 0.3426451858287703, 0.3762015805226955, 0.36987307339861375, 0.3343776569093432, 0.4572613502926393, 0.4029126553838545, 0.3986003219806571, 0.42909649661855825], "best_fitness_seen_values": [0.86, 0.86, 0.86, 0.86, 0.86, 0.86, 0.86, 0.86, 0.86, 0.86, 0.86, 0.86, 0.86, 0.86, 0.86, 0.86, 0.86, 0.86, 0.86, 0.86, 0.86, 0.86, 0.86, 0.86, 0.86, 0.86, 0.86, 0.86, 0.86, 0.86, 0.86], "time_execution": 601.6413849999954}