{"generation_number_values": [1, 2, 3, 4, 5, 6, 7, 8, 9, 10, 11, 12, 13, 14, 15, 16, 17, 18, 19, 20, 21, 22, 23, 24, 25, 26, 27, 28, 29, 30, 31, 32, 33, 34, 35, 36, 37, 38, 39, 40, 41, 42, 43, 44, 45, 46, 47, 48, 49, 50, 51, 52, 53, 54, 55, 56, 57, 58, 59, 60, 61, 62, 63, 64, 65, 66, 67, 68, 69, 70], "population_size_values": [50, 50, 50, 50, 50, 50, 50, 50, 50, 50, 50, 50, 50, 50, 50, 50, 50, 50, 50, 50, 50, 50, 50, 50, 50, 50, 50, 50, 50, 50, 50, 50, 50, 50, 50, 50, 50, 50, 50, 50, 50, 50, 50, 50, 50, 50, 50, 50, 50, 50, 50, 50, 50, 50, 50, 50, 50, 50, 50, 50, 50, 50, 50, 50, 50, 50, 50, 50, 50, 50], "generation_fitness_values": [0.75, 0.72, 0.72, 0.72, 0.7, 0.55, 0.75, 0.7, 0.75, 0.77, 0.79, 0.77, 0.79, 0.77, 0.72, 0.72, 0.72, 0.74, 0.7, 0.75, 0.75, 0.74, 0.75, 0.79, 0.72, 0.75, 0.77, 0.77, 0.7, 0.72, 0.79, 0.75, 0.74, 0.77, 0.77, 0.79, 0.77, 0.77, 0.79, 0.8, 0.74, 0.65, 0.63, 0.77, 0.68, 0.79, 0.74, 0.75, 0.79, 0.75, 0.74, 0.62, 0.72, 0.75, 0.56, 0.75, 0.77, 0.75, 0.77, 0.74, 0.74, 0.7, 0.8, 0.74, 0.7, 0.77, 0.79, 0.74, 0.79, 0.72], "crossover_rate_values": [0, 0, 0, 0, 0, 0, 0, 0, 0, 0, 0, 0, 0, 0, 0, 0, 0, 0, 0, 0, 0, 0, 0, 0, 0, 0, 0, 0, 0, 0, 0, 0, 0, 0, 0, 0, 0, 0, 0, 0, 0, 0, 0, 0, 0, 0, 0, 0, 0, 0, 0, 0, 0, 0, 0, 0, 0, 0, 0, 0, 0, 0, 0, 0, 0, 0, 0, 0, 0, 0], "mutation_rate_values": [0.009083333333333332, 0.008611111111111118, 0.008888888888888889, 0.012091503267973862, 0.01368055555555555, 0.015000000000000008, 0.051114635893695574, 0.05909502106208133, 0.06694444444444446, 0.06930555555555552, 0.0709920634920635, 0.07149530649844739, 0.07161085818084699, 0.07151588185900597, 0.07152906440236835, 0.07141141268652891, 0.07135772792424477, 0.07154052559001672, 0.07159594052090433, 0.07161895286761215, 0.07159988922044368, 0.07159986425213155, 0.0715878402267159, 0.07158129816494595, 0.07156299903647344, 0.07154647351638711, 0.07148136331660583, 0.07153604977947575, 0.07098992456070861, 0.07147654199843669, 0.07155801640955155, 0.07113319983865353, 0.07159076139000682, 0.0715625726171471, 0.071637038634637, 0.07164107225566883, 0.07154179493335232, 0.0715230628173104, 0.07129601608757946, 0.07117455342190909, 0.07150308259817285, 0.07160154404023376, 0.07054170526904197, 0.07029887943438438, 0.0715596047914227, 0.07120579457854383, 0.07142322065065353, 0.07117664023576166, 0.07147348932073096, 0.0716452645008754, 0.07163033280300767, 0.0712664566080044, 0.07012617631346753, 0.07146752230356479, 0.07118391135593072, 0.06910801859385213, 0.07130146378776264, 0.07150619980514471, 0.07153219781262908, 0.07154802693435096, 0.07164109305343859, 0.07166026771696316, 0.07159331814861657, 0.0715147707402841, 0.0716219385566008, 0.07165909487604899, 0.07143734243594285, 0.07154841964993557, 0.07163870046933461, 0.0716481426205735], "best_fitness_seen_values": [0.75, 0.75, 0.75, 0.75, 0.75, 0.75, 0.75, 0.75, 0.75, 0.77, 0.79, 0.79, 0.79, 0.79, 0.79, 0.79, 0.79, 0.79, 0.79, 0.79, 0.79, 0.79, 0.79, 0.79, 0.79, 0.79, 0.79, 0.79, 0.79, 0.79, 0.79, 0.79, 0.79, 0.79, 0.79, 0.79, 0.79, 0.79, 0.79, 0.8, 0.8, 0.8, 0.8, 0.8, 0.8, 0.8, 0.8, 0.8, 0.8, 0.8, 0.8, 0.8, 0.8, 0.8, 0.8, 0.8, 0.8, 0.8, 0.8, 0.8, 0.8, 0.8, 0.8, 0.8, 0.8, 0.8, 0.8, 0.8, 0.8, 0.8], "time_execution": 3944.1039140000066}