{"generation_number_values": [1, 2, 3, 4, 5, 6, 7, 8, 9, 10, 11, 12, 13, 14, 15, 16, 17, 18, 19, 20, 21, 22, 23, 24, 25, 26, 27, 28, 29, 30, 31, 32, 33, 34, 35, 36, 37, 38, 39, 40, 41, 42, 43, 44, 45, 46, 47, 48, 49, 50, 51, 52, 53, 54, 55, 56, 57, 58, 59, 60, 61, 62, 63, 64, 65, 66, 67, 68, 69, 70, 71, 72, 73, 74, 75, 76, 77, 78, 79, 80, 81, 82], "population_size_values": [26, 26, 26, 26, 26, 26, 26, 26, 26, 26, 26, 26, 26, 26, 26, 26, 26, 26, 26, 26, 26, 26, 26, 26, 26, 26, 26, 26, 26, 26, 26, 26, 26, 26, 26, 26, 26, 26, 26, 26, 26, 26, 26, 26, 26, 26, 26, 26, 26, 26, 26, 26, 26, 26, 26, 26, 26, 26, 26, 26, 26, 26, 26, 26, 26, 26, 26, 26, 26, 26, 26, 26, 26, 26, 26, 26, 26, 26, 26, 26, 26, 26], "generation_fitness_values": [0.79, 0.59, 0.59, 0.6, 0.46, 0.46, 0.52, 0.54, 0.5, 0.79, 0.71, 0.63, 0.57, 0.57, 0.71, 0.8, 0.66, 0.71, 0.79, 0.55, 0.62, 0.75, 0.62, 0.55, 0.72, 0.74, 0.5, 0.56, 0.78, 0.52, 0.73, 0.71, 0.8, 0.71, 0.66, 0.71, 0.82, 0.79, 0.71, 0.66, 0.76, 0.81, 0.82, 0.78, 0.78, 0.79, 0.75, 0.78, 0.72, 0.8, 0.71, 0.84, 0.7, 0.73, 0.75, 0.74, 0.77, 0.82, 0.79, 0.55, 0.68, 0.79, 0.77, 0.75, 0.81, 0.79, 0.7, 0.77, 0.7, 0.77, 0.64, 0.68, 0.74, 0.56, 0.54, 0.78, 0.6, 0.71, 0.55, 0.73, 0.73, 0.8], "crossover_rate_values": [0, 0, 0, 0, 0, 0, 0, 0, 0, 0, 0, 0, 0, 0, 0, 0, 0, 0, 0, 0, 0, 0, 0, 0, 0, 0, 0, 0, 0, 0, 0, 0, 0, 0, 0, 0, 0, 0, 0, 0, 0, 0, 0, 0, 0, 0, 0, 0, 0, 0, 0, 0, 0, 0, 0, 0, 0, 0, 0, 0, 0, 0, 0, 0, 0, 0, 0, 0, 0, 0, 0, 0, 0, 0, 0, 0, 0, 0, 0, 0, 0, 0], "mutation_rate_values": [0.008714285714285714, 0.008798850574712646, 0.008983870967741935, 0.012091503267973857, 0.01351449275362319, 0.009201970443349753, 0.05164876539767027, 0.058596384281260606, 0.06351104347944495, 0.06565400136003295, 0.07099206349206347, 0.07148630348159589, 0.07024129400960952, 0.0692072853999305, 0.06928922346378384, 0.07165622796845685, 0.07163403422281858, 0.07086546306136278, 0.0716556161274455, 0.0714581360814487, 0.06897941391273064, 0.07012680706684128, 0.07163524359298681, 0.07012716580008793, 0.06898422249755677, 0.07161892763166645, 0.0714318813567031, 0.0682692808511243, 0.0691356805800899, 0.0714268584717349, 0.06853768988542028, 0.07159666807625396, 0.07109645472219416, 0.07068385848348016, 0.07134913192947344, 0.07079459471877067, 0.0711772101427792, 0.07023700425217162, 0.07053516323414145, 0.07124904487747272, 0.07072374350458564, 0.07159432984085491, 0.07154076891146453, 0.07166606954661649, 0.07162503930951544, 0.07165094217887068, 0.07166624020308346, 0.07029375875170406, 0.0715795148401743, 0.07151731321710221, 0.07151060849736712, 0.07154952438109528, 0.07105329994473686, 0.07159845803821896, 0.07164268738901994, 0.07163434812510164, 0.07164244865292614, 0.07151242704751518, 0.0712953302348005, 0.07083254696196017, 0.06898186711122199, 0.0711769116915536, 0.07112001973588633, 0.07120521309687554, 0.07153995172836645, 0.07120939187036732, 0.07129116656645972, 0.07166162251985872, 0.07164739601332923, 0.071648638545908, 0.0716332165259679, 0.07048596734379155, 0.07103864776694523, 0.07137304459281267, 0.0690807870213891, 0.06883511027645549, 0.0715401289943047, 0.06978638117738946, 0.07157752124539697, 0.06898279623786006, 0.07109763779815256, 0.07161984233759358], "best_fitness_seen_values": [0.79, 0.79, 0.79, 0.79, 0.79, 0.79, 0.79, 0.79, 0.79, 0.79, 0.79, 0.79, 0.79, 0.79, 0.79, 0.8, 0.8, 0.8, 0.8, 0.8, 0.8, 0.8, 0.8, 0.8, 0.8, 0.8, 0.8, 0.8, 0.8, 0.8, 0.8, 0.8, 0.8, 0.8, 0.8, 0.8, 0.82, 0.82, 0.82, 0.82, 0.82, 0.82, 0.82, 0.82, 0.82, 0.82, 0.82, 0.82, 0.82, 0.82, 0.82, 0.84, 0.84, 0.84, 0.84, 0.84, 0.84, 0.84, 0.84, 0.84, 0.84, 0.84, 0.84, 0.84, 0.84, 0.84, 0.84, 0.84, 0.84, 0.84, 0.84, 0.84, 0.84, 0.84, 0.84, 0.84, 0.84, 0.84, 0.84, 0.84, 0.84, 0.84], "time_execution": 3499.618988000002}