{"generation_number_values": [1, 2, 3, 4, 5, 6, 7, 8, 9, 10, 11, 12, 13, 14, 15, 16, 17, 18, 19, 20, 21, 22, 23, 24, 25, 26, 27, 28, 29, 30, 31, 32, 33, 34, 35, 36, 37, 38, 39, 40, 41, 42, 43, 44, 45, 46, 47, 48, 49, 50, 51, 52, 53, 54, 55, 56, 57, 58, 59, 60, 61, 62, 63, 64, 65], "population_size_values": [26, 26, 26, 26, 26, 26, 26, 26, 26, 26, 26, 26, 26, 26, 26, 26, 26, 26, 26, 26, 26, 26, 26, 26, 26, 26, 26, 26, 26, 26, 26, 26, 26, 26, 26, 26, 26, 26, 26, 26, 26, 26, 26, 26, 26, 26, 26, 26, 26, 26, 26, 26, 26, 26, 26, 26, 26, 26, 26, 26, 26, 26, 26, 26, 26], "generation_fitness_values": [0.85, 0.85, 0.84, 0.83, 0.83, 0.83, 0.89, 0.89, 0.79, 0.77, 0.82, 0.84, 0.86, 0.86, 0.84, 0.84, 0.84, 0.8, 0.8, 0.77, 0.79, 0.84, 0.84, 0.86, 0.86, 0.86, 0.86, 0.86, 0.89, 0.89, 0.89, 0.89, 0.89, 0.91, 0.93, 0.93, 0.93, 0.93, 0.93, 0.93, 0.93, 0.93, 0.88, 0.88, 0.89, 0.89, 0.89, 0.88, 0.88, 0.89, 0.86, 0.89, 0.89, 0.89, 0.89, 0.89, 0.89, 0.89, 0.88, 0.88, 0.88, 0.86, 0.88, 0.88, 0.89], "crossover_rate_values": [0, 0, 0, 0, 0, 0, 0, 0, 0, 0, 0, 0, 0, 0, 0, 0, 0, 0, 0, 0, 0, 0, 0, 0, 0, 0, 0, 0, 0, 0, 0, 0, 0, 0, 0, 0, 0, 0, 0, 0, 0, 0, 0, 0, 0, 0, 0, 0, 0, 0, 0, 0, 0, 0, 0, 0, 0, 0, 0, 0, 0, 0, 0, 0, 0], "mutation_rate_values": [0.41849833796071056, 0.3750074322475618, 0.4003944430593412, 0.3788041764168412, 0.47838308998340395, 0.4209315093409047, 0.43081437254497695, 0.41104841651423796, 0.4334824708511119, 0.28930815200868665, 0.39448032600297933, 0.34858501426173444, 0.36504141630496506, 0.3270409508496286, 0.2987932124398302, 0.32889492040904184, 0.29642101166846213, 0.29754802859757234, 0.4457121692514466, 0.3617015146014353, 0.330908835251859, 0.3113709640768201, 0.44483359799814426, 0.4053216118551411, 0.40411115850962154, 0.33342565972694016, 0.3348956895498477, 0.3420545708392886, 0.3864502368482385, 0.3618297492250224, 0.28776036961231966, 0.3524231864599719, 0.3802438356030251, 0.37383669521390817, 0.36958949657462864, 0.38659711827000015, 0.4354485268534992, 0.4471513252998755, 0.3774210859034128, 0.34609257642115104, 0.3725378642229437, 0.37024260907010337, 0.33139622025420185, 0.42722558752136275, 0.3313175074901689, 0.45040245411712804, 0.4411005337579216, 0.4708396373429943, 0.3474656404196842, 0.368100204854409, 0.4450456881634391, 0.38908888288071475, 0.4202942601636041, 0.4253369573282283, 0.40703020006935137, 0.5071662402743737, 0.401568359345331, 0.33713385317470745, 0.3268690275559418, 0.30129923208225873, 0.3480897712685259, 0.38375509905881516, 0.41053611025950215, 0.5237865692647007, 0.4472161336435121], "best_fitness_seen_values": [0.85, 0.85, 0.85, 0.85, 0.85, 0.85, 0.89, 0.89, 0.89, 0.89, 0.89, 0.89, 0.89, 0.89, 0.89, 0.89, 0.89, 0.89, 0.89, 0.89, 0.89, 0.89, 0.89, 0.89, 0.89, 0.89, 0.89, 0.89, 0.89, 0.89, 0.89, 0.89, 0.89, 0.91, 0.93, 0.93, 0.93, 0.93, 0.93, 0.93, 0.93, 0.93, 0.93, 0.93, 0.93, 0.93, 0.93, 0.93, 0.93, 0.93, 0.93, 0.93, 0.93, 0.93, 0.93, 0.93, 0.93, 0.93, 0.93, 0.93, 0.93, 0.93, 0.93, 0.93, 0.93], "time_execution": 2221.5226289999846}