{"generation_number_values": [1, 2, 3, 4, 5], "population_size_values": [20, 20, 20, 20, 20], "generation_fitness_values": [0.65, 0.53, 0.56, 0.69, 0.65], "crossover_rate_values": [0, 0, 0, 0, 0], "mutation_rate_values": [1.0, 0.7999999999999999, 0.5999999999999999, 0.39999999999999997, 0.19999999999999996], "best_fitness_seen_values": [0.65, 0.65, 0.65, 0.69, 0.69], "time_execution": 100.72713099999999}