{"generation_number_values": [1, 2, 3, 4, 5, 6, 7, 8, 9, 10, 11, 12, 13, 14, 15, 16, 17, 18, 19, 20, 21, 22, 23, 24, 25, 26, 27, 28, 29, 30, 31], "population_size_values": [26, 26, 26, 26, 26, 26, 26, 26, 26, 26, 26, 26, 26, 26, 26, 26, 26, 26, 26, 26, 26, 26, 26, 26, 26, 26, 26, 26, 26, 26, 26], "generation_fitness_values": [0.82, 0.71, 0.55, 0.7, 0.5, 0.75, 0.75, 0.75, 0.6, 0.52, 0.55, 0.54, 0.73, 0.77, 0.5, 0.76, 0.54, 0.71, 0.46, 0.54, 0.39, 0.48, 0.55, 0.78, 0.75, 0.78, 0.63, 0.46, 0.78, 0.78, 0.66], "crossover_rate_values": [0, 0, 0, 0, 0, 0, 0, 0, 0, 0, 0, 0, 0, 0, 0, 0, 0, 0, 0, 0, 0, 0, 0, 0, 0, 0, 0, 0, 0, 0, 0], "mutation_rate_values": [0.43359995507268373, 0.3769172595194525, 0.371510998410506, 0.38127359025928825, 0.43729303480222553, 0.37023788442088473, 0.3660433828966305, 0.30864879490081276, 0.4183089097809835, 0.3241891893387076, 0.3492907579562112, 0.36788611970415713, 0.44550691306371326, 0.3426577291210752, 0.43286537917696344, 0.328399025055785, 0.3387777547506039, 0.39214187547112406, 0.29996487998602406, 0.4292744897506342, 0.38565888410375704, 0.4073593617462263, 0.44646295419899684, 0.42707926918465117, 0.47082193131328476, 0.3698758659423733, 0.42234782717425845, 0.4249213955216451, 0.313292283214461, 0.30886141644505083, 0.36525721284954416], "best_fitness_seen_values": [0.82, 0.82, 0.82, 0.82, 0.82, 0.82, 0.82, 0.82, 0.82, 0.82, 0.82, 0.82, 0.82, 0.82, 0.82, 0.82, 0.82, 0.82, 0.82, 0.82, 0.82, 0.82, 0.82, 0.82, 0.82, 0.82, 0.82, 0.82, 0.82, 0.82, 0.82], "time_execution": 609.070602000007}