{"generation_number_values": [1, 2, 3, 4, 5, 6, 7, 8, 9, 10, 11, 12, 13, 14, 15, 16, 17, 18, 19, 20, 21, 22, 23, 24, 25, 26, 27, 28, 29, 30, 31, 32, 33, 34, 35, 36, 37, 38, 39, 40, 41, 42, 43, 44, 45, 46, 47, 48, 49, 50, 51, 52, 53, 54, 55, 56], "population_size_values": [50, 50, 50, 50, 50, 50, 50, 50, 50, 50, 50, 50, 50, 50, 50, 50, 50, 50, 50, 50, 50, 50, 50, 50, 50, 50, 50, 50, 50, 50, 50, 50, 50, 50, 50, 50, 50, 50, 50, 50, 50, 50, 50, 50, 50, 50, 50, 50, 50, 50, 50, 50, 50, 50, 50, 50], "generation_fitness_values": [0.8, 0.75, 0.72, 0.56, 0.7, 0.63, 0.68, 0.67, 0.7, 0.77, 0.77, 0.77, 0.77, 0.79, 0.77, 0.75, 0.79, 0.77, 0.77, 0.79, 0.75, 0.79, 0.75, 0.79, 0.68, 0.82, 0.68, 0.75, 0.68, 0.77, 0.72, 0.74, 0.79, 0.72, 0.72, 0.62, 0.7, 0.67, 0.75, 0.77, 0.67, 0.74, 0.68, 0.75, 0.79, 0.79, 0.8, 0.75, 0.79, 0.8, 0.77, 0.7, 0.75, 0.79, 0.8, 0.79], "crossover_rate_values": [0, 0, 0, 0, 0, 0, 0, 0, 0, 0, 0, 0, 0, 0, 0, 0, 0, 0, 0, 0, 0, 0, 0, 0, 0, 0, 0, 0, 0, 0, 0, 0, 0, 0, 0, 0, 0, 0, 0, 0, 0, 0, 0, 0, 0, 0, 0, 0, 0, 0, 0, 0, 0, 0, 0, 0], "mutation_rate_values": [0.008888888888888889, 0.008888888888888889, 0.008888888888888889, 0.012091503267973862, 0.012790540540540539, 0.015000000000000008, 0.047917322964806976, 0.058772752760524495, 0.06620356001224764, 0.06930555555555552, 0.0709920634920635, 0.07128495143545749, 0.0713762940328455, 0.07113055516654104, 0.07122561201108792, 0.07132839809121921, 0.07134830286476296, 0.07133798972799016, 0.07145132351438081, 0.07129653393044012, 0.07146155198113485, 0.07103737392582771, 0.07106703686370408, 0.07142573184975681, 0.07135127055303746, 0.0712125706519826, 0.0712915133237228, 0.07121958136550453, 0.0716129539943693, 0.07123498485495644, 0.07160096130735115, 0.07162822884117644, 0.07158731360800431, 0.0715773169348774, 0.0716634638200544, 0.07156394125787348, 0.07012009475697926, 0.07155178725245864, 0.07095699080110096, 0.07134956051197455, 0.07108524865906742, 0.0710356348416661, 0.07160590210042718, 0.07107781305750832, 0.07109580804549694, 0.07146705801900007, 0.0714814496383671, 0.07135815446750703, 0.07145178729420308, 0.07098874640689766, 0.07133125368684358, 0.07156616010058482, 0.0716478687567512, 0.0716360169317593, 0.07145780820160441, 0.07142529519377788], "best_fitness_seen_values": [0.8, 0.8, 0.8, 0.8, 0.8, 0.8, 0.8, 0.8, 0.8, 0.8, 0.8, 0.8, 0.8, 0.8, 0.8, 0.8, 0.8, 0.8, 0.8, 0.8, 0.8, 0.8, 0.8, 0.8, 0.8, 0.82, 0.82, 0.82, 0.82, 0.82, 0.82, 0.82, 0.82, 0.82, 0.82, 0.82, 0.82, 0.82, 0.82, 0.82, 0.82, 0.82, 0.82, 0.82, 0.82, 0.82, 0.82, 0.82, 0.82, 0.82, 0.82, 0.82, 0.82, 0.82, 0.82, 0.82], "time_execution": 3113.540905}