{"generation_number_values": [1, 2, 3, 4, 5], "population_size_values": [10, 10, 10, 10, 10], "generation_fitness_values": [0.56, 0.67, 0.67, 0.59, 0.51], "crossover_rate_values": [0, 0, 0, 0, 0], "mutation_rate_values": [1.0, 0.8, 0.6, 0.4, 0.19999999999999996], "best_fitness_seen_values": [0.56, 0.67, 0.67, 0.67, 0.67], "time_execution": 36.47952800000007}