{"generation_number_values": [1, 2, 3, 4, 5, 6, 7, 8, 9, 10, 11, 12, 13, 14, 15, 16, 17, 18, 19, 20, 21, 22, 23, 24, 25, 26, 27, 28, 29, 30, 31, 32, 33, 34, 35, 36, 37, 38, 39, 40, 41, 42, 43, 44, 45, 46, 47, 48, 49, 50, 51, 52, 53, 54, 55, 56, 57, 58, 59, 60, 61, 62, 63, 64, 65, 66, 67, 68, 69, 70, 71, 72, 73, 74, 75, 76, 77, 78, 79, 80], "population_size_values": [26, 26, 26, 26, 26, 26, 26, 26, 26, 26, 26, 26, 26, 26, 26, 26, 26, 26, 26, 26, 26, 26, 26, 26, 26, 26, 26, 26, 26, 26, 26, 26, 26, 26, 26, 26, 26, 26, 26, 26, 26, 26, 26, 26, 26, 26, 26, 26, 26, 26, 26, 26, 26, 26, 26, 26, 26, 26, 26, 26, 26, 26, 26, 26, 26, 26, 26, 26, 26, 26, 26, 26, 26, 26, 26, 26, 26, 26, 26, 26], "generation_fitness_values": [0.81, 0.81, 0.83, 0.83, 0.82, 0.82, 0.82, 0.82, 0.88, 0.86, 0.86, 0.86, 0.86, 0.86, 0.86, 0.82, 0.88, 0.89, 0.89, 0.89, 0.86, 0.86, 0.84, 0.89, 0.89, 0.89, 0.91, 0.91, 0.91, 0.91, 0.91, 0.91, 0.91, 0.91, 0.91, 0.8, 0.8, 0.79, 0.79, 0.79, 0.79, 0.86, 0.86, 0.86, 0.86, 0.86, 0.86, 0.86, 0.86, 0.93, 0.88, 0.88, 0.88, 0.88, 0.88, 0.89, 0.89, 0.91, 0.91, 0.89, 0.84, 0.84, 0.89, 0.91, 0.89, 0.89, 0.89, 0.86, 0.86, 0.86, 0.84, 0.84, 0.8, 0.8, 0.8, 0.8, 0.86, 0.89, 0.91, 0.91], "crossover_rate_values": [0, 0, 0, 0, 0, 0, 0, 0, 0, 0, 0, 0, 0, 0, 0, 0, 0, 0, 0, 0, 0, 0, 0, 0, 0, 0, 0, 0, 0, 0, 0, 0, 0, 0, 0, 0, 0, 0, 0, 0, 0, 0, 0, 0, 0, 0, 0, 0, 0, 0, 0, 0, 0, 0, 0, 0, 0, 0, 0, 0, 0, 0, 0, 0, 0, 0, 0, 0, 0, 0, 0, 0, 0, 0, 0, 0, 0, 0, 0, 0], "mutation_rate_values": [0.412575541334573, 0.3359462269177005, 0.3870155866972888, 0.33678269995343935, 0.3306180393882461, 0.2832163862067322, 0.36567374931306884, 0.41188470410308653, 0.3210069863351664, 0.3349053445955683, 0.372644605147866, 0.3860051215174194, 0.33073213624664616, 0.39878803328476786, 0.4974008341995964, 0.34772850988666854, 0.3750025010057931, 0.3949941403952544, 0.4274426453247082, 0.4560572794052015, 0.3526824269564655, 0.3577318630470666, 0.4306499482958158, 0.3457826568098289, 0.42801382083908546, 0.381572647003391, 0.40048035624342965, 0.30464264427462984, 0.36674392749710005, 0.4162524357168265, 0.37782900609805886, 0.46520924414627335, 0.3906504557900137, 0.3988799038853791, 0.35691194568972057, 0.49478629869732643, 0.39537619410891267, 0.328252944010875, 0.3021539271276751, 0.2590455297993862, 0.2784819952486642, 0.38531227928032846, 0.5052008966086518, 0.45485324163425045, 0.3702068467689287, 0.37063522260220105, 0.43820830208541117, 0.37377784964465294, 0.37741816332986416, 0.2452525322391223, 0.3301406348007635, 0.34734587994311944, 0.41031166445532724, 0.4008867250484177, 0.3303712496230661, 0.2578929903178757, 0.31393146001477057, 0.2857337339205637, 0.4358289658898004, 0.38213901057660515, 0.4798017731713828, 0.3243080746094318, 0.3489338049041187, 0.4332813620974039, 0.376540533108988, 0.3886504733048893, 0.28842637991629927, 0.3135438337786694, 0.2858142659902995, 0.3921383877559, 0.35561204669659074, 0.3462841180714871, 0.33633146176582723, 0.35625929325976746, 0.4112398159243425, 0.4145558794814208, 0.4791211546253582, 0.49511623099691965, 0.33267271040967095, 0.3766947072795318], "best_fitness_seen_values": [0.81, 0.81, 0.83, 0.83, 0.83, 0.83, 0.83, 0.83, 0.88, 0.88, 0.88, 0.88, 0.88, 0.88, 0.88, 0.88, 0.88, 0.89, 0.89, 0.89, 0.89, 0.89, 0.89, 0.89, 0.89, 0.89, 0.91, 0.91, 0.91, 0.91, 0.91, 0.91, 0.91, 0.91, 0.91, 0.91, 0.91, 0.91, 0.91, 0.91, 0.91, 0.91, 0.91, 0.91, 0.91, 0.91, 0.91, 0.91, 0.91, 0.93, 0.93, 0.93, 0.93, 0.93, 0.93, 0.93, 0.93, 0.93, 0.93, 0.93, 0.93, 0.93, 0.93, 0.93, 0.93, 0.93, 0.93, 0.93, 0.93, 0.93, 0.93, 0.93, 0.93, 0.93, 0.93, 0.93, 0.93, 0.93, 0.93, 0.93], "time_execution": 2792.990786999988}