{"generation_number_values": [1, 2, 3, 4, 5, 6, 7, 8, 9, 10, 11, 12, 13, 14, 15, 16, 17, 18, 19, 20, 21, 22, 23, 24, 25, 26, 27, 28, 29, 30, 31, 32, 33, 34, 35, 36, 37, 38, 39, 40, 41, 42, 43, 44, 45, 46, 47, 48, 49, 50, 51, 52, 53], "population_size_values": [26, 26, 26, 26, 26, 26, 26, 26, 26, 26, 26, 26, 26, 26, 26, 26, 26, 26, 26, 26, 26, 26, 26, 26, 26, 26, 26, 26, 26, 26, 26, 26, 26, 26, 26, 26, 26, 26, 26, 26, 26, 26, 26, 26, 26, 26, 26, 26, 26, 26, 26, 26, 26], "generation_fitness_values": [0.78, 0.7, 0.56, 0.5, 0.72, 0.45, 0.74, 0.83, 0.75, 0.79, 0.8, 0.58, 0.64, 0.6, 0.52, 0.73, 0.75, 0.71, 0.73, 0.52, 0.74, 0.77, 0.84, 0.82, 0.75, 0.8, 0.56, 0.78, 0.75, 0.76, 0.68, 0.68, 0.62, 0.54, 0.64, 0.71, 0.79, 0.79, 0.54, 0.55, 0.79, 0.54, 0.79, 0.54, 0.6, 0.55, 0.72, 0.58, 0.68, 0.54, 0.73, 0.78, 0.69], "crossover_rate_values": [0, 0, 0, 0, 0, 0, 0, 0, 0, 0, 0, 0, 0, 0, 0, 0, 0, 0, 0, 0, 0, 0, 0, 0, 0, 0, 0, 0, 0, 0, 0, 0, 0, 0, 0, 0, 0, 0, 0, 0, 0, 0, 0, 0, 0, 0, 0, 0, 0, 0, 0, 0, 0], "mutation_rate_values": [0.008714285714285714, 0.008714285714285718, 0.008888888888888889, 0.01213157894736842, 0.009325396825396823, 0.015000000000000005, 0.051395629233027984, 0.059095021062081345, 0.06694444444444446, 0.06930555555555554, 0.07099206349206347, 0.07107256194012603, 0.06939576706271741, 0.07041296901565165, 0.06976676666414729, 0.06854675237362493, 0.07160165351832246, 0.0714973323470979, 0.07164250432333973, 0.071646890702594, 0.0685454381582534, 0.07160466238785025, 0.0714878270388615, 0.0711720965408014, 0.07105898831158589, 0.07157317087660474, 0.07157699633065705, 0.06912690874506201, 0.07149931949743246, 0.07147315490224682, 0.07159822699859374, 0.07118963003206304, 0.07119134014605487, 0.07008103448332705, 0.06879846939665299, 0.07044915019140521, 0.07162616835390667, 0.07141876597260467, 0.07149581005932072, 0.06883526895750988, 0.06895518898694465, 0.07149747798908565, 0.0688088730665107, 0.0715570848114827, 0.0688256454077738, 0.06977382945082967, 0.0689747631586097, 0.07164681585512446, 0.06937677432556374, 0.07121452127182938, 0.06878898845031658, 0.07130010141979662, 0.07149842843702048], "best_fitness_seen_values": [0.79, 0.79, 0.79, 0.79, 0.79, 0.79, 0.79, 0.83, 0.83, 0.83, 0.83, 0.83, 0.83, 0.83, 0.83, 0.83, 0.83, 0.83, 0.83, 0.83, 0.83, 0.83, 0.84, 0.84, 0.84, 0.84, 0.84, 0.84, 0.84, 0.84, 0.84, 0.84, 0.84, 0.84, 0.84, 0.84, 0.84, 0.84, 0.84, 0.84, 0.84, 0.84, 0.84, 0.84, 0.84, 0.84, 0.84, 0.84, 0.84, 0.84, 0.84, 0.84, 0.84], "time_execution": 2235.298692000011}