{"generation_number_values": [1, 2, 3, 4, 5, 6, 7, 8, 9, 10, 11, 12, 13, 14, 15, 16, 17, 18, 19, 20, 21, 22, 23, 24, 25, 26, 27, 28, 29, 30, 31, 32, 33, 34, 35, 36, 37, 38, 39, 40, 41, 42, 43, 44, 45, 46, 47, 48, 49, 50, 51, 52, 53], "population_size_values": [26, 26, 26, 26, 26, 26, 26, 26, 26, 26, 26, 26, 26, 26, 26, 26, 26, 26, 26, 26, 26, 26, 26, 26, 26, 26, 26, 26, 26, 26, 26, 26, 26, 26, 26, 26, 26, 26, 26, 26, 26, 26, 26, 26, 26, 26, 26, 26, 26, 26, 26, 26, 26], "generation_fitness_values": [0.73, 0.62, 0.59, 0.55, 0.5, 0.48, 0.57, 0.66, 0.54, 0.56, 0.72, 0.54, 0.76, 0.71, 0.71, 0.63, 0.54, 0.76, 0.8, 0.8, 0.75, 0.71, 0.82, 0.77, 0.77, 0.79, 0.77, 0.77, 0.77, 0.7, 0.6, 0.77, 0.79, 0.79, 0.79, 0.75, 0.7, 0.55, 0.5, 0.5, 0.72, 0.72, 0.73, 0.73, 0.73, 0.64, 0.6, 0.54, 0.55, 0.75, 0.79, 0.79, 0.76], "crossover_rate_values": [0, 0, 0, 0, 0, 0, 0, 0, 0, 0, 0, 0, 0, 0, 0, 0, 0, 0, 0, 0, 0, 0, 0, 0, 0, 0, 0, 0, 0, 0, 0, 0, 0, 0, 0, 0, 0, 0, 0, 0, 0, 0, 0, 0, 0, 0, 0, 0, 0, 0, 0, 0, 0], "mutation_rate_values": [0.008714285714285714, 0.008611111111111113, 0.008888888888888889, 0.012091503267973857, 0.012450657894736842, 0.009325396825396823, 0.052179931252977964, 0.05707042282879448, 0.06596731214550543, 0.06626124190921832, 0.06842588059295528, 0.07156820647625393, 0.0688216922257581, 0.07150227217691409, 0.07160472725441767, 0.07161108386659297, 0.07029810250177616, 0.06883259829938113, 0.07156781429775169, 0.07089617876919464, 0.07140974617798791, 0.0716414485808554, 0.07145404121085838, 0.07162226211511522, 0.07165888273760693, 0.07134512993112675, 0.07098708289887509, 0.07130122353388527, 0.07153274754868112, 0.07163028401201013, 0.07165786667141247, 0.06978948685294019, 0.0714557652667853, 0.07146903532463769, 0.07153302268881802, 0.07156571573730054, 0.07161625025345707, 0.07165654163373038, 0.06898704977071667, 0.06827008215331633, 0.06827008740102128, 0.07163541889249683, 0.07164694301391047, 0.07159403280920595, 0.07138091596211361, 0.0714131551346033, 0.0704252567478477, 0.06978557656876196, 0.0688376697845268, 0.06898625066977072, 0.07164028284483993, 0.07121456755938994, 0.07135703413949843], "best_fitness_seen_values": [0.79, 0.79, 0.79, 0.79, 0.79, 0.79, 0.79, 0.79, 0.79, 0.79, 0.79, 0.79, 0.79, 0.79, 0.79, 0.79, 0.79, 0.79, 0.8, 0.8, 0.8, 0.8, 0.82, 0.82, 0.82, 0.82, 0.82, 0.82, 0.82, 0.82, 0.82, 0.82, 0.82, 0.82, 0.82, 0.82, 0.82, 0.82, 0.82, 0.82, 0.82, 0.82, 0.82, 0.82, 0.82, 0.82, 0.82, 0.82, 0.82, 0.82, 0.82, 0.82, 0.82], "time_execution": 1964.4355989999967}