{"generation_number_values": [1, 2, 3, 4, 5, 6, 7, 8, 9, 10, 11, 12, 13, 14, 15, 16, 17, 18, 19, 20, 21, 22, 23, 24, 25, 26, 27, 28, 29, 30, 31, 32, 33, 34, 35, 36, 37, 38, 39, 40, 41, 42, 43, 44, 45, 46, 47, 48, 49, 50, 51, 52, 53, 54, 55, 56, 57, 58, 59, 60, 61, 62, 63, 64, 65, 66, 67, 68, 69, 70, 71, 72, 73, 74, 75, 76, 77, 78, 79, 80, 81, 82, 83, 84, 85, 86, 87, 88], "population_size_values": [26, 26, 26, 26, 26, 26, 26, 26, 26, 26, 26, 26, 26, 26, 26, 26, 26, 26, 26, 26, 26, 26, 26, 26, 26, 26, 26, 26, 26, 26, 26, 26, 26, 26, 26, 26, 26, 26, 26, 26, 26, 26, 26, 26, 26, 26, 26, 26, 26, 26, 26, 26, 26, 26, 26, 26, 26, 26, 26, 26, 26, 26, 26, 26, 26, 26, 26, 26, 26, 26, 26, 26, 26, 26, 26, 26, 26, 26, 26, 26, 26, 26, 26, 26, 26, 26, 26, 26], "generation_fitness_values": [0.77, 0.75, 0.62, 0.55, 0.74, 0.78, 0.5, 0.38, 0.5, 0.5, 0.48, 0.5, 0.48, 0.71, 0.69, 0.67, 0.54, 0.79, 0.5, 0.45, 0.45, 0.5, 0.45, 0.54, 0.73, 0.72, 0.72, 0.71, 0.5, 0.62, 0.56, 0.55, 0.73, 0.71, 0.77, 0.71, 0.5, 0.7, 0.63, 0.54, 0.55, 0.71, 0.75, 0.54, 0.75, 0.75, 0.8, 0.77, 0.54, 0.56, 0.54, 0.77, 0.77, 0.54, 0.54, 0.71, 0.74, 0.82, 0.74, 0.56, 0.56, 0.56, 0.54, 0.55, 0.54, 0.55, 0.72, 0.76, 0.72, 0.73, 0.74, 0.77, 0.74, 0.76, 0.68, 0.74, 0.75, 0.8, 0.77, 0.72, 0.7, 0.74, 0.79, 0.76, 0.79, 0.74, 0.58, 0.56], "crossover_rate_values": [0, 0, 0, 0, 0, 0, 0, 0, 0, 0, 0, 0, 0, 0, 0, 0, 0, 0, 0, 0, 0, 0, 0, 0, 0, 0, 0, 0, 0, 0, 0, 0, 0, 0, 0, 0, 0, 0, 0, 0, 0, 0, 0, 0, 0, 0, 0, 0, 0, 0, 0, 0, 0, 0, 0, 0, 0, 0, 0, 0, 0, 0, 0, 0, 0, 0, 0, 0, 0, 0, 0, 0, 0, 0, 0, 0, 0, 0, 0, 0, 0, 0, 0, 0, 0, 0, 0, 0], "mutation_rate_values": [0.008798850574712646, 0.008635802469135801, 0.008635802469135801, 0.008635802469135801, 0.008888888888888889, 0.012091503267973857, 0.008714285714285718, 0.008714285714285718, 0.008714285714285718, 0.008888888888888889, 0.012091503267973857, 0.013627760252365931, 0.015000000000000005, 0.04981994623536234, 0.059095021062081345, 0.06694444444444446, 0.06930555555555554, 0.07099206349206347, 0.008798850574712646, 0.008798850574712646, 0.008798850574712646, 0.008888888888888889, 0.012091503267973857, 0.013577076457645767, 0.015000000000000005, 0.050271380541340956, 0.059095021062081345, 0.06694444444444446, 0.06930555555555554, 0.07099206349206347, 0.07165082158783828, 0.07166362474276797, 0.07164681772798888, 0.07153582419043848, 0.07165570598038053, 0.07157856670632565, 0.07165523596400927, 0.07166650593555014, 0.07165029553589276, 0.07165013145984386, 0.07166166166187715, 0.07165037557358708, 0.07127780160609933, 0.07101506135634052, 0.07166456425591636, 0.07149780547179317, 0.07150564300828363, 0.008888888888888889, 0.008888888888888889, 0.008888888888888889, 0.008888888888888889, 0.012091503267973857, 0.01351449275362319, 0.014999999999999994, 0.05078825147775871, 0.059095021062081345, 0.06694444444444446, 0.06930555555555554, 0.009083333333333332, 0.009083333333333332, 0.009083333333333332, 0.009083333333333332, 0.012091503267973857, 0.013339947089947088, 0.015000000000000005, 0.05204048908783531, 0.059095021062081345, 0.06694444444444446, 0.06930555555555554, 0.07099206349206347, 0.07136376913855978, 0.07142541010525662, 0.07147133630897527, 0.07105943060462014, 0.07132130292230474, 0.07159894607136694, 0.07149400335832311, 0.07131622191389386, 0.07125441434021454, 0.07143179068366824, 0.07163105128764337, 0.07164900130903293, 0.07157128163587648, 0.07161521076541952, 0.0715746162163129, 0.07136823109111635, 0.07154785339893778, 0.07165799702798702], "best_fitness_seen_values": [0.77, 0.77, 0.77, 0.77, 0.77, 0.78, 0.78, 0.78, 0.78, 0.78, 0.78, 0.78, 0.78, 0.78, 0.78, 0.78, 0.78, 0.79, 0.79, 0.79, 0.79, 0.79, 0.79, 0.79, 0.79, 0.79, 0.79, 0.79, 0.79, 0.79, 0.79, 0.79, 0.79, 0.79, 0.79, 0.79, 0.79, 0.79, 0.79, 0.79, 0.79, 0.79, 0.79, 0.79, 0.79, 0.79, 0.8, 0.8, 0.8, 0.8, 0.8, 0.8, 0.8, 0.8, 0.8, 0.8, 0.8, 0.82, 0.82, 0.82, 0.82, 0.82, 0.82, 0.82, 0.82, 0.82, 0.82, 0.82, 0.82, 0.82, 0.82, 0.82, 0.82, 0.82, 0.82, 0.82, 0.82, 0.82, 0.82, 0.82, 0.82, 0.82, 0.82, 0.82, 0.82, 0.82, 0.82, 0.82], "time_execution": 4067.4497310000006}