{"generation_number_values": [1, 2, 3, 4, 5, 6, 7, 8, 9, 10, 11, 12, 13, 14, 15, 16, 17, 18, 19, 20, 21, 22, 23, 24, 25, 26, 27, 28, 29, 30, 31], "population_size_values": [50, 50, 50, 50, 50, 50, 50, 50, 50, 50, 50, 50, 50, 50, 50, 50, 50, 50, 50, 50, 50, 50, 50, 50, 50, 50, 50, 50, 50, 50, 50], "generation_fitness_values": [0.8, 0.79, 0.77, 0.68, 0.68, 0.7, 0.68, 0.77, 0.75, 0.77, 0.7, 0.77, 0.65, 0.65, 0.74, 0.62, 0.7, 0.7, 0.67, 0.72, 0.7, 0.77, 0.59, 0.74, 0.67, 0.74, 0.72, 0.77, 0.72, 0.77, 0.68], "crossover_rate_values": [0, 0, 0, 0, 0, 0, 0, 0, 0, 0, 0, 0, 0, 0, 0, 0, 0, 0, 0, 0, 0, 0, 0, 0, 0, 0, 0, 0, 0, 0, 0], "mutation_rate_values": [0.401212345916257, 0.43240859397174025, 0.3987716010182141, 0.3776777134319875, 0.4114955126617162, 0.4079722152135394, 0.3687071104210666, 0.42155310968279786, 0.39094082927943297, 0.37584123857395696, 0.4191809453409283, 0.40957254863699044, 0.4475106948930319, 0.4135255272219792, 0.4545122198509653, 0.36384211686964263, 0.33665995991620584, 0.41397602288274954, 0.32354174038537564, 0.3417152495020657, 0.3549554833702297, 0.37842275030756184, 0.3030157120872125, 0.43885847521040566, 0.38063641523249797, 0.36709751839796995, 0.3409055234261515, 0.3008736776143542, 0.3500932959482512, 0.3779861367780492, 0.3350810990415852], "best_fitness_seen_values": [0.8, 0.8, 0.8, 0.8, 0.8, 0.8, 0.8, 0.8, 0.8, 0.8, 0.8, 0.8, 0.8, 0.8, 0.8, 0.8, 0.8, 0.8, 0.8, 0.8, 0.8, 0.8, 0.8, 0.8, 0.8, 0.8, 0.8, 0.8, 0.8, 0.8, 0.8], "time_execution": 871.0624029999981}