{"generation_number_values": [1, 2, 3, 4, 5], "population_size_values": [10, 10, 10, 10, 10], "generation_fitness_values": [0.68, 0.72, 0.67, 0.63, 0.67], "crossover_rate_values": [0, 0, 0, 0, 0], "mutation_rate_values": [1.0, 0.8, 0.6, 0.4, 0.19999999999999996], "best_fitness_seen_values": [0.68, 0.72, 0.72, 0.72, 0.72], "time_execution": 121.696956}