{"generation_number_values": [1, 2, 3, 4, 5, 6, 7, 8, 9, 10, 11, 12, 13, 14, 15, 16, 17, 18, 19, 20, 21, 22, 23, 24, 25, 26, 27, 28, 29, 30, 31], "population_size_values": [50, 50, 50, 50, 50, 50, 50, 50, 50, 50, 50, 50, 50, 50, 50, 50, 50, 50, 50, 50, 50, 50, 50, 50, 50, 50, 50, 50, 50, 50, 50], "generation_fitness_values": [0.82, 0.8, 0.75, 0.79, 0.72, 0.74, 0.75, 0.72, 0.74, 0.72, 0.74, 0.77, 0.77, 0.77, 0.77, 0.7, 0.68, 0.7, 0.68, 0.53, 0.68, 0.74, 0.74, 0.7, 0.67, 0.75, 0.7, 0.63, 0.72, 0.75, 0.74], "crossover_rate_values": [0, 0, 0, 0, 0, 0, 0, 0, 0, 0, 0, 0, 0, 0, 0, 0, 0, 0, 0, 0, 0, 0, 0, 0, 0, 0, 0, 0, 0, 0, 0], "mutation_rate_values": [0.3969993183923094, 0.36417865102545244, 0.3697607598356496, 0.36900220118491084, 0.3620964436093129, 0.3465613129004275, 0.3723796808114061, 0.40880484584505816, 0.4532294597877764, 0.4363593939359586, 0.41014344115707435, 0.42275792309614835, 0.3697229010642328, 0.38128655470537365, 0.3969836985753231, 0.38674416617943796, 0.39087700844726425, 0.3926158696462869, 0.3740252959308629, 0.3998397054521329, 0.42999381760101296, 0.4253510848982566, 0.3414039860645478, 0.39331457890720734, 0.3644021832532431, 0.40000848719519205, 0.41858342031819523, 0.34594258680743695, 0.36011545274882806, 0.4100608688471633, 0.4439606147117652], "best_fitness_seen_values": [0.82, 0.82, 0.82, 0.82, 0.82, 0.82, 0.82, 0.82, 0.82, 0.82, 0.82, 0.82, 0.82, 0.82, 0.82, 0.82, 0.82, 0.82, 0.82, 0.82, 0.82, 0.82, 0.82, 0.82, 0.82, 0.82, 0.82, 0.82, 0.82, 0.82, 0.82], "time_execution": 894.9168969999955}