{"generation_number_values": [1, 2, 3, 4, 5, 6, 7, 8, 9, 10, 11, 12, 13, 14, 15, 16, 17, 18, 19, 20, 21, 22, 23, 24, 25, 26, 27, 28, 29, 30, 31, 32, 33, 34, 35, 36, 37, 38, 39, 40, 41, 42, 43, 44, 45, 46, 47, 48, 49, 50, 51, 52, 53, 54, 55, 56, 57, 58, 59, 60, 61, 62, 63, 64, 65, 66, 67, 68, 69, 70, 71, 72, 73, 74, 75, 76, 77, 78, 79, 80, 81, 82, 83, 84, 85, 86, 87, 88, 89, 90, 91, 92, 93, 94, 95, 96, 97, 98, 99, 100], "population_size_values": [26, 26, 26, 26, 26, 26, 26, 26, 26, 26, 26, 26, 26, 26, 26, 26, 26, 26, 26, 26, 26, 26, 26, 26, 26, 26, 26, 26, 26, 26, 26, 26, 26, 26, 26, 26, 26, 26, 26, 26, 26, 26, 26, 26, 26, 26, 26, 26, 26, 26, 26, 26, 26, 26, 26, 26, 26, 26, 26, 26, 26, 26, 26, 26, 26, 26, 26, 26, 26, 26, 26, 26, 26, 26, 26, 26, 26, 26, 26, 26, 26, 26, 26, 26, 26, 26, 26, 26, 26, 26, 26, 26, 26, 26, 26, 26, 26, 26, 26, 26], "generation_fitness_values": [0.77, 0.71, 0.58, 0.5, 0.46, 0.62, 0.56, 0.63, 0.77, 0.46, 0.78, 0.5, 0.46, 0.58, 0.5, 0.54, 0.5, 0.41, 0.62, 0.41, 0.46, 0.73, 0.54, 0.71, 0.72, 0.72, 0.5, 0.6, 0.55, 0.5, 0.5, 0.5, 0.71, 0.5, 0.62, 0.54, 0.66, 0.7, 0.62, 0.79, 0.5, 0.73, 0.8, 0.54, 0.73, 0.71, 0.5, 0.55, 0.55, 0.77, 0.74, 0.62, 0.7, 0.62, 0.82, 0.79, 0.76, 0.71, 0.66, 0.63, 0.71, 0.68, 0.8, 0.83, 0.62, 0.55, 0.78, 0.58, 0.75, 0.73, 0.77, 0.78, 0.78, 0.58, 0.76, 0.84, 0.84, 0.84, 0.68, 0.79, 0.82, 0.76, 0.48, 0.5, 0.5, 0.54, 0.62, 0.57, 0.74, 0.71, 0.72, 0.74, 0.73, 0.7, 0.54, 0.5, 0.72, 0.81, 0.55, 0.78], "crossover_rate_values": [0, 0, 0, 0, 0, 0, 0, 0, 0, 0, 0, 0, 0, 0, 0, 0, 0, 0, 0, 0, 0, 0, 0, 0, 0, 0, 0, 0, 0, 0, 0, 0, 0, 0, 0, 0, 0, 0, 0, 0, 0, 0, 0, 0, 0, 0, 0, 0, 0, 0, 0, 0, 0, 0, 0, 0, 0, 0, 0, 0, 0, 0, 0, 0, 0, 0, 0, 0, 0, 0, 0, 0, 0, 0, 0, 0, 0, 0, 0, 0, 0, 0, 0, 0, 0, 0, 0, 0, 0, 0, 0, 0, 0, 0, 0, 0, 0, 0, 0, 0], "mutation_rate_values": [0.0, 0.009999999999999998, 0.019999999999999997, 0.03000000000000001, 0.039999999999999994, 0.05, 0.06000000000000002, 0.07000000000000003, 0.07999999999999999, 0.09, 0.1, 0.11000000000000003, 0.12000000000000004, 0.12999999999999995, 0.14000000000000007, 0.14999999999999997, 0.15999999999999998, 0.16999999999999996, 0.18, 0.18999999999999997, 0.2, 0.21, 0.22000000000000006, 0.23, 0.24000000000000007, 0.25, 0.2599999999999999, 0.27, 0.28000000000000014, 0.29, 0.29999999999999993, 0.31, 0.31999999999999995, 0.33, 0.3399999999999999, 0.35, 0.36, 0.37000000000000005, 0.37999999999999995, 0.39, 0.4, 0.4100000000000001, 0.42, 0.43, 0.4400000000000001, 0.4500000000000001, 0.46, 0.4699999999999998, 0.48000000000000015, 0.49000000000000016, 0.5, 0.5099999999999999, 0.5199999999999998, 0.5300000000000001, 0.54, 0.5499999999999999, 0.5600000000000003, 0.5700000000000001, 0.58, 0.59, 0.5999999999999999, 0.6100000000000001, 0.62, 0.63, 0.6399999999999999, 0.6500000000000001, 0.66, 0.67, 0.6799999999999998, 0.6899999999999997, 0.7, 0.7100000000000001, 0.72, 0.7300000000000002, 0.7400000000000001, 0.75, 0.7599999999999999, 0.7699999999999998, 0.78, 0.7899999999999999, 0.8, 0.8100000000000004, 0.8200000000000002, 0.83, 0.84, 0.8499999999999998, 0.86, 0.8699999999999998, 0.8800000000000002, 0.8900000000000001, 0.9000000000000002, 0.91, 0.92, 0.9299999999999998, 0.9399999999999996, 0.9499999999999998, 0.9600000000000003, 0.9700000000000001, 0.9800000000000003, 0.9900000000000001], "best_fitness_seen_values": [0.77, 0.77, 0.77, 0.77, 0.77, 0.77, 0.77, 0.77, 0.77, 0.77, 0.78, 0.78, 0.78, 0.78, 0.78, 0.78, 0.78, 0.78, 0.78, 0.78, 0.78, 0.78, 0.78, 0.78, 0.78, 0.78, 0.78, 0.78, 0.78, 0.78, 0.78, 0.78, 0.78, 0.78, 0.78, 0.78, 0.78, 0.78, 0.78, 0.79, 0.79, 0.79, 0.8, 0.8, 0.8, 0.8, 0.8, 0.8, 0.8, 0.8, 0.8, 0.8, 0.8, 0.8, 0.82, 0.82, 0.82, 0.82, 0.82, 0.82, 0.82, 0.82, 0.82, 0.83, 0.83, 0.83, 0.83, 0.83, 0.83, 0.83, 0.83, 0.83, 0.83, 0.83, 0.83, 0.84, 0.84, 0.84, 0.84, 0.84, 0.84, 0.84, 0.84, 0.84, 0.84, 0.84, 0.84, 0.84, 0.84, 0.84, 0.84, 0.84, 0.84, 0.84, 0.84, 0.84, 0.84, 0.84, 0.84, 0.84], "time_execution": 2495.807872000005}