{"generation_number_values": [1, 2, 3, 4, 5, 6, 7, 8, 9, 10, 11, 12, 13, 14, 15, 16, 17, 18, 19, 20, 21, 22, 23, 24, 25, 26, 27, 28, 29, 30, 31, 32, 33, 34, 35, 36, 37, 38, 39, 40, 41, 42, 43, 44, 45, 46, 47, 48], "population_size_values": [26, 26, 26, 26, 26, 26, 26, 26, 26, 26, 26, 26, 26, 26, 26, 26, 26, 26, 26, 26, 26, 26, 26, 26, 26, 26, 26, 26, 26, 26, 26, 26, 26, 26, 26, 26, 26, 26, 26, 26, 26, 26, 26, 26, 26, 26, 26, 26], "generation_fitness_values": [0.8, 0.87, 0.87, 0.87, 0.87, 0.87, 0.88, 0.88, 0.87, 0.87, 0.87, 0.87, 0.87, 0.88, 0.88, 0.88, 0.88, 0.91, 0.88, 0.87, 0.87, 0.87, 0.87, 0.87, 0.87, 0.79, 0.86, 0.86, 0.82, 0.82, 0.82, 0.79, 0.79, 0.79, 0.78, 0.79, 0.73, 0.82, 0.86, 0.84, 0.86, 0.89, 0.88, 0.86, 0.86, 0.84, 0.86, 0.86], "crossover_rate_values": [0, 0, 0, 0, 0, 0, 0, 0, 0, 0, 0, 0, 0, 0, 0, 0, 0, 0, 0, 0, 0, 0, 0, 0, 0, 0, 0, 0, 0, 0, 0, 0, 0, 0, 0, 0, 0, 0, 0, 0, 0, 0, 0, 0, 0, 0, 0, 0], "mutation_rate_values": [0.009453149001536099, 0.008888888888888889, 0.00877002583979328, 0.00877002583979328, 0.00877002583979328, 0.008888888888888889, 0.012091503267973857, 0.008714285714285714, 0.008714285714285714, 0.008714285714285714, 0.008888888888888889, 0.012091503267973857, 0.013627760252365931, 0.015000000000000005, 0.04981994623536234, 0.059095021062081345, 0.06694444444444446, 0.06930555555555554, 0.008564102564102562, 0.008564102564102562, 0.008611111111111113, 0.008888888888888889, 0.012091503267973857, 0.013680555555555555, 0.014999999999999994, 0.04931224702963833, 0.059095021062081345, 0.06694444444444446, 0.06930555555555554, 0.07099206349206347, 0.071115777646626, 0.07139714116851592, 0.0716149493060855, 0.0716475728372061, 0.07155677877313313, 0.07145294811004546, 0.0715440084410093, 0.07158818887661386, 0.07120750042892701, 0.07125444546830442, 0.07105607309662852, 0.07126024042622489, 0.07134050969652514, 0.07126265778356144, 0.07116305802670596, 0.07163338999155201, 0.07134562444710292, 0.07082426601817983], "best_fitness_seen_values": [0.8, 0.87, 0.87, 0.87, 0.87, 0.87, 0.88, 0.88, 0.88, 0.88, 0.88, 0.88, 0.88, 0.88, 0.88, 0.88, 0.88, 0.91, 0.91, 0.91, 0.91, 0.91, 0.91, 0.91, 0.91, 0.91, 0.91, 0.91, 0.91, 0.91, 0.91, 0.91, 0.91, 0.91, 0.91, 0.91, 0.91, 0.91, 0.91, 0.91, 0.91, 0.91, 0.91, 0.91, 0.91, 0.91, 0.91, 0.91], "time_execution": 2435.1495600000053}