{"generation_number_values": [1, 2, 3, 4], "population_size_values": [20, 20, 20, 20], "generation_fitness_values": [0.62, 0.54, 0.51, 0.51], "crossover_rate_values": [0, 0, 0, 0], "mutation_rate_values": [0.008412698412698413, 0.008714285714285718, 0.009453149001536099, 0.010219136183391042], "best_fitness_seen_values": [0.62, 0.62, 0.62, 0.62], "time_execution": 76.6943040000001}