{"generation_number_values": [1, 2, 3, 4, 5, 6, 7, 8, 9, 10, 11, 12, 13, 14, 15, 16, 17, 18, 19, 20, 21, 22, 23, 24, 25, 26, 27, 28, 29, 30, 31, 32, 33, 34, 35, 36, 37, 38, 39, 40, 41, 42, 43, 44, 45, 46, 47, 48, 49, 50, 51], "population_size_values": [26, 26, 26, 26, 26, 26, 26, 26, 26, 26, 26, 26, 26, 26, 26, 26, 26, 26, 26, 26, 26, 26, 26, 26, 26, 26, 26, 26, 26, 26, 26, 26, 26, 26, 26, 26, 26, 26, 26, 26, 26, 26, 26, 26, 26, 26, 26, 26, 26, 26, 26], "generation_fitness_values": [0.8, 0.84, 0.82, 0.82, 0.82, 0.84, 0.84, 0.84, 0.88, 0.88, 0.88, 0.88, 0.88, 0.88, 0.88, 0.89, 0.89, 0.88, 0.89, 0.89, 0.91, 0.91, 0.89, 0.89, 0.89, 0.89, 0.89, 0.89, 0.89, 0.89, 0.88, 0.88, 0.86, 0.82, 0.82, 0.82, 0.79, 0.85, 0.87, 0.88, 0.88, 0.83, 0.83, 0.84, 0.84, 0.86, 0.86, 0.88, 0.88, 0.86, 0.82], "crossover_rate_values": [0, 0, 0, 0, 0, 0, 0, 0, 0, 0, 0, 0, 0, 0, 0, 0, 0, 0, 0, 0, 0, 0, 0, 0, 0, 0, 0, 0, 0, 0, 0, 0, 0, 0, 0, 0, 0, 0, 0, 0, 0, 0, 0, 0, 0, 0, 0, 0, 0, 0, 0], "mutation_rate_values": [0.009453149001536099, 0.008888888888888889, 0.008951690821256037, 0.008951690821256037, 0.008951690821256037, 0.008951690821256037, 0.012091503267973857, 0.013464683018362148, 0.015000000000000005, 0.008714285714285714, 0.008714285714285714, 0.008714285714285714, 0.008888888888888889, 0.012091503267973857, 0.013627760252365931, 0.015000000000000005, 0.00866124661246612, 0.00866124661246612, 0.00866124661246612, 0.008888888888888889, 0.012091503267973857, 0.008564102564102562, 0.008564102564102562, 0.008611111111111113, 0.008888888888888889, 0.012091503267973857, 0.013680555555555555, 0.014999999999999994, 0.04931224702963833, 0.059095021062081345, 0.06694444444444446, 0.06930555555555554, 0.07099206349206347, 0.07137738444971085, 0.07149107852477757, 0.07147871114000906, 0.07143470835025037, 0.07146470106147176, 0.07110574714491982, 0.07127466397299079, 0.07111768437448994, 0.07104413824302326, 0.07117197008979113, 0.07054261103126591, 0.07086471585859455, 0.07160996077469585, 0.07158539333882327, 0.07166335379897881, 0.07166239879574324, 0.07165444640514088, 0.07164415942092349], "best_fitness_seen_values": [0.8, 0.84, 0.84, 0.84, 0.84, 0.84, 0.84, 0.84, 0.88, 0.88, 0.88, 0.88, 0.88, 0.88, 0.88, 0.89, 0.89, 0.89, 0.89, 0.89, 0.91, 0.91, 0.91, 0.91, 0.91, 0.91, 0.91, 0.91, 0.91, 0.91, 0.91, 0.91, 0.91, 0.91, 0.91, 0.91, 0.91, 0.91, 0.91, 0.91, 0.91, 0.91, 0.91, 0.91, 0.91, 0.91, 0.91, 0.91, 0.91, 0.91, 0.91], "time_execution": 2387.2595319999964}