{"generation_number_values": [1, 2, 3, 4, 5], "population_size_values": [10, 10, 10, 10, 10], "generation_fitness_values": [0.65, 0.69, 0.59, 0.65, 0.51], "crossover_rate_values": [0, 0, 0, 0, 0], "mutation_rate_values": [0.008412698412698413, 0.008611111111111113, 0.008888888888888887, 0.012091503267973855, 0.013680555555555553], "best_fitness_seen_values": [0.65, 0.69, 0.69, 0.69, 0.69], "time_execution": 39.79332899999997}