{"generation_number_values": [1, 2, 3, 4, 5, 6, 7, 8, 9, 10, 11, 12, 13, 14, 15, 16, 17, 18, 19, 20, 21, 22, 23, 24, 25, 26, 27, 28, 29, 30, 31], "population_size_values": [26, 26, 26, 26, 26, 26, 26, 26, 26, 26, 26, 26, 26, 26, 26, 26, 26, 26, 26, 26, 26, 26, 26, 26, 26, 26, 26, 26, 26, 26, 26], "generation_fitness_values": [0.8, 0.72, 0.6, 0.5, 0.54, 0.52, 0.5, 0.5, 0.71, 0.78, 0.54, 0.6, 0.7, 0.71, 0.55, 0.54, 0.55, 0.54, 0.7, 0.79, 0.71, 0.62, 0.62, 0.71, 0.5, 0.64, 0.56, 0.54, 0.77, 0.77, 0.6], "crossover_rate_values": [0, 0, 0, 0, 0, 0, 0, 0, 0, 0, 0, 0, 0, 0, 0, 0, 0, 0, 0, 0, 0, 0, 0, 0, 0, 0, 0, 0, 0, 0, 0], "mutation_rate_values": [0.008798850574712646, 0.008888888888888889, 0.008888888888888889, 0.008888888888888889, 0.008888888888888889, 0.012091503267973857, 0.01351449275362319, 0.014999999999999994, 0.05078825147775871, 0.059095021062081345, 0.06694444444444446, 0.06930555555555554, 0.07099206349206347, 0.07157387523571246, 0.07157824446528536, 0.0716526164059733, 0.07162802806957894, 0.07163495272461597, 0.07166302841296189, 0.07165993484175438, 0.07157754822367589, 0.07161298026435194, 0.0716111361998809, 0.0716462368199429, 0.07161955829304735, 0.07164489998599997, 0.07148210331083937, 0.07159954366029896, 0.07165761202462782, 0.07152785436205586, 0.07137430087497544], "best_fitness_seen_values": [0.8, 0.8, 0.8, 0.8, 0.8, 0.8, 0.8, 0.8, 0.8, 0.8, 0.8, 0.8, 0.8, 0.8, 0.8, 0.8, 0.8, 0.8, 0.8, 0.8, 0.8, 0.8, 0.8, 0.8, 0.8, 0.8, 0.8, 0.8, 0.8, 0.8, 0.8], "time_execution": 1406.6248300000007}