{"generation_number_values": [1, 2, 3, 4, 5, 6, 7, 8, 9, 10, 11, 12, 13, 14, 15, 16, 17, 18, 19, 20, 21, 22, 23, 24, 25, 26, 27, 28, 29, 30, 31], "population_size_values": [50, 50, 50, 50, 50, 50, 50, 50, 50, 50, 50, 50, 50, 50, 50, 50, 50, 50, 50, 50, 50, 50, 50, 50, 50, 50, 50, 50, 50, 50, 50], "generation_fitness_values": [0.82, 0.8, 0.8, 0.63, 0.77, 0.63, 0.62, 0.77, 0.79, 0.75, 0.79, 0.72, 0.7, 0.7, 0.77, 0.7, 0.7, 0.74, 0.72, 0.75, 0.75, 0.77, 0.68, 0.74, 0.79, 0.79, 0.74, 0.74, 0.75, 0.72, 0.75], "crossover_rate_values": [0, 0, 0, 0, 0, 0, 0, 0, 0, 0, 0, 0, 0, 0, 0, 0, 0, 0, 0, 0, 0, 0, 0, 0, 0, 0, 0, 0, 0, 0, 0], "mutation_rate_values": [0.448429773779106, 0.4364684832370411, 0.43716818082221165, 0.4444934723184303, 0.41958788892710713, 0.44247610281722105, 0.43929731722859133, 0.44639535936910074, 0.352428944073375, 0.4134669233609729, 0.38305645696355634, 0.37390959254422873, 0.3661905979080256, 0.36586311679093797, 0.3849197704225153, 0.37664488840080557, 0.4071353492083451, 0.4435438129833655, 0.3919608911934261, 0.41881934978449664, 0.3800182846620028, 0.4174011746437302, 0.40163372239257616, 0.4091539667412431, 0.4199563352495462, 0.3689975531428168, 0.365330860351934, 0.40929365153131636, 0.3609501125616413, 0.4350635846073632, 0.3731480951559577], "best_fitness_seen_values": [0.82, 0.82, 0.82, 0.82, 0.82, 0.82, 0.82, 0.82, 0.82, 0.82, 0.82, 0.82, 0.82, 0.82, 0.82, 0.82, 0.82, 0.82, 0.82, 0.82, 0.82, 0.82, 0.82, 0.82, 0.82, 0.82, 0.82, 0.82, 0.82, 0.82, 0.82], "time_execution": 880.8785569999891}