{"generation_number_values": [1, 2, 3], "population_size_values": [20, 20, 20], "generation_fitness_values": [0.64, 0.58, 0.59], "crossover_rate_values": [0, 0, 0], "mutation_rate_values": [1.0, 0.7999999999999999, 0.5999999999999999], "best_fitness_seen_values": [0.65, 0.65, 0.65], "time_execution": 73.11899300000005}