{"generation_number_values": [1, 2, 3, 4, 5, 6, 7, 8, 9, 10, 11, 12, 13, 14, 15, 16, 17, 18, 19, 20, 21, 22, 23, 24, 25, 26, 27, 28, 29, 30, 31, 32, 33, 34, 35, 36, 37, 38, 39, 40, 41, 42, 43, 44, 45, 46, 47, 48, 49, 50, 51, 52, 53, 54, 55, 56, 57], "population_size_values": [26, 26, 26, 26, 26, 26, 26, 26, 26, 26, 26, 26, 26, 26, 26, 26, 26, 26, 26, 26, 26, 26, 26, 26, 26, 26, 26, 26, 26, 26, 26, 26, 26, 26, 26, 26, 26, 26, 26, 26, 26, 26, 26, 26, 26, 26, 26, 26, 26, 26, 26, 26, 26, 26, 26, 26, 26], "generation_fitness_values": [0.77, 0.62, 0.55, 0.54, 0.6, 0.71, 0.52, 0.65, 0.73, 0.73, 0.56, 0.62, 0.71, 0.7, 0.64, 0.71, 0.55, 0.62, 0.76, 0.8, 0.6, 0.74, 0.77, 0.75, 0.73, 0.8, 0.82, 0.54, 0.54, 0.54, 0.78, 0.79, 0.82, 0.71, 0.8, 0.75, 0.82, 0.73, 0.77, 0.73, 0.73, 0.71, 0.78, 0.62, 0.76, 0.55, 0.55, 0.54, 0.75, 0.55, 0.71, 0.71, 0.62, 0.77, 0.71, 0.72, 0.71], "crossover_rate_values": [0, 0, 0, 0, 0, 0, 0, 0, 0, 0, 0, 0, 0, 0, 0, 0, 0, 0, 0, 0, 0, 0, 0, 0, 0, 0, 0, 0, 0, 0, 0, 0, 0, 0, 0, 0, 0, 0, 0, 0, 0, 0, 0, 0, 0, 0, 0, 0, 0, 0, 0, 0, 0, 0, 0, 0, 0], "mutation_rate_values": [0.008714285714285714, 0.008635802469135801, 0.008888888888888889, 0.01219202898550725, 0.01202817075050085, 0.013685897435897433, 0.04931224702963833, 0.058596384281260606, 0.06573624867103126, 0.06930555555555554, 0.07099206349206347, 0.06910806826902084, 0.07010029133702299, 0.07120311746307625, 0.07155896319023866, 0.07047824731805233, 0.07164842347696734, 0.0689602833427916, 0.06997739299897143, 0.07145531037157785, 0.0705894672826701, 0.0696660353692681, 0.0713291186357389, 0.07127545513158128, 0.07164427077686751, 0.0713993956221969, 0.07148299012102488, 0.07157028035478086, 0.06883259829938113, 0.06883580378083698, 0.06883107399680222, 0.07164092206146819, 0.07158187523684703, 0.07139523331934686, 0.0715493665528488, 0.07152244999578503, 0.0714915385107244, 0.0715656053577285, 0.07149394560900582, 0.07166625578149168, 0.07163100403055743, 0.0716329191814025, 0.0713581635400191, 0.07084248294359542, 0.07012102682691577, 0.07163922106569345, 0.06898712665990948, 0.06898768358145066, 0.06882339630919088, 0.07123466147235145, 0.06897942028115232, 0.07162542176495058, 0.07158843544603342, 0.07012164582005778, 0.07161548343060908, 0.0716432650026623, 0.07138318481812844], "best_fitness_seen_values": [0.79, 0.79, 0.79, 0.79, 0.79, 0.79, 0.79, 0.79, 0.79, 0.79, 0.79, 0.79, 0.79, 0.79, 0.79, 0.79, 0.79, 0.79, 0.79, 0.8, 0.8, 0.8, 0.8, 0.8, 0.8, 0.8, 0.82, 0.82, 0.82, 0.82, 0.82, 0.82, 0.82, 0.82, 0.82, 0.82, 0.82, 0.82, 0.82, 0.82, 0.82, 0.82, 0.82, 0.82, 0.82, 0.82, 0.82, 0.82, 0.82, 0.82, 0.82, 0.82, 0.82, 0.82, 0.82, 0.82, 0.82], "time_execution": 2049.9715120000037}