{"generation_number_values": [1, 2, 3, 4, 5, 6, 7, 8, 9, 10, 11, 12, 13, 14, 15, 16, 17, 18, 19, 20, 21, 22, 23, 24, 25, 26, 27, 28, 29, 30, 31, 32, 33, 34, 35, 36, 37, 38, 39, 40, 41, 42, 43, 44, 45, 46, 47, 48, 49, 50, 51, 52, 53, 54, 55, 56, 57, 58, 59, 60, 61, 62, 63, 64, 65, 66, 67, 68, 69, 70, 71, 72, 73, 74, 75, 76, 77, 78, 79, 80, 81, 82, 83, 84, 85], "population_size_values": [26, 26, 26, 26, 26, 26, 26, 26, 26, 26, 26, 26, 26, 26, 26, 26, 26, 26, 26, 26, 26, 26, 26, 26, 26, 26, 26, 26, 26, 26, 26, 26, 26, 26, 26, 26, 26, 26, 26, 26, 26, 26, 26, 26, 26, 26, 26, 26, 26, 26, 26, 26, 26, 26, 26, 26, 26, 26, 26, 26, 26, 26, 26, 26, 26, 26, 26, 26, 26, 26, 26, 26, 26, 26, 26, 26, 26, 26, 26, 26, 26, 26, 26, 26, 26], "generation_fitness_values": [0.8, 0.81, 0.81, 0.81, 0.85, 0.88, 0.88, 0.88, 0.89, 0.88, 0.88, 0.88, 0.88, 0.87, 0.87, 0.87, 0.86, 0.84, 0.84, 0.84, 0.84, 0.82, 0.84, 0.84, 0.88, 0.86, 0.88, 0.88, 0.89, 0.91, 0.91, 0.91, 0.91, 0.91, 0.91, 0.91, 0.91, 0.91, 0.91, 0.91, 0.93, 0.93, 0.93, 0.93, 0.93, 0.93, 0.93, 0.93, 0.93, 0.93, 0.93, 0.93, 0.93, 0.89, 0.96, 0.96, 0.95, 0.95, 0.95, 0.95, 0.95, 0.95, 0.95, 0.93, 0.93, 0.96, 0.96, 0.95, 0.95, 0.93, 0.93, 0.93, 0.93, 0.91, 0.95, 0.95, 0.95, 0.93, 0.91, 0.91, 0.88, 0.88, 0.89, 0.89, 0.85], "crossover_rate_values": [0, 0, 0, 0, 0, 0, 0, 0, 0, 0, 0, 0, 0, 0, 0, 0, 0, 0, 0, 0, 0, 0, 0, 0, 0, 0, 0, 0, 0, 0, 0, 0, 0, 0, 0, 0, 0, 0, 0, 0, 0, 0, 0, 0, 0, 0, 0, 0, 0, 0, 0, 0, 0, 0, 0, 0, 0, 0, 0, 0, 0, 0, 0, 0, 0, 0, 0, 0, 0, 0, 0, 0, 0, 0, 0, 0, 0, 0, 0, 0, 0, 0, 0, 0, 0], "mutation_rate_values": [0.009453149001536099, 0.008888888888888889, 0.008983870967741933, 0.008983870967741933, 0.008983870967741933, 0.008888888888888889, 0.008714285714285714, 0.008714285714285714, 0.008714285714285714, 0.00866124661246612, 0.00866124661246612, 0.00866124661246612, 0.008888888888888889, 0.012091503267973857, 0.013656056209819653, 0.014999999999999994, 0.04955311677232799, 0.059095021062081345, 0.06694444444444446, 0.06930555555555554, 0.07099206349206347, 0.07130346316866241, 0.07154627346495099, 0.07160096491457148, 0.07165455846854443, 0.07166052050467976, 0.07166407960826161, 0.07166539262426495, 0.07166421866608198, 0.07166663922544116, 0.008564102564102562, 0.008564102564102562, 0.008611111111111113, 0.008888888888888889, 0.012091503267973857, 0.013680555555555555, 0.014999999999999994, 0.04931224702963833, 0.059095021062081345, 0.06694444444444446, 0.06930555555555554, 0.008480480480480477, 0.008480480480480477, 0.008611111111111113, 0.008888888888888889, 0.012091503267973857, 0.013680555555555555, 0.015000000000000005, 0.04931224702963833, 0.059095021062081345, 0.06694444444444446, 0.06930555555555554, 0.07099206349206347, 0.07166368921722342, 0.0716612168694365, 0.008385620915032681, 0.008412698412698413, 0.008611111111111113, 0.008888888888888889, 0.012091503267973857, 0.013680555555555555, 0.015000000000000005, 0.04931224702963833, 0.059095021062081345, 0.06694444444444446, 0.06930555555555554, 0.07099206349206347, 0.07166525355179473, 0.07166635937004859, 0.07166580513236961, 0.07166651327286419, 0.0716662579834069, 0.07166641739531524, 0.07166577782887965, 0.07166658857629847, 0.07166633307752567, 0.07166651327286419, 0.07166514085297294, 0.07166586616895707, 0.07166338403867312, 0.07166560025092138, 0.07166625550583793, 0.07166638550015333, 0.0716662011679585, 0.0716660183692961], "best_fitness_seen_values": [0.8, 0.81, 0.81, 0.81, 0.85, 0.88, 0.88, 0.88, 0.89, 0.89, 0.89, 0.89, 0.89, 0.89, 0.89, 0.89, 0.89, 0.89, 0.89, 0.89, 0.89, 0.89, 0.89, 0.89, 0.89, 0.89, 0.89, 0.89, 0.89, 0.91, 0.91, 0.91, 0.91, 0.91, 0.91, 0.91, 0.91, 0.91, 0.91, 0.91, 0.93, 0.93, 0.93, 0.93, 0.93, 0.93, 0.93, 0.93, 0.93, 0.93, 0.93, 0.93, 0.93, 0.93, 0.96, 0.96, 0.96, 0.96, 0.96, 0.96, 0.96, 0.96, 0.96, 0.96, 0.96, 0.96, 0.96, 0.96, 0.96, 0.96, 0.96, 0.96, 0.96, 0.96, 0.96, 0.96, 0.96, 0.96, 0.96, 0.96, 0.96, 0.96, 0.96, 0.96, 0.96], "time_execution": 4833.165090000002}