{"generation_number_values": [1, 2, 3, 4, 5, 6, 7, 8, 9, 10, 11, 12, 13, 14, 15, 16, 17, 18, 19, 20, 21, 22, 23, 24, 25, 26, 27, 28, 29, 30, 31], "population_size_values": [50, 50, 50, 50, 50, 50, 50, 50, 50, 50, 50, 50, 50, 50, 50, 50, 50, 50, 50, 50, 50, 50, 50, 50, 50, 50, 50, 50, 50, 50, 50], "generation_fitness_values": [0.79, 0.75, 0.72, 0.59, 0.55, 0.7, 0.7, 0.72, 0.7, 0.75, 0.75, 0.75, 0.68, 0.74, 0.7, 0.75, 0.67, 0.72, 0.77, 0.79, 0.74, 0.75, 0.75, 0.68, 0.68, 0.75, 0.7, 0.74, 0.72, 0.77, 0.75], "crossover_rate_values": [0, 0, 0, 0, 0, 0, 0, 0, 0, 0, 0, 0, 0, 0, 0, 0, 0, 0, 0, 0, 0, 0, 0, 0, 0, 0, 0, 0, 0, 0, 0], "mutation_rate_values": [0.008888888888888889, 0.008798850574712642, 0.008888888888888889, 0.012091503267973862, 0.013436922365988908, 0.012450657894736839, 0.04931224702963833, 0.05909502106208133, 0.06694444444444446, 0.06930555555555552, 0.0709920634920635, 0.07159204590715701, 0.0716338815000967, 0.07123292575320056, 0.07158408156194972, 0.07162392720078431, 0.07156849636213125, 0.07104265371599777, 0.07150271836282694, 0.07123924356501204, 0.07146311712243737, 0.0715716199220701, 0.07155674231331234, 0.0715944856488462, 0.07118622277935688, 0.07124056154942476, 0.07162944040586522, 0.07158263566591265, 0.07156877014349596, 0.07164670991770915, 0.07160968434968783], "best_fitness_seen_values": [0.79, 0.79, 0.79, 0.79, 0.79, 0.79, 0.79, 0.79, 0.79, 0.79, 0.79, 0.79, 0.79, 0.79, 0.79, 0.79, 0.79, 0.79, 0.79, 0.79, 0.79, 0.79, 0.79, 0.79, 0.79, 0.79, 0.79, 0.79, 0.79, 0.79, 0.79], "time_execution": 1727.2756630000003}