{"generation_number_values": [1, 2, 3, 4, 5, 6, 7, 8, 9, 10, 11, 12, 13, 14, 15, 16, 17, 18, 19, 20, 21, 22, 23, 24, 25, 26, 27, 28, 29, 30, 31, 32, 33, 34, 35, 36, 37, 38, 39, 40, 41, 42, 43], "population_size_values": [26, 26, 26, 26, 26, 26, 26, 26, 26, 26, 26, 26, 26, 26, 26, 26, 26, 26, 26, 26, 26, 26, 26, 26, 26, 26, 26, 26, 26, 26, 26, 26, 26, 26, 26, 26, 26, 26, 26, 26, 26, 26, 26], "generation_fitness_values": [0.78, 0.78, 0.78, 0.54, 0.5, 0.54, 0.63, 0.76, 0.65, 0.63, 0.56, 0.71, 0.79, 0.54, 0.48, 0.5, 0.48, 0.5, 0.48, 0.54, 0.54, 0.63, 0.73, 0.77, 0.68, 0.7, 0.79, 0.72, 0.54, 0.55, 0.55, 0.77, 0.55, 0.76, 0.46, 0.55, 0.5, 0.56, 0.54, 0.62, 0.62, 0.71, 0.73], "crossover_rate_values": [0, 0, 0, 0, 0, 0, 0, 0, 0, 0, 0, 0, 0, 0, 0, 0, 0, 0, 0, 0, 0, 0, 0, 0, 0, 0, 0, 0, 0, 0, 0, 0, 0, 0, 0, 0, 0, 0, 0, 0, 0, 0, 0], "mutation_rate_values": [0.008798850574712646, 0.008714285714285718, 0.008714285714285718, 0.008714285714285718, 0.008888888888888889, 0.012091503267973857, 0.013627760252365931, 0.015000000000000005, 0.04981994623536234, 0.059095021062081345, 0.06694444444444446, 0.06930555555555554, 0.07099206349206347, 0.008798850574712646, 0.008798850574712646, 0.008798850574712646, 0.008888888888888889, 0.012091503267973857, 0.013577076457645767, 0.015000000000000005, 0.050271380541340956, 0.059095021062081345, 0.06694444444444446, 0.06930555555555554, 0.07099206349206347, 0.07136547630858002, 0.07139483939132484, 0.07142709643019307, 0.07161075393376347, 0.071656264872866, 0.07165207984527765, 0.07165731885443047, 0.07149415031634529, 0.07161824107753792, 0.07147423237188634, 0.07166513290415552, 0.07165124831170114, 0.07165621154592151, 0.07163782772127604, 0.07163898602722497, 0.07138570129197971, 0.07165451134557309, 0.07163571697491634], "best_fitness_seen_values": [0.78, 0.78, 0.78, 0.78, 0.78, 0.78, 0.78, 0.78, 0.78, 0.78, 0.78, 0.78, 0.79, 0.79, 0.79, 0.79, 0.79, 0.79, 0.79, 0.79, 0.79, 0.79, 0.79, 0.79, 0.79, 0.79, 0.79, 0.79, 0.79, 0.79, 0.79, 0.79, 0.79, 0.79, 0.79, 0.79, 0.79, 0.79, 0.79, 0.79, 0.79, 0.79, 0.79], "time_execution": 1926.7843240000075}