{"generation_number_values": [1, 2, 3, 4, 5, 6, 7, 8, 9, 10, 11, 12, 13, 14, 15, 16, 17, 18, 19, 20, 21, 22, 23, 24, 25, 26, 27, 28, 29, 30, 31], "population_size_values": [50, 50, 50, 50, 50, 50, 50, 50, 50, 50, 50, 50, 50, 50, 50, 50, 50, 50, 50, 50, 50, 50, 50, 50, 50, 50, 50, 50, 50, 50, 50], "generation_fitness_values": [0.85, 0.74, 0.67, 0.63, 0.68, 0.7, 0.68, 0.75, 0.75, 0.77, 0.7, 0.72, 0.75, 0.7, 0.75, 0.67, 0.77, 0.72, 0.72, 0.79, 0.75, 0.77, 0.7, 0.68, 0.77, 0.77, 0.75, 0.7, 0.75, 0.75, 0.77], "crossover_rate_values": [0, 0, 0, 0, 0, 0, 0, 0, 0, 0, 0, 0, 0, 0, 0, 0, 0, 0, 0, 0, 0, 0, 0, 0, 0, 0, 0, 0, 0, 0, 0], "mutation_rate_values": [0.008888888888888889, 0.008888888888888889, 0.008888888888888889, 0.012091503267973862, 0.013668753161355589, 0.014748614958448756, 0.04931224702963833, 0.058772752760524495, 0.06694444444444446, 0.06930555555555552, 0.0709920634920635, 0.07163799487536876, 0.07138505326398527, 0.07145995108763613, 0.07144352766693435, 0.07159062961586148, 0.0710385291735698, 0.07164067270796198, 0.07163783069965925, 0.07163250383825726, 0.07155917522420883, 0.07160198385807752, 0.07160360143375132, 0.07164282162257268, 0.07118571291309174, 0.07155777832861616, 0.07158068901032583, 0.07152264439078831, 0.07162833758138844, 0.07157183060759985, 0.07161638833939006], "best_fitness_seen_values": [0.85, 0.85, 0.85, 0.85, 0.85, 0.85, 0.85, 0.85, 0.85, 0.85, 0.85, 0.85, 0.85, 0.85, 0.85, 0.85, 0.85, 0.85, 0.85, 0.85, 0.85, 0.85, 0.85, 0.85, 0.85, 0.85, 0.85, 0.85, 0.85, 0.85, 0.85], "time_execution": 1656.394889999996}