{"generation_number_values": [1, 2, 3, 4, 5, 6, 7, 8, 9, 10, 11, 12, 13, 14, 15, 16, 17, 18, 19, 20, 21, 22, 23, 24, 25, 26, 27, 28, 29, 30, 31, 32, 33, 34], "population_size_values": [26, 26, 26, 26, 26, 26, 26, 26, 26, 26, 26, 26, 26, 26, 26, 26, 26, 26, 26, 26, 26, 26, 26, 26, 26, 26, 26, 26, 26, 26, 26, 26, 26, 26], "generation_fitness_values": [0.77, 0.77, 0.62, 0.79, 0.55, 0.55, 0.67, 0.54, 0.54, 0.54, 0.55, 0.73, 0.5, 0.73, 0.75, 0.55, 0.55, 0.54, 0.78, 0.78, 0.75, 0.58, 0.68, 0.5, 0.52, 0.54, 0.54, 0.55, 0.74, 0.66, 0.55, 0.66, 0.54, 0.54], "crossover_rate_values": [0, 0, 0, 0, 0, 0, 0, 0, 0, 0, 0, 0, 0, 0, 0, 0, 0, 0, 0, 0, 0, 0, 0, 0, 0, 0, 0, 0, 0, 0, 0, 0, 0, 0], "mutation_rate_values": [0.4249954105551986, 0.37259287816235476, 0.40718332972635657, 0.3749213125712653, 0.35391986434680983, 0.31258068660655247, 0.45951559243570883, 0.34995649204043505, 0.32559152512917566, 0.4658186114160615, 0.4697227174989316, 0.37774815709740484, 0.43960867415300575, 0.42443715177956143, 0.40550683244853303, 0.38205954960693583, 0.4483548599714483, 0.37978465536548334, 0.34158732383744844, 0.46100296064875484, 0.3600698382301105, 0.3285266749571455, 0.4771183703381595, 0.5383898673447052, 0.47656548788271014, 0.4337328923039827, 0.47557848094705063, 0.4993163103893451, 0.333235314475516, 0.32855947383674255, 0.4457718402317665, 0.35979989123413286, 0.3800885226054447, 0.4793076097321599], "best_fitness_seen_values": [0.77, 0.77, 0.77, 0.79, 0.79, 0.79, 0.79, 0.79, 0.79, 0.79, 0.79, 0.79, 0.79, 0.79, 0.79, 0.79, 0.79, 0.79, 0.79, 0.79, 0.79, 0.79, 0.79, 0.79, 0.79, 0.79, 0.79, 0.79, 0.79, 0.79, 0.79, 0.79, 0.79, 0.79], "time_execution": 800.301277999999}