{"generation_number_values": [1, 2, 3, 4, 5, 6, 7, 8, 9, 10, 11, 12, 13, 14, 15, 16, 17, 18, 19, 20, 21, 22, 23, 24, 25, 26, 27, 28, 29, 30, 31, 32, 33, 34, 35, 36, 37, 38, 39, 40, 41, 42, 43, 44, 45, 46, 47, 48, 49], "population_size_values": [26, 26, 26, 26, 26, 26, 26, 26, 26, 26, 26, 26, 26, 26, 26, 26, 26, 26, 26, 26, 26, 26, 26, 26, 26, 26, 26, 26, 26, 26, 26, 26, 26, 26, 26, 26, 26, 26, 26, 26, 26, 26, 26, 26, 26, 26, 26, 26, 26], "generation_fitness_values": [0.77, 0.75, 0.66, 0.79, 0.7, 0.7, 0.76, 0.5, 0.71, 0.75, 0.55, 0.6, 0.55, 0.54, 0.71, 0.54, 0.54, 0.52, 0.8, 0.55, 0.52, 0.54, 0.72, 0.55, 0.7, 0.54, 0.54, 0.54, 0.68, 0.68, 0.52, 0.7, 0.62, 0.76, 0.56, 0.73, 0.75, 0.79, 0.66, 0.77, 0.58, 0.54, 0.55, 0.74, 0.73, 0.54, 0.77, 0.48, 0.72], "crossover_rate_values": [0, 0, 0, 0, 0, 0, 0, 0, 0, 0, 0, 0, 0, 0, 0, 0, 0, 0, 0, 0, 0, 0, 0, 0, 0, 0, 0, 0, 0, 0, 0, 0, 0, 0, 0, 0, 0, 0, 0, 0, 0, 0, 0, 0, 0, 0, 0, 0, 0], "mutation_rate_values": [0.4606955606330671, 0.39872842505246325, 0.40454958839305005, 0.3527604200000481, 0.3985639074828953, 0.3432464477746663, 0.4560544516602559, 0.44058504429489154, 0.45686260703155784, 0.49771855852055974, 0.5336610835436553, 0.48048972050712035, 0.3675869993306603, 0.4786621745845529, 0.38222926752187775, 0.47947919422653307, 0.3462289286713355, 0.3735863374308224, 0.355735491223017, 0.3680893765191179, 0.2887143193519871, 0.37494402468670923, 0.2960358692406062, 0.3331781330753928, 0.3975916479240184, 0.3761012584695153, 0.40381643874811124, 0.2519339792878533, 0.290078135535797, 0.3528523586843163, 0.4124729916373356, 0.37191282639274054, 0.403344711496088, 0.3959313122606688, 0.3604500342507698, 0.37428528750501155, 0.3307339070889387, 0.3604558762377052, 0.40562806435315096, 0.4343387325995724, 0.33576123454718104, 0.4197994163893377, 0.429447473671287, 0.4670516087707736, 0.4235372338695128, 0.42650648302894106, 0.24588378982072492, 0.3558876087385803, 0.3621536802002057], "best_fitness_seen_values": [0.77, 0.77, 0.77, 0.79, 0.79, 0.79, 0.79, 0.79, 0.79, 0.79, 0.79, 0.79, 0.79, 0.79, 0.79, 0.79, 0.79, 0.79, 0.8, 0.8, 0.8, 0.8, 0.8, 0.8, 0.8, 0.8, 0.8, 0.8, 0.8, 0.8, 0.8, 0.8, 0.8, 0.8, 0.8, 0.8, 0.8, 0.8, 0.8, 0.8, 0.8, 0.8, 0.8, 0.8, 0.8, 0.8, 0.8, 0.8, 0.8], "time_execution": 1220.3098679999966}