{"generation_number_values": [1, 2, 3, 4, 5, 6, 7, 8, 9, 10, 11, 12, 13, 14, 15, 16, 17, 18, 19, 20, 21, 22, 23, 24, 25, 26, 27, 28, 29, 30, 31, 32, 33, 34, 35, 36, 37, 38, 39, 40, 41, 42, 43, 44, 45, 46, 47, 48, 49, 50, 51, 52, 53, 54, 55, 56, 57, 58, 59, 60, 61, 62, 63, 64, 65, 66, 67, 68, 69, 70, 71, 72, 73, 74, 75, 76, 77, 78, 79, 80, 81, 82, 83, 84, 85, 86, 87, 88, 89, 90, 91, 92, 93, 94, 95, 96, 97, 98, 99], "population_size_values": [26, 26, 26, 26, 26, 26, 26, 26, 26, 26, 26, 26, 26, 26, 26, 26, 26, 26, 26, 26, 26, 26, 26, 26, 26, 26, 26, 26, 26, 26, 26, 26, 26, 26, 26, 26, 26, 26, 26, 26, 26, 26, 26, 26, 26, 26, 26, 26, 26, 26, 26, 26, 26, 26, 26, 26, 26, 26, 26, 26, 26, 26, 26, 26, 26, 26, 26, 26, 26, 26, 26, 26, 26, 26, 26, 26, 26, 26, 26, 26, 26, 26, 26, 26, 26, 26, 26, 26, 26, 26, 26, 26, 26, 26, 26, 26, 26, 26, 26], "generation_fitness_values": [0.62, 0.6, 0.57, 0.52, 0.79, 0.54, 0.79, 0.72, 0.75, 0.52, 0.7, 0.74, 0.7, 0.55, 0.72, 0.77, 0.76, 0.77, 0.77, 0.82, 0.82, 0.79, 0.79, 0.8, 0.79, 0.82, 0.8, 0.79, 0.77, 0.5, 0.5, 0.5, 0.71, 0.79, 0.68, 0.76, 0.75, 0.75, 0.77, 0.77, 0.79, 0.77, 0.75, 0.79, 0.84, 0.83, 0.76, 0.74, 0.7, 0.67, 0.8, 0.74, 0.57, 0.78, 0.73, 0.64, 0.8, 0.5, 0.5, 0.72, 0.75, 0.62, 0.55, 0.73, 0.71, 0.62, 0.78, 0.78, 0.86, 0.77, 0.77, 0.73, 0.71, 0.72, 0.55, 0.56, 0.66, 0.64, 0.71, 0.75, 0.55, 0.79, 0.75, 0.54, 0.72, 0.74, 0.71, 0.57, 0.74, 0.46, 0.55, 0.62, 0.56, 0.6, 0.6, 0.76, 0.56, 0.74, 0.62], "crossover_rate_values": [0, 0, 0, 0, 0, 0, 0, 0, 0, 0, 0, 0, 0, 0, 0, 0, 0, 0, 0, 0, 0, 0, 0, 0, 0, 0, 0, 0, 0, 0, 0, 0, 0, 0, 0, 0, 0, 0, 0, 0, 0, 0, 0, 0, 0, 0, 0, 0, 0, 0, 0, 0, 0, 0, 0, 0, 0, 0, 0, 0, 0, 0, 0, 0, 0, 0, 0, 0, 0, 0, 0, 0, 0, 0, 0, 0, 0, 0, 0, 0, 0, 0, 0, 0, 0, 0, 0, 0, 0, 0, 0, 0, 0, 0, 0, 0, 0, 0, 0], "mutation_rate_values": [0.008714285714285714, 0.008714285714285718, 0.008888888888888889, 0.012091503267973857, 0.010937685244501392, 0.015000000000000005, 0.05162480174443652, 0.059095021062081345, 0.06694444444444446, 0.06930555555555554, 0.0678230812931764, 0.07161963790860959, 0.07163234266711381, 0.07162480310841492, 0.06897002676323825, 0.07148769363192678, 0.07153764589907864, 0.07162597768247106, 0.0713818073290299, 0.07135539493362253, 0.07138952542397849, 0.07110808659726955, 0.07138046650156805, 0.07067082513281041, 0.07129194276404957, 0.07161129305831818, 0.07149499420340558, 0.07166641307987874, 0.0716138941220277, 0.07095378766743844, 0.06826613205796574, 0.06826828796628184, 0.06826851286510063, 0.0709214488627081, 0.07118333584233326, 0.07125419554410593, 0.07134258231826399, 0.07139416718062, 0.07156197675925914, 0.07154632673060635, 0.07153184567135341, 0.0715377925871311, 0.07150855334182303, 0.07136561161234721, 0.07012677426528856, 0.06983356447618949, 0.07044440630485485, 0.0714452482439807, 0.07161824107753792, 0.07165124334397797, 0.07101615783867889, 0.07135684915202077, 0.0716385330081751, 0.06929517715554756, 0.07163864825752486, 0.07164252286632142, 0.07047571747934521, 0.07159691533182645, 0.0682681157554261, 0.06826981001600427, 0.07159489782477649, 0.07158620308863275, 0.07013134968236515, 0.06898699568090384, 0.07164059805859932, 0.07164059164403055, 0.07013453777730916, 0.07158195050413506, 0.0714827523894319, 0.07138294776209439, 0.07135840287145703, 0.0712558451577956, 0.07135875829549379, 0.07153006171118756, 0.0715671820381978, 0.06897238966585603, 0.06913441222030613, 0.07085882126102828, 0.07047890214811273, 0.07163598823196403, 0.07160370838214326, 0.06897464785635153, 0.07156923797699098, 0.07162080192016661, 0.06883326348500764, 0.07162375129490996, 0.0716277275303311, 0.07164400786569534, 0.06929269056322562, 0.07156404584878628, 0.06775281082496767, 0.06898255476192774, 0.07011207780217578, 0.06913778052797227, 0.06977740755994799, 0.06978095614820758, 0.07159052357825248, 0.06913505750131244, 0.07161171337253536], "best_fitness_seen_values": [0.79, 0.79, 0.79, 0.79, 0.79, 0.79, 0.79, 0.79, 0.79, 0.79, 0.79, 0.79, 0.79, 0.79, 0.79, 0.79, 0.79, 0.79, 0.79, 0.82, 0.82, 0.82, 0.82, 0.82, 0.82, 0.82, 0.82, 0.82, 0.82, 0.82, 0.82, 0.82, 0.82, 0.82, 0.82, 0.82, 0.82, 0.82, 0.82, 0.82, 0.82, 0.82, 0.82, 0.82, 0.84, 0.84, 0.84, 0.84, 0.84, 0.84, 0.84, 0.84, 0.84, 0.84, 0.84, 0.84, 0.84, 0.84, 0.84, 0.84, 0.84, 0.84, 0.84, 0.84, 0.84, 0.84, 0.84, 0.84, 0.86, 0.86, 0.86, 0.86, 0.86, 0.86, 0.86, 0.86, 0.86, 0.86, 0.86, 0.86, 0.86, 0.86, 0.86, 0.86, 0.86, 0.86, 0.86, 0.86, 0.86, 0.86, 0.86, 0.86, 0.86, 0.86, 0.86, 0.86, 0.86, 0.86, 0.86], "time_execution": 3828.059903999998}