{"generation_number_values": [1, 2, 3, 4, 5, 6, 7, 8, 9, 10, 11, 12, 13, 14, 15, 16, 17, 18, 19, 20, 21, 22, 23, 24, 25, 26, 27, 28, 29, 30, 31, 32, 33, 34, 35, 36, 37, 38, 39, 40, 41], "population_size_values": [26, 26, 26, 26, 26, 26, 26, 26, 26, 26, 26, 26, 26, 26, 26, 26, 26, 26, 26, 26, 26, 26, 26, 26, 26, 26, 26, 26, 26, 26, 26, 26, 26, 26, 26, 26, 26, 26, 26, 26, 26], "generation_fitness_values": [0.8, 0.8, 0.84, 0.84, 0.84, 0.84, 0.84, 0.84, 0.84, 0.84, 0.86, 0.86, 0.86, 0.86, 0.86, 0.86, 0.86, 0.86, 0.86, 0.86, 0.86, 0.86, 0.86, 0.77, 0.75, 0.75, 0.75, 0.79, 0.77, 0.79, 0.79, 0.79, 0.82, 0.8, 0.8, 0.82, 0.82, 0.84, 0.8, 0.8, 0.8], "crossover_rate_values": [0, 0, 0, 0, 0, 0, 0, 0, 0, 0, 0, 0, 0, 0, 0, 0, 0, 0, 0, 0, 0, 0, 0, 0, 0, 0, 0, 0, 0, 0, 0, 0, 0, 0, 0, 0, 0, 0, 0, 0, 0], "mutation_rate_values": [0.009453149001536099, 0.008888888888888889, 0.008888888888888889, 0.008951690821256037, 0.008951690821256037, 0.008951690821256037, 0.008951690821256037, 0.012091503267973857, 0.013464683018362148, 0.015000000000000005, 0.05117176237501641, 0.008828282828282828, 0.008828282828282828, 0.008828282828282828, 0.008888888888888889, 0.012091503267973857, 0.013557668406661698, 0.015000000000000005, 0.050436157312559134, 0.059095021062081345, 0.06694444444444446, 0.06930555555555554, 0.07099206349206347, 0.07148726642153289, 0.07136053265140405, 0.07143001633962057, 0.07141660561660565, 0.07135175292037575, 0.07149843362392574, 0.07135390325152159, 0.07142531830297714, 0.07122305043984802, 0.07132730069207506, 0.07129393223378978, 0.07115418801475784, 0.07129581304295506, 0.07133170609605831, 0.07140399329373995, 0.0714566162675523, 0.07152362612234188, 0.0714542491296768], "best_fitness_seen_values": [0.8, 0.8, 0.84, 0.84, 0.84, 0.84, 0.84, 0.84, 0.84, 0.84, 0.86, 0.86, 0.86, 0.86, 0.86, 0.86, 0.86, 0.86, 0.86, 0.86, 0.86, 0.86, 0.86, 0.86, 0.86, 0.86, 0.86, 0.86, 0.86, 0.86, 0.86, 0.86, 0.86, 0.86, 0.86, 0.86, 0.86, 0.86, 0.86, 0.86, 0.86], "time_execution": 2024.1756769999993}