{"generation_number_values": [1, 2, 3, 4, 5, 6, 7, 8, 9, 10, 11, 12, 13, 14, 15, 16, 17, 18, 19, 20, 21, 22, 23, 24, 25, 26, 27, 28, 29, 30, 31], "population_size_values": [50, 50, 50, 50, 50, 50, 50, 50, 50, 50, 50, 50, 50, 50, 50, 50, 50, 50, 50, 50, 50, 50, 50, 50, 50, 50, 50, 50, 50, 50, 50], "generation_fitness_values": [0.85, 0.77, 0.75, 0.72, 0.79, 0.75, 0.75, 0.77, 0.77, 0.8, 0.75, 0.7, 0.77, 0.77, 0.75, 0.7, 0.72, 0.72, 0.67, 0.7, 0.72, 0.77, 0.74, 0.72, 0.79, 0.79, 0.8, 0.7, 0.7, 0.7, 0.72], "crossover_rate_values": [0, 0, 0, 0, 0, 0, 0, 0, 0, 0, 0, 0, 0, 0, 0, 0, 0, 0, 0, 0, 0, 0, 0, 0, 0, 0, 0, 0, 0, 0, 0], "mutation_rate_values": [1.0, 0.9899999999999995, 0.9800000000000003, 0.9699999999999998, 0.9600000000000005, 0.9499999999999996, 0.9400000000000002, 0.9299999999999998, 0.9200000000000006, 0.91, 0.8999999999999997, 0.8900000000000002, 0.88, 0.87, 0.8599999999999998, 0.8500000000000001, 0.84, 0.8299999999999996, 0.8200000000000002, 0.81, 0.8000000000000003, 0.7899999999999996, 0.78, 0.7699999999999997, 0.7600000000000001, 0.75, 0.7399999999999999, 0.7300000000000003, 0.7200000000000002, 0.7100000000000004, 0.6999999999999997], "best_fitness_seen_values": [0.85, 0.85, 0.85, 0.85, 0.85, 0.85, 0.85, 0.85, 0.85, 0.85, 0.85, 0.85, 0.85, 0.85, 0.85, 0.85, 0.85, 0.85, 0.85, 0.85, 0.85, 0.85, 0.85, 0.85, 0.85, 0.85, 0.85, 0.85, 0.85, 0.85, 0.85], "time_execution": 1199.1436209999993}