{"generation_number_values": [1, 2, 3, 4, 5, 6, 7, 8, 9, 10, 11, 12, 13, 14, 15, 16, 17, 18, 19, 20, 21, 22, 23, 24, 25, 26, 27, 28, 29, 30, 31], "population_size_values": [26, 26, 26, 26, 26, 26, 26, 26, 26, 26, 26, 26, 26, 26, 26, 26, 26, 26, 26, 26, 26, 26, 26, 26, 26, 26, 26, 26, 26, 26, 26], "generation_fitness_values": [0.8, 0.78, 0.78, 0.54, 0.54, 0.5, 0.48, 0.41, 0.5, 0.66, 0.73, 0.76, 0.54, 0.77, 0.77, 0.74, 0.77, 0.58, 0.75, 0.55, 0.77, 0.7, 0.68, 0.54, 0.68, 0.7, 0.72, 0.77, 0.72, 0.54, 0.79], "crossover_rate_values": [0, 0, 0, 0, 0, 0, 0, 0, 0, 0, 0, 0, 0, 0, 0, 0, 0, 0, 0, 0, 0, 0, 0, 0, 0, 0, 0, 0, 0, 0, 0], "mutation_rate_values": [0.008798850574712646, 0.008888888888888889, 0.008888888888888889, 0.008888888888888889, 0.008888888888888889, 0.012091503267973857, 0.01351449275362319, 0.014999999999999994, 0.05078825147775871, 0.059095021062081345, 0.06694444444444446, 0.06930555555555554, 0.07099206349206347, 0.07162502590622376, 0.07120766361907319, 0.07118406999514218, 0.07158409347266682, 0.07156939868664638, 0.07166596185737975, 0.0716587435557211, 0.07166461298811824, 0.07158686275363599, 0.07158867079350141, 0.07164006736398919, 0.07166636813030158, 0.07164939724453757, 0.07162157107297284, 0.07155163662409224, 0.07155450508210351, 0.07160022592614568, 0.07165906642623623], "best_fitness_seen_values": [0.8, 0.8, 0.8, 0.8, 0.8, 0.8, 0.8, 0.8, 0.8, 0.8, 0.8, 0.8, 0.8, 0.8, 0.8, 0.8, 0.8, 0.8, 0.8, 0.8, 0.8, 0.8, 0.8, 0.8, 0.8, 0.8, 0.8, 0.8, 0.8, 0.8, 0.8], "time_execution": 1474.9953309999983}