{"generation_number_values": [1, 2, 3, 4, 5, 6, 7, 8, 9, 10, 11, 12, 13, 14, 15, 16, 17, 18, 19, 20, 21, 22, 23, 24, 25, 26, 27, 28, 29, 30, 31], "population_size_values": [50, 50, 50, 50, 50, 50, 50, 50, 50, 50, 50, 50, 50, 50, 50, 50, 50, 50, 50, 50, 50, 50, 50, 50, 50, 50, 50, 50, 50, 50, 50], "generation_fitness_values": [0.79, 0.75, 0.75, 0.75, 0.79, 0.79, 0.7, 0.72, 0.7, 0.74, 0.75, 0.7, 0.75, 0.74, 0.75, 0.72, 0.74, 0.77, 0.68, 0.74, 0.68, 0.75, 0.74, 0.74, 0.7, 0.72, 0.72, 0.72, 0.68, 0.68, 0.79], "crossover_rate_values": [0, 0, 0, 0, 0, 0, 0, 0, 0, 0, 0, 0, 0, 0, 0, 0, 0, 0, 0, 0, 0, 0, 0, 0, 0, 0, 0, 0, 0, 0, 0], "mutation_rate_values": [0.3997554639233036, 0.3654581271566785, 0.43188885723469256, 0.40216557215049725, 0.4535255425694307, 0.39895845473083474, 0.45716515661941093, 0.43314116543647174, 0.3841593278604698, 0.31730150294251525, 0.40546556354498514, 0.39274605179941185, 0.36087279245101106, 0.4114554933398827, 0.44538522896125765, 0.41411714303683567, 0.49713436826743695, 0.37274248758433864, 0.3604124685181844, 0.35866248436786535, 0.38158509412341446, 0.41444847873721957, 0.3715172966023764, 0.40338009912101147, 0.3913802764251877, 0.36382060559599855, 0.4329363684604664, 0.3707289733371, 0.3425539566683257, 0.30824670780587615, 0.34185544943888574], "best_fitness_seen_values": [0.79, 0.79, 0.79, 0.79, 0.79, 0.79, 0.79, 0.79, 0.79, 0.79, 0.79, 0.79, 0.79, 0.79, 0.79, 0.79, 0.79, 0.79, 0.79, 0.79, 0.79, 0.79, 0.79, 0.79, 0.79, 0.79, 0.79, 0.79, 0.79, 0.79, 0.79], "time_execution": 854.6180329999988}