{"generation_number_values": [1, 2, 3, 4, 5, 6, 7, 8, 9, 10, 11, 12, 13, 14, 15, 16, 17, 18, 19, 20, 21, 22, 23, 24, 25, 26, 27, 28, 29, 30, 31, 32, 33, 34, 35, 36, 37, 38, 39, 40, 41, 42, 43, 44, 45, 46, 47, 48, 49, 50, 51, 52, 53, 54, 55], "population_size_values": [26, 26, 26, 26, 26, 26, 26, 26, 26, 26, 26, 26, 26, 26, 26, 26, 26, 26, 26, 26, 26, 26, 26, 26, 26, 26, 26, 26, 26, 26, 26, 26, 26, 26, 26, 26, 26, 26, 26, 26, 26, 26, 26, 26, 26, 26, 26, 26, 26, 26, 26, 26, 26, 26, 26], "generation_fitness_values": [0.79, 0.65, 0.71, 0.73, 0.71, 0.57, 0.54, 0.54, 0.5, 0.75, 0.62, 0.73, 0.71, 0.71, 0.66, 0.5, 0.69, 0.76, 0.5, 0.5, 0.65, 0.54, 0.55, 0.78, 0.84, 0.8, 0.7, 0.55, 0.55, 0.8, 0.52, 0.66, 0.52, 0.79, 0.68, 0.54, 0.56, 0.73, 0.76, 0.74, 0.63, 0.54, 0.55, 0.58, 0.52, 0.55, 0.71, 0.74, 0.5, 0.62, 0.62, 0.54, 0.54, 0.78, 0.71], "crossover_rate_values": [0, 0, 0, 0, 0, 0, 0, 0, 0, 0, 0, 0, 0, 0, 0, 0, 0, 0, 0, 0, 0, 0, 0, 0, 0, 0, 0, 0, 0, 0, 0, 0, 0, 0, 0, 0, 0, 0, 0, 0, 0, 0, 0, 0, 0, 0, 0, 0, 0, 0, 0, 0, 0, 0, 0], "mutation_rate_values": [0.5804810966963292, 0.4051180008142312, 0.3395011984852675, 0.3648515462975433, 0.3462210953398416, 0.44173780391480777, 0.3589133718384462, 0.2646309715111711, 0.3547711146576481, 0.4826304726063562, 0.3531465810293571, 0.34843702164097895, 0.3691751053959627, 0.4009517030030208, 0.4872035879942834, 0.4439933243079729, 0.34978655082884114, 0.38206554072762494, 0.3760028799270444, 0.28448804836096575, 0.1960799584258683, 0.2562451515537078, 0.2849442061163441, 0.29002873095830617, 0.3593085638123882, 0.3401499477826745, 0.4009809976898403, 0.43158264275957847, 0.4544597845761685, 0.4259967446918024, 0.533138784888939, 0.5129899590051058, 0.3381652067533344, 0.4736955417065726, 0.4882769538023365, 0.36228116531031723, 0.318932415890286, 0.3417310043780972, 0.2952602217494981, 0.3572925337630205, 0.42885913643060947, 0.31922896828009456, 0.3577911737725372, 0.40644890095162506, 0.4070320045372321, 0.35088193987125715, 0.4117533403092912, 0.3967462424229607, 0.39657784165354476, 0.43300417009103026, 0.44246229351576216, 0.37254252707945096, 0.4436319844149138, 0.3946413530134824, 0.35649100001952544], "best_fitness_seen_values": [0.79, 0.79, 0.79, 0.79, 0.79, 0.79, 0.79, 0.79, 0.79, 0.79, 0.79, 0.79, 0.79, 0.79, 0.79, 0.79, 0.79, 0.79, 0.79, 0.79, 0.79, 0.79, 0.79, 0.79, 0.84, 0.84, 0.84, 0.84, 0.84, 0.84, 0.84, 0.84, 0.84, 0.84, 0.84, 0.84, 0.84, 0.84, 0.84, 0.84, 0.84, 0.84, 0.84, 0.84, 0.84, 0.84, 0.84, 0.84, 0.84, 0.84, 0.84, 0.84, 0.84, 0.84, 0.84], "time_execution": 1064.5220029999982}