{"generation_number_values": [1, 2, 3, 4, 5, 6, 7, 8, 9, 10, 11, 12, 13, 14, 15, 16, 17, 18, 19, 20, 21, 22, 23, 24, 25, 26, 27, 28, 29, 30, 31, 32, 33, 34, 35, 36, 37, 38, 39, 40, 41, 42, 43, 44, 45, 46, 47, 48, 49, 50, 51, 52, 53, 54, 55, 56, 57], "population_size_values": [26, 26, 26, 26, 26, 26, 26, 26, 26, 26, 26, 26, 26, 26, 26, 26, 26, 26, 26, 26, 26, 26, 26, 26, 26, 26, 26, 26, 26, 26, 26, 26, 26, 26, 26, 26, 26, 26, 26, 26, 26, 26, 26, 26, 26, 26, 26, 26, 26, 26, 26, 26, 26, 26, 26, 26, 26], "generation_fitness_values": [0.79, 0.79, 0.72, 0.54, 0.54, 0.54, 0.7, 0.5, 0.68, 0.73, 0.77, 0.75, 0.77, 0.55, 0.68, 0.74, 0.5, 0.8, 0.75, 0.74, 0.6, 0.73, 0.76, 0.54, 0.54, 0.58, 0.88, 0.75, 0.72, 0.76, 0.52, 0.62, 0.69, 0.55, 0.71, 0.64, 0.75, 0.8, 0.66, 0.7, 0.57, 0.54, 0.5, 0.55, 0.69, 0.66, 0.75, 0.62, 0.82, 0.75, 0.77, 0.64, 0.76, 0.54, 0.72, 0.79, 0.69], "crossover_rate_values": [0, 0, 0, 0, 0, 0, 0, 0, 0, 0, 0, 0, 0, 0, 0, 0, 0, 0, 0, 0, 0, 0, 0, 0, 0, 0, 0, 0, 0, 0, 0, 0, 0, 0, 0, 0, 0, 0, 0, 0, 0, 0, 0, 0, 0, 0, 0, 0, 0, 0, 0, 0, 0, 0, 0, 0, 0], "mutation_rate_values": [0.008714285714285714, 0.008798850574712646, 0.008888888888888889, 0.012091503267973857, 0.01202817075050085, 0.01202817075050085, 0.05162480174443652, 0.059095021062081345, 0.06283338642034296, 0.06886617932246561, 0.07099206349206347, 0.07083323198405932, 0.07128594615184022, 0.07151082384087203, 0.06895904659649822, 0.07116979157764435, 0.07148895648548267, 0.06822842633232583, 0.07146499436153061, 0.07161033323289422, 0.07162123900622151, 0.06976585230025843, 0.07155168442027247, 0.07153731556615381, 0.06881558710961712, 0.06883288727017291, 0.06945711615148822, 0.07131029848114569, 0.07106637845322536, 0.07164576123022771, 0.07137876492810004, 0.068547360598486, 0.07011497900082411, 0.07137863219668047, 0.06895635711171168, 0.07161141593608313, 0.0704152835555746, 0.07158555928187779, 0.07154391886289749, 0.07081254086425072, 0.07143060442389612, 0.06924674798571065, 0.06881976683045064, 0.06826439514860325, 0.06897435665439902, 0.07140729805574474, 0.07074666171333457, 0.07154816645055476, 0.07012269272223083, 0.07146052878705308, 0.07149257802962958, 0.07110135933556239, 0.0702807626810786, 0.07156977987104374, 0.06881569289879887, 0.07058800251135974, 0.07081064079100804], "best_fitness_seen_values": [0.79, 0.79, 0.79, 0.79, 0.79, 0.79, 0.79, 0.79, 0.79, 0.79, 0.79, 0.79, 0.79, 0.79, 0.79, 0.79, 0.79, 0.8, 0.8, 0.8, 0.8, 0.8, 0.8, 0.8, 0.8, 0.8, 0.88, 0.88, 0.88, 0.88, 0.88, 0.88, 0.88, 0.88, 0.88, 0.88, 0.88, 0.88, 0.88, 0.88, 0.88, 0.88, 0.88, 0.88, 0.88, 0.88, 0.88, 0.88, 0.88, 0.88, 0.88, 0.88, 0.88, 0.88, 0.88, 0.88, 0.88], "time_execution": 2187.049862999993}