{"generation_number_values": [1, 2, 3, 4, 5, 6, 7, 8, 9, 10, 11, 12, 13, 14, 15, 16, 17, 18, 19, 20, 21, 22, 23, 24, 25, 26, 27, 28, 29, 30, 31, 32, 33, 34, 35, 36, 37, 38, 39, 40, 41, 42, 43, 44, 45, 46, 47, 48, 49, 50, 51, 52, 53, 54, 55, 56, 57, 58, 59, 60, 61], "population_size_values": [26, 26, 26, 26, 26, 26, 26, 26, 26, 26, 26, 26, 26, 26, 26, 26, 26, 26, 26, 26, 26, 26, 26, 26, 26, 26, 26, 26, 26, 26, 26, 26, 26, 26, 26, 26, 26, 26, 26, 26, 26, 26, 26, 26, 26, 26, 26, 26, 26, 26, 26, 26, 26, 26, 26, 26, 26, 26, 26, 26, 26], "generation_fitness_values": [0.76, 0.75, 0.58, 0.56, 0.63, 0.56, 0.5, 0.71, 0.77, 0.71, 0.55, 0.54, 0.64, 0.64, 0.55, 0.54, 0.5, 0.75, 0.73, 0.68, 0.76, 0.55, 0.5, 0.75, 0.69, 0.7, 0.46, 0.66, 0.5, 0.5, 0.79, 0.54, 0.71, 0.68, 0.7, 0.67, 0.77, 0.76, 0.79, 0.75, 0.73, 0.75, 0.73, 0.64, 0.73, 0.71, 0.78, 0.73, 0.58, 0.58, 0.58, 0.56, 0.73, 0.75, 0.73, 0.62, 0.7, 0.62, 0.79, 0.62, 0.6], "crossover_rate_values": [0, 0, 0, 0, 0, 0, 0, 0, 0, 0, 0, 0, 0, 0, 0, 0, 0, 0, 0, 0, 0, 0, 0, 0, 0, 0, 0, 0, 0, 0, 0, 0, 0, 0, 0, 0, 0, 0, 0, 0, 0, 0, 0, 0, 0, 0, 0, 0, 0, 0, 0, 0, 0, 0, 0, 0, 0, 0, 0, 0, 0], "mutation_rate_values": [0.4353717702434805, 0.41354623617560715, 0.436016611900241, 0.35503681972727646, 0.4661996174580581, 0.48542557288394966, 0.40237468375927654, 0.40913028331462703, 0.3439565877885069, 0.35097263995155764, 0.3767647624410103, 0.36117054323290926, 0.44349848162331756, 0.3300737143572824, 0.2596092928066158, 0.45445982832896575, 0.3590845228410067, 0.3753912798772037, 0.3802999099389523, 0.40074142572321936, 0.41772406953219315, 0.4993661770350718, 0.445933227085835, 0.44314240584214093, 0.4187901244645716, 0.45434465826941933, 0.429347292672173, 0.4103761081315611, 0.4539083516303153, 0.43780927902456396, 0.4965347854054418, 0.4552333317626941, 0.4853851751581156, 0.5840659034878282, 0.40516783533323536, 0.3982429531267436, 0.47993867342888463, 0.46404771641924725, 0.49165941745397324, 0.43142605688493124, 0.33153773162182776, 0.36842438696305746, 0.3786730621543143, 0.3465275571249003, 0.3433088882796656, 0.5307491289683063, 0.488839546488433, 0.4352549012321297, 0.2828802087912583, 0.3522999002375886, 0.44427039001267316, 0.31678246646477864, 0.4049042951703665, 0.23522215612817202, 0.3635106676427797, 0.44836245775038175, 0.3630164409501162, 0.349481371341575, 0.3288462334170426, 0.41551823377283115, 0.4785969352501913], "best_fitness_seen_values": [0.76, 0.76, 0.76, 0.76, 0.76, 0.76, 0.76, 0.76, 0.77, 0.77, 0.77, 0.77, 0.77, 0.77, 0.77, 0.77, 0.77, 0.77, 0.77, 0.77, 0.77, 0.77, 0.77, 0.77, 0.77, 0.77, 0.77, 0.77, 0.77, 0.77, 0.79, 0.79, 0.79, 0.79, 0.79, 0.79, 0.79, 0.79, 0.79, 0.79, 0.79, 0.79, 0.79, 0.79, 0.79, 0.79, 0.79, 0.79, 0.79, 0.79, 0.79, 0.79, 0.79, 0.79, 0.79, 0.79, 0.79, 0.79, 0.79, 0.79, 0.79], "time_execution": 1439.925378}