{"generation_number_values": [1, 2, 3, 4, 5, 6, 7, 8, 9, 10, 11, 12, 13, 14, 15, 16, 17, 18, 19, 20, 21, 22, 23, 24, 25, 26, 27, 28, 29, 30, 31], "population_size_values": [26, 26, 26, 26, 26, 26, 26, 26, 26, 26, 26, 26, 26, 26, 26, 26, 26, 26, 26, 26, 26, 26, 26, 26, 26, 26, 26, 26, 26, 26, 26], "generation_fitness_values": [0.88, 0.6, 0.59, 0.57, 0.5, 0.71, 0.46, 0.62, 0.67, 0.71, 0.71, 0.73, 0.71, 0.71, 0.82, 0.82, 0.79, 0.8, 0.77, 0.71, 0.79, 0.65, 0.74, 0.64, 0.73, 0.62, 0.58, 0.58, 0.5, 0.54, 0.71], "crossover_rate_values": [0, 0, 0, 0, 0, 0, 0, 0, 0, 0, 0, 0, 0, 0, 0, 0, 0, 0, 0, 0, 0, 0, 0, 0, 0, 0, 0, 0, 0, 0, 0], "mutation_rate_values": [0.008714285714285714, 0.008714285714285714, 0.008888888888888889, 0.012091503267973857, 0.013069157690005986, 0.009325396825396823, 0.04931224702963833, 0.058214119912550315, 0.06507320247993295, 0.06865323934633137, 0.07099206349206347, 0.07161873564102186, 0.07148054666174843, 0.07164305556750028, 0.07152186993032575, 0.07078990853628674, 0.07105955036850477, 0.07163536518439094, 0.07151817106627147, 0.07150035802194867, 0.07156040383272913, 0.0713291186357389, 0.07067368931325325, 0.07164974551143467, 0.07047257797381132, 0.07160533541705526, 0.07012977011381902, 0.06941594317823638, 0.06944617763832908, 0.0682700220054643, 0.06883713644134938], "best_fitness_seen_values": [0.88, 0.88, 0.88, 0.88, 0.88, 0.88, 0.88, 0.88, 0.88, 0.88, 0.88, 0.88, 0.88, 0.88, 0.88, 0.88, 0.88, 0.88, 0.88, 0.88, 0.88, 0.88, 0.88, 0.88, 0.88, 0.88, 0.88, 0.88, 0.88, 0.88, 0.88], "time_execution": 1124.5721049999993}