{"generation_number_values": [1, 2, 3, 4, 5, 6, 7, 8, 9, 10, 11, 12, 13, 14, 15, 16, 17, 18, 19, 20, 21, 22, 23, 24, 25, 26, 27, 28, 29, 30, 31, 32, 33, 34, 35, 36, 37, 38, 39, 40, 41, 42, 43, 44, 45, 46, 47, 48, 49, 50, 51, 52, 53, 54, 55, 56, 57, 58, 59, 60, 61, 62, 63, 64, 65, 66, 67, 68, 69, 70, 71, 72, 73, 74, 75, 76, 77, 78, 79, 80, 81, 82, 83, 84, 85, 86, 87, 88, 89], "population_size_values": [26, 26, 26, 26, 26, 26, 26, 26, 26, 26, 26, 26, 26, 26, 26, 26, 26, 26, 26, 26, 26, 26, 26, 26, 26, 26, 26, 26, 26, 26, 26, 26, 26, 26, 26, 26, 26, 26, 26, 26, 26, 26, 26, 26, 26, 26, 26, 26, 26, 26, 26, 26, 26, 26, 26, 26, 26, 26, 26, 26, 26, 26, 26, 26, 26, 26, 26, 26, 26, 26, 26, 26, 26, 26, 26, 26, 26, 26, 26, 26, 26, 26, 26, 26, 26, 26, 26, 26, 26], "generation_fitness_values": [0.83, 0.82, 0.86, 0.86, 0.84, 0.85, 0.86, 0.84, 0.84, 0.84, 0.84, 0.82, 0.82, 0.84, 0.84, 0.86, 0.87, 0.88, 0.87, 0.87, 0.87, 0.87, 0.87, 0.83, 0.83, 0.83, 0.83, 0.88, 0.88, 0.89, 0.89, 0.89, 0.89, 0.89, 0.89, 0.89, 0.89, 0.83, 0.84, 0.84, 0.84, 0.84, 0.84, 0.86, 0.86, 0.86, 0.86, 0.86, 0.86, 0.88, 0.88, 0.89, 0.89, 0.89, 0.89, 0.89, 0.89, 0.89, 0.91, 0.89, 0.89, 0.89, 0.89, 0.89, 0.89, 0.89, 0.89, 0.89, 0.89, 0.89, 0.88, 0.88, 0.88, 0.82, 0.75, 0.8, 0.88, 0.88, 0.88, 0.86, 0.88, 0.88, 0.89, 0.89, 0.89, 0.89, 0.89, 0.89, 0.89], "crossover_rate_values": [0, 0, 0, 0, 0, 0, 0, 0, 0, 0, 0, 0, 0, 0, 0, 0, 0, 0, 0, 0, 0, 0, 0, 0, 0, 0, 0, 0, 0, 0, 0, 0, 0, 0, 0, 0, 0, 0, 0, 0, 0, 0, 0, 0, 0, 0, 0, 0, 0, 0, 0, 0, 0, 0, 0, 0, 0, 0, 0, 0, 0, 0, 0, 0, 0, 0, 0, 0, 0, 0, 0, 0, 0, 0, 0, 0, 0, 0, 0, 0, 0, 0, 0, 0, 0, 0, 0, 0, 0], "mutation_rate_values": [0.44569016090631125, 0.40763732069433717, 0.3915284063331266, 0.4646635766909102, 0.38158968344545746, 0.4883781674537356, 0.35805471044078385, 0.4243552940964243, 0.31947610205108007, 0.32923389946807846, 0.29443977555685275, 0.31683002498504237, 0.35320316731849766, 0.4108732229236773, 0.3489643719977388, 0.3593384923750642, 0.4042619918037307, 0.37129929564587205, 0.3935597636302871, 0.3263313139850626, 0.334110879705373, 0.37259568726918635, 0.373911261084451, 0.34643989377180184, 0.34758361389076203, 0.30622317742618194, 0.2783235264703567, 0.2964807804943845, 0.29459912706694025, 0.32382294142597107, 0.4421792315441099, 0.31454279752708836, 0.3674165934090802, 0.3091223706870939, 0.346841905457998, 0.32665409794820116, 0.24501079667526654, 0.3407915606702049, 0.39003708917684027, 0.3119123898785651, 0.30363749349251207, 0.33758090034589305, 0.35508614670486277, 0.3953861059573842, 0.29932909819133985, 0.341803515166899, 0.40579820647720494, 0.29816744570607195, 0.2225361171104458, 0.21445238362698757, 0.24165422378259976, 0.32588729762653784, 0.3767024945294643, 0.40158177866896483, 0.3980302663193874, 0.35936542495440765, 0.45197498457030283, 0.3199981407137124, 0.35907286480625183, 0.2968599245041126, 0.36242967736962023, 0.3443870757572197, 0.3761582168086425, 0.34041248624729464, 0.4061071351663484, 0.3957041662349811, 0.40696068499001914, 0.422337839505035, 0.42784159167423375, 0.43954256083539567, 0.342158833477983, 0.4194608089732173, 0.33329899022183046, 0.36034723462128504, 0.42626964755244207, 0.3764184671946103, 0.4260229325951305, 0.33056441748260146, 0.3633841922637995, 0.4122972937286059, 0.30986274834147404, 0.3088205282241946, 0.33511698667446527, 0.3631311717092559, 0.336711294214312, 0.4262337734934085, 0.4121965639327376, 0.3544089512216251, 0.31721206263087637], "best_fitness_seen_values": [0.83, 0.83, 0.86, 0.86, 0.86, 0.86, 0.86, 0.86, 0.86, 0.86, 0.86, 0.86, 0.86, 0.86, 0.86, 0.86, 0.87, 0.88, 0.88, 0.88, 0.88, 0.88, 0.88, 0.88, 0.88, 0.88, 0.88, 0.88, 0.88, 0.89, 0.89, 0.89, 0.89, 0.89, 0.89, 0.89, 0.89, 0.89, 0.89, 0.89, 0.89, 0.89, 0.89, 0.89, 0.89, 0.89, 0.89, 0.89, 0.89, 0.89, 0.89, 0.89, 0.89, 0.89, 0.89, 0.89, 0.89, 0.89, 0.91, 0.91, 0.91, 0.91, 0.91, 0.91, 0.91, 0.91, 0.91, 0.91, 0.91, 0.91, 0.91, 0.91, 0.91, 0.91, 0.91, 0.91, 0.91, 0.91, 0.91, 0.91, 0.91, 0.91, 0.91, 0.91, 0.91, 0.91, 0.91, 0.91, 0.91], "time_execution": 2925.936543000047}