{"generation_number_values": [1, 2, 3, 4, 5, 6, 7, 8, 9, 10, 11, 12, 13, 14, 15, 16, 17, 18, 19, 20, 21, 22, 23, 24, 25, 26, 27, 28, 29, 30, 31], "population_size_values": [50, 50, 50, 50, 50, 50, 50, 50, 50, 50, 50, 50, 50, 50, 50, 50, 50, 50, 50, 50, 50, 50, 50, 50, 50, 50, 50, 50, 50, 50, 50], "generation_fitness_values": [0.8, 0.8, 0.79, 0.7, 0.67, 0.56, 0.53, 0.8, 0.74, 0.77, 0.56, 0.68, 0.75, 0.77, 0.74, 0.74, 0.72, 0.67, 0.77, 0.74, 0.75, 0.77, 0.77, 0.79, 0.72, 0.7, 0.72, 0.72, 0.75, 0.77, 0.65], "crossover_rate_values": [0, 0, 0, 0, 0, 0, 0, 0, 0, 0, 0, 0, 0, 0, 0, 0, 0, 0, 0, 0, 0, 0, 0, 0, 0, 0, 0, 0, 0, 0, 0], "mutation_rate_values": [0.47298102417125326, 0.4132718243612725, 0.4132631226299981, 0.37815014449922757, 0.4079052191547946, 0.37710269745659664, 0.3985156056606893, 0.425752414844632, 0.38495661168864537, 0.4995268570722725, 0.4701536323397638, 0.42651913812530284, 0.40751317373485596, 0.4402662385641736, 0.41901912819156695, 0.3617367710198331, 0.37987823344826366, 0.4103247674984242, 0.41574999318795475, 0.37490487814072, 0.3822888510629428, 0.3355638624125315, 0.44315377485018814, 0.3831892330099155, 0.40289898082696185, 0.3661506711123157, 0.4166682267088603, 0.34707058536924984, 0.40768858549381426, 0.41391969935214457, 0.43727793726639697], "best_fitness_seen_values": [0.8, 0.8, 0.8, 0.8, 0.8, 0.8, 0.8, 0.8, 0.8, 0.8, 0.8, 0.8, 0.8, 0.8, 0.8, 0.8, 0.8, 0.8, 0.8, 0.8, 0.8, 0.8, 0.8, 0.8, 0.8, 0.8, 0.8, 0.8, 0.8, 0.8, 0.8], "time_execution": 804.1513740000009}