{"generation_number_values": [1, 2, 3, 4, 5, 6, 7, 8, 9, 10, 11, 12, 13, 14, 15, 16, 17, 18, 19, 20, 21, 22, 23, 24, 25, 26, 27, 28, 29, 30, 31, 32, 33, 34, 35, 36, 37, 38, 39, 40, 41, 42, 43, 44, 45, 46, 47, 48, 49, 50, 51, 52, 53, 54, 55, 56, 57, 58, 59, 60, 61, 62, 63, 64, 65, 66, 67, 68, 69, 70, 71, 72, 73, 74, 75, 76, 77, 78, 79, 80, 81, 82, 83, 84, 85, 86, 87, 88, 89, 90, 91, 92], "population_size_values": [50, 50, 50, 50, 50, 50, 50, 50, 50, 50, 50, 50, 50, 50, 50, 50, 50, 50, 50, 50, 50, 50, 50, 50, 50, 50, 50, 50, 50, 50, 50, 50, 50, 50, 50, 50, 50, 50, 50, 50, 50, 50, 50, 50, 50, 50, 50, 50, 50, 50, 50, 50, 50, 50, 50, 50, 50, 50, 50, 50, 50, 50, 50, 50, 50, 50, 50, 50, 50, 50, 50, 50, 50, 50, 50, 50, 50, 50, 50, 50, 50, 50, 50, 50, 50, 50, 50, 50, 50, 50, 50, 50], "generation_fitness_values": [0.77, 0.74, 0.62, 0.65, 0.63, 0.68, 0.7, 0.79, 0.79, 0.74, 0.75, 0.74, 0.74, 0.77, 0.7, 0.8, 0.77, 0.72, 0.74, 0.8, 0.77, 0.79, 0.74, 0.77, 0.77, 0.77, 0.74, 0.77, 0.72, 0.74, 0.7, 0.7, 0.8, 0.72, 0.79, 0.79, 0.79, 0.74, 0.75, 0.75, 0.79, 0.77, 0.82, 0.75, 0.72, 0.72, 0.7, 0.72, 0.72, 0.75, 0.74, 0.68, 0.7, 0.79, 0.77, 0.74, 0.75, 0.67, 0.74, 0.74, 0.77, 0.84, 0.77, 0.79, 0.79, 0.72, 0.7, 0.77, 0.75, 0.74, 0.79, 0.74, 0.8, 0.79, 0.77, 0.75, 0.77, 0.77, 0.77, 0.77, 0.72, 0.77, 0.82, 0.77, 0.75, 0.74, 0.75, 0.68, 0.7, 0.7, 0.68, 0.72], "crossover_rate_values": [0, 0, 0, 0, 0, 0, 0, 0, 0, 0, 0, 0, 0, 0, 0, 0, 0, 0, 0, 0, 0, 0, 0, 0, 0, 0, 0, 0, 0, 0, 0, 0, 0, 0, 0, 0, 0, 0, 0, 0, 0, 0, 0, 0, 0, 0, 0, 0, 0, 0, 0, 0, 0, 0, 0, 0, 0, 0, 0, 0, 0, 0, 0, 0, 0, 0, 0, 0, 0, 0, 0, 0, 0, 0, 0, 0, 0, 0, 0, 0, 0, 0, 0, 0, 0, 0, 0, 0, 0, 0, 0, 0], "mutation_rate_values": [0.008888888888888889, 0.008635802469135805, 0.008888888888888889, 0.012091503267973862, 0.01368055555555555, 0.014131394389438947, 0.04886879867573226, 0.05909502106208133, 0.06694444444444446, 0.06930555555555552, 0.0709920634920635, 0.07137438425021163, 0.07082609539449586, 0.07002143791321093, 0.07063950259387665, 0.07134427783682408, 0.07136344679529615, 0.07149758665206736, 0.07157104891332834, 0.0716554275861138, 0.07165596015569604, 0.0716614149601278, 0.07132176612395712, 0.07132601174694521, 0.07162618514128821, 0.07161548361183229, 0.07157801583569752, 0.07155548734584903, 0.07133056578623849, 0.07163253938892657, 0.07163117722627875, 0.07165031178132965, 0.07162048980827572, 0.0716196738652888, 0.0716606089513696, 0.0716264373571594, 0.07154434527307889, 0.0715150593659284, 0.0715629715858095, 0.07131378477867022, 0.07158334326194395, 0.07162716518444318, 0.07164861052585887, 0.07164336828540335, 0.0713223381380193, 0.07140556092694832, 0.07154650175917988, 0.07162047485747586, 0.07161318199792556, 0.07161522965900514, 0.07157148813168156, 0.07157652808758176, 0.07123203583699399, 0.07163161908552663, 0.07157872027167157, 0.07164086947094143, 0.07141936599122788, 0.07153431196171195, 0.07101005273570987, 0.07157307334882533, 0.07147697855506106, 0.07163792830806413, 0.07166419126878724, 0.07152024326573714, 0.0715416019770032, 0.07161528868004143, 0.07157878427195484, 0.07162895368416276, 0.0715822504138204, 0.07140686371568485, 0.07164503298467563, 0.07149419454239413, 0.07120130717359924, 0.07148489872116803, 0.07161153392615893, 0.07161920539932388, 0.07157442789665901, 0.0714192937409235, 0.07151640465701915, 0.07130686390698714, 0.07126944920353041, 0.07163289519848258, 0.07155471567696425, 0.07135517221952686, 0.07164458725596078, 0.07166430994459529, 0.07166646551621426, 0.07166651703890371, 0.07092800103095918, 0.0711317590454008, 0.07130666950991987, 0.07120729532871328], "best_fitness_seen_values": [0.77, 0.77, 0.77, 0.77, 0.77, 0.77, 0.77, 0.79, 0.79, 0.79, 0.79, 0.79, 0.79, 0.79, 0.79, 0.8, 0.8, 0.8, 0.8, 0.8, 0.8, 0.8, 0.8, 0.8, 0.8, 0.8, 0.8, 0.8, 0.8, 0.8, 0.8, 0.8, 0.8, 0.8, 0.8, 0.8, 0.8, 0.8, 0.8, 0.8, 0.8, 0.8, 0.82, 0.82, 0.82, 0.82, 0.82, 0.82, 0.82, 0.82, 0.82, 0.82, 0.82, 0.82, 0.82, 0.82, 0.82, 0.82, 0.82, 0.82, 0.82, 0.84, 0.84, 0.84, 0.84, 0.84, 0.84, 0.84, 0.84, 0.84, 0.84, 0.84, 0.84, 0.84, 0.84, 0.84, 0.84, 0.84, 0.84, 0.84, 0.84, 0.84, 0.84, 0.84, 0.84, 0.84, 0.84, 0.84, 0.84, 0.84, 0.84, 0.84], "time_execution": 5141.064781000001}