{"generation_number_values": [1, 2, 3, 4, 5, 6, 7, 8, 9, 10, 11, 12, 13, 14, 15, 16, 17, 18, 19, 20, 21, 22, 23, 24, 25, 26, 27, 28, 29, 30, 31, 32, 33, 34, 35, 36, 37, 38, 39, 40, 41, 42, 43, 44, 45, 46], "population_size_values": [50, 50, 50, 50, 50, 50, 50, 50, 50, 50, 50, 50, 50, 50, 50, 50, 50, 50, 50, 50, 50, 50, 50, 50, 50, 50, 50, 50, 50, 50, 50, 50, 50, 50, 50, 50, 50, 50, 50, 50, 50, 50, 50, 50, 50, 50], "generation_fitness_values": [0.77, 0.75, 0.68, 0.59, 0.63, 0.44, 0.43, 0.43, 0.53, 0.53, 0.55, 0.68, 0.77, 0.67, 0.79, 0.8, 0.68, 0.74, 0.72, 0.77, 0.7, 0.63, 0.75, 0.75, 0.75, 0.75, 0.67, 0.68, 0.62, 0.67, 0.7, 0.75, 0.65, 0.7, 0.7, 0.61, 0.74, 0.67, 0.74, 0.68, 0.67, 0.7, 0.7, 0.72, 0.75, 0.68], "crossover_rate_values": [0, 0, 0, 0, 0, 0, 0, 0, 0, 0, 0, 0, 0, 0, 0, 0, 0, 0, 0, 0, 0, 0, 0, 0, 0, 0, 0, 0, 0, 0, 0, 0, 0, 0, 0, 0, 0, 0, 0, 0, 0, 0, 0, 0, 0, 0], "mutation_rate_values": [0.0, 0.010000000000000002, 0.020000000000000004, 0.030000000000000016, 0.04000000000000001, 0.05000000000000002, 0.06000000000000003, 0.07000000000000005, 0.08000000000000002, 0.09000000000000002, 0.10000000000000003, 0.11, 0.12000000000000006, 0.12999999999999992, 0.1400000000000001, 0.14999999999999994, 0.16000000000000003, 0.16999999999999996, 0.18000000000000005, 0.19000000000000003, 0.20000000000000007, 0.21, 0.22, 0.23000000000000015, 0.24000000000000013, 0.25, 0.25999999999999984, 0.26999999999999985, 0.2800000000000002, 0.29, 0.2999999999999999, 0.30999999999999983, 0.32000000000000006, 0.33, 0.3399999999999999, 0.34999999999999987, 0.3600000000000001, 0.36999999999999994, 0.38000000000000006, 0.39, 0.40000000000000013, 0.4100000000000001, 0.42, 0.4299999999999999, 0.44, 0.44999999999999984], "best_fitness_seen_values": [0.77, 0.77, 0.77, 0.77, 0.77, 0.77, 0.77, 0.77, 0.77, 0.77, 0.77, 0.77, 0.77, 0.77, 0.79, 0.8, 0.8, 0.8, 0.8, 0.8, 0.8, 0.8, 0.8, 0.8, 0.8, 0.8, 0.8, 0.8, 0.8, 0.8, 0.8, 0.8, 0.8, 0.8, 0.8, 0.8, 0.8, 0.8, 0.8, 0.8, 0.8, 0.8, 0.8, 0.8, 0.8, 0.8], "time_execution": 990.6133400000108}