{"generation_number_values": [1, 2, 3, 4, 5, 6, 7, 8, 9, 10, 11, 12, 13, 14, 15, 16, 17, 18, 19, 20, 21, 22, 23, 24, 25, 26, 27, 28, 29, 30, 31], "population_size_values": [50, 50, 50, 50, 50, 50, 50, 50, 50, 50, 50, 50, 50, 50, 50, 50, 50, 50, 50, 50, 50, 50, 50, 50, 50, 50, 50, 50, 50, 50, 50], "generation_fitness_values": [0.82, 0.77, 0.72, 0.63, 0.7, 0.7, 0.53, 0.7, 0.75, 0.68, 0.7, 0.53, 0.65, 0.75, 0.74, 0.74, 0.75, 0.74, 0.65, 0.79, 0.75, 0.74, 0.75, 0.7, 0.68, 0.7, 0.72, 0.75, 0.77, 0.77, 0.77], "crossover_rate_values": [0, 0, 0, 0, 0, 0, 0, 0, 0, 0, 0, 0, 0, 0, 0, 0, 0, 0, 0, 0, 0, 0, 0, 0, 0, 0, 0, 0, 0, 0, 0], "mutation_rate_values": [0.3500701339975593, 0.40386517452583204, 0.3777914556033448, 0.38007491317062053, 0.41849668851094, 0.381851003631423, 0.3346254945112366, 0.3953868343989307, 0.45242698575554174, 0.419639383186342, 0.3959670760040483, 0.3550840502730116, 0.35996743243986423, 0.34562627372934424, 0.3935243619710136, 0.4686219868327677, 0.34553651976473504, 0.4311103380810899, 0.36530750353178365, 0.49099313254787824, 0.4787873652069086, 0.4765345377978317, 0.47076627810873317, 0.44275788683136497, 0.3925346284365737, 0.43508854057841456, 0.43869435844858296, 0.4680262122678511, 0.4293942868980494, 0.40925124163428306, 0.4381840461882781], "best_fitness_seen_values": [0.82, 0.82, 0.82, 0.82, 0.82, 0.82, 0.82, 0.82, 0.82, 0.82, 0.82, 0.82, 0.82, 0.82, 0.82, 0.82, 0.82, 0.82, 0.82, 0.82, 0.82, 0.82, 0.82, 0.82, 0.82, 0.82, 0.82, 0.82, 0.82, 0.82, 0.82], "time_execution": 853.7886850000068}