{"generation_number_values": [1, 2, 3, 4, 5, 6, 7, 8, 9, 10, 11, 12, 13, 14, 15, 16, 17, 18, 19, 20, 21, 22, 23, 24, 25, 26, 27, 28, 29, 30, 31], "population_size_values": [26, 26, 26, 26, 26, 26, 26, 26, 26, 26, 26, 26, 26, 26, 26, 26, 26, 26, 26, 26, 26, 26, 26, 26, 26, 26, 26, 26, 26, 26, 26], "generation_fitness_values": [0.88, 0.79, 0.76, 0.64, 0.55, 0.61, 0.74, 0.75, 0.71, 0.79, 0.72, 0.54, 0.5, 0.46, 0.73, 0.54, 0.46, 0.77, 0.6, 0.73, 0.68, 0.76, 0.58, 0.58, 0.58, 0.5, 0.73, 0.48, 0.46, 0.52, 0.72], "crossover_rate_values": [0, 0, 0, 0, 0, 0, 0, 0, 0, 0, 0, 0, 0, 0, 0, 0, 0, 0, 0, 0, 0, 0, 0, 0, 0, 0, 0, 0, 0, 0, 0], "mutation_rate_values": [0.40437952527093085, 0.4256228618645016, 0.361139031364503, 0.4336154608040013, 0.34826066109009535, 0.3475212688883935, 0.4689440011465313, 0.5056437628098464, 0.452044527629712, 0.5192995289520496, 0.3689622886624484, 0.4243519378408668, 0.47048473350559294, 0.5009113811852051, 0.49148895238529466, 0.33700899966280384, 0.30447319056495065, 0.3713932830685293, 0.44550100519130476, 0.42392375690785317, 0.3948337052426082, 0.38535715064904036, 0.257503584263702, 0.2847792757955615, 0.31463768671368647, 0.22443973340777612, 0.34767874895053674, 0.4200271810208198, 0.45068952222291014, 0.40762488494434373, 0.36965895409508825], "best_fitness_seen_values": [0.88, 0.88, 0.88, 0.88, 0.88, 0.88, 0.88, 0.88, 0.88, 0.88, 0.88, 0.88, 0.88, 0.88, 0.88, 0.88, 0.88, 0.88, 0.88, 0.88, 0.88, 0.88, 0.88, 0.88, 0.88, 0.88, 0.88, 0.88, 0.88, 0.88, 0.88], "time_execution": 587.0734569999986}