{"generation_number_values": [1, 2, 3, 4, 5, 6, 7, 8, 9, 10, 11, 12, 13, 14, 15, 16, 17, 18, 19, 20, 21, 22, 23, 24, 25, 26, 27, 28, 29, 30, 31, 32, 33, 34, 35, 36, 37, 38, 39, 40, 41, 42, 43, 44, 45], "population_size_values": [50, 50, 50, 50, 50, 50, 50, 50, 50, 50, 50, 50, 50, 50, 50, 50, 50, 50, 50, 50, 50, 50, 50, 50, 50, 50, 50, 50, 50, 50, 50, 50, 50, 50, 50, 50, 50, 50, 50, 50, 50, 50, 50, 50, 50], "generation_fitness_values": [0.75, 0.7, 0.75, 0.65, 0.75, 0.72, 0.72, 0.74, 0.75, 0.72, 0.7, 0.75, 0.74, 0.77, 0.79, 0.79, 0.79, 0.79, 0.77, 0.75, 0.68, 0.74, 0.79, 0.63, 0.7, 0.75, 0.68, 0.77, 0.74, 0.74, 0.65, 0.67, 0.72, 0.77, 0.68, 0.7, 0.72, 0.68, 0.74, 0.75, 0.72, 0.74, 0.74, 0.75, 0.7], "crossover_rate_values": [0, 0, 0, 0, 0, 0, 0, 0, 0, 0, 0, 0, 0, 0, 0, 0, 0, 0, 0, 0, 0, 0, 0, 0, 0, 0, 0, 0, 0, 0, 0, 0, 0, 0, 0, 0, 0, 0, 0, 0, 0, 0, 0, 0, 0], "mutation_rate_values": [0.008798850574712642, 0.008611111111111118, 0.008888888888888889, 0.012091503267973862, 0.01368055555555555, 0.015000000000000008, 0.04931224702963833, 0.05909502106208133, 0.06694444444444446, 0.06930555555555552, 0.0709920634920635, 0.07159578924649358, 0.0713320651634073, 0.07130328732906316, 0.07090766504624496, 0.07109680730491584, 0.07141205861227667, 0.07149133701844829, 0.0715504991972884, 0.07150844758700757, 0.07159247395397966, 0.07120128691856513, 0.07149308485060636, 0.07142231182635721, 0.07029269089636742, 0.07164669447112647, 0.07158094215348122, 0.07118361952769535, 0.0713227878244847, 0.07149461191515487, 0.07152835277364383, 0.07065534270690323, 0.07103585439140157, 0.071588487273496, 0.0715516166693147, 0.0712130248340903, 0.07159323981241104, 0.0715500528802231, 0.071227622436358, 0.07160116377809772, 0.07153112305754329, 0.07159929591833065, 0.07163719836025016, 0.07162754153967164, 0.07158990339649775], "best_fitness_seen_values": [0.75, 0.75, 0.75, 0.75, 0.75, 0.75, 0.75, 0.75, 0.75, 0.75, 0.75, 0.75, 0.75, 0.77, 0.79, 0.79, 0.79, 0.79, 0.79, 0.79, 0.79, 0.79, 0.79, 0.79, 0.79, 0.79, 0.79, 0.79, 0.79, 0.79, 0.79, 0.79, 0.79, 0.79, 0.79, 0.79, 0.79, 0.79, 0.79, 0.79, 0.79, 0.79, 0.79, 0.79, 0.79], "time_execution": 2479.2735350000003}