{"generation_number_values": [1, 2, 3, 4, 5, 6, 7, 8, 9, 10, 11, 12, 13, 14, 15, 16, 17, 18, 19, 20, 21, 22, 23, 24, 25, 26, 27, 28, 29, 30, 31, 32, 33, 34, 35, 36, 37, 38, 39, 40, 41, 42, 43, 44, 45, 46, 47], "population_size_values": [26, 26, 26, 26, 26, 26, 26, 26, 26, 26, 26, 26, 26, 26, 26, 26, 26, 26, 26, 26, 26, 26, 26, 26, 26, 26, 26, 26, 26, 26, 26, 26, 26, 26, 26, 26, 26, 26, 26, 26, 26, 26, 26, 26, 26, 26, 26], "generation_fitness_values": [0.8, 0.63, 0.59, 0.55, 0.55, 0.64, 0.72, 0.55, 0.73, 0.55, 0.79, 0.72, 0.72, 0.57, 0.74, 0.75, 0.82, 0.54, 0.78, 0.55, 0.71, 0.77, 0.8, 0.71, 0.62, 0.54, 0.72, 0.54, 0.73, 0.56, 0.48, 0.55, 0.54, 0.77, 0.79, 0.62, 0.79, 0.74, 0.69, 0.7, 0.55, 0.71, 0.5, 0.5, 0.63, 0.75, 0.71], "crossover_rate_values": [0, 0, 0, 0, 0, 0, 0, 0, 0, 0, 0, 0, 0, 0, 0, 0, 0, 0, 0, 0, 0, 0, 0, 0, 0, 0, 0, 0, 0, 0, 0, 0, 0, 0, 0, 0, 0, 0, 0, 0, 0, 0, 0, 0, 0, 0, 0], "mutation_rate_values": [0.3633380462437611, 0.3440228983959596, 0.4433765567029856, 0.40402487263758347, 0.48591730371737313, 0.5381915801166584, 0.5163282938010909, 0.5636986941764062, 0.4574660104414197, 0.43321968465752586, 0.39176137576476805, 0.4040881325270913, 0.38604616507293077, 0.35768760427937785, 0.39061051953670056, 0.42084006026244253, 0.3331118579858012, 0.3922974773143074, 0.3146142104983226, 0.2578587888506282, 0.3642854597014741, 0.40737445671069933, 0.3849771327037569, 0.29626886803439384, 0.2938744911126473, 0.3298200882777526, 0.3466795848085032, 0.2972158476749799, 0.3480294864074894, 0.29370319212269536, 0.4051971092520492, 0.4378074381866848, 0.5213326118371373, 0.43569904584885993, 0.42769424609504575, 0.38929122659821946, 0.4557110435323129, 0.5021869143645655, 0.414942359548754, 0.44257322789452347, 0.502049061495329, 0.4455716974746021, 0.35024306543530237, 0.34740755779429233, 0.42196516078334356, 0.4257094387700089, 0.4524130716391809], "best_fitness_seen_values": [0.8, 0.8, 0.8, 0.8, 0.8, 0.8, 0.8, 0.8, 0.8, 0.8, 0.8, 0.8, 0.8, 0.8, 0.8, 0.8, 0.82, 0.82, 0.82, 0.82, 0.82, 0.82, 0.82, 0.82, 0.82, 0.82, 0.82, 0.82, 0.82, 0.82, 0.82, 0.82, 0.82, 0.82, 0.82, 0.82, 0.82, 0.82, 0.82, 0.82, 0.82, 0.82, 0.82, 0.82, 0.82, 0.82, 0.82], "time_execution": 890.3531400000029}