{"generation_number_values": [1, 2, 3, 4, 5, 6, 7, 8, 9, 10, 11, 12, 13, 14, 15, 16, 17, 18, 19, 20, 21, 22, 23, 24, 25, 26, 27, 28, 29, 30, 31], "population_size_values": [50, 50, 50, 50, 50, 50, 50, 50, 50, 50, 50, 50, 50, 50, 50, 50, 50, 50, 50, 50, 50, 50, 50, 50, 50, 50, 50, 50, 50, 50, 50], "generation_fitness_values": [0.8, 0.72, 0.63, 0.7, 0.72, 0.59, 0.68, 0.75, 0.75, 0.74, 0.75, 0.77, 0.72, 0.75, 0.75, 0.75, 0.8, 0.8, 0.75, 0.77, 0.77, 0.75, 0.75, 0.77, 0.72, 0.79, 0.74, 0.75, 0.72, 0.72, 0.79], "crossover_rate_values": [0, 0, 0, 0, 0, 0, 0, 0, 0, 0, 0, 0, 0, 0, 0, 0, 0, 0, 0, 0, 0, 0, 0, 0, 0, 0, 0, 0, 0, 0, 0], "mutation_rate_values": [0.008888888888888889, 0.008888888888888889, 0.008888888888888889, 0.012091503267973862, 0.01368055555555555, 0.015000000000000008, 0.04897565963339659, 0.058772752760524495, 0.06694444444444446, 0.06930555555555552, 0.0709920634920635, 0.07153889808834314, 0.07157749701671688, 0.07157027480509552, 0.07160573149878526, 0.07158491198857274, 0.07157674177896461, 0.07117132419561972, 0.07125797065071778, 0.07155252354336315, 0.07122575663779208, 0.07122119515736756, 0.07148314926465799, 0.07159104258714505, 0.07154301773078607, 0.07160644394541538, 0.07164481483828157, 0.07164916243740299, 0.07158638194578736, 0.0715952608777996, 0.0716090269930772], "best_fitness_seen_values": [0.8, 0.8, 0.8, 0.8, 0.8, 0.8, 0.8, 0.8, 0.8, 0.8, 0.8, 0.8, 0.8, 0.8, 0.8, 0.8, 0.8, 0.8, 0.8, 0.8, 0.8, 0.8, 0.8, 0.8, 0.8, 0.8, 0.8, 0.8, 0.8, 0.8, 0.8], "time_execution": 1613.7923179999925}