{"generation_number_values": [1, 2, 3, 4, 5, 6, 7, 8, 9, 10, 11, 12, 13, 14, 15, 16, 17, 18, 19, 20, 21, 22, 23, 24, 25, 26, 27, 28, 29, 30, 31], "population_size_values": [50, 50, 50, 50, 50, 50, 50, 50, 50, 50, 50, 50, 50, 50, 50, 50, 50, 50, 50, 50, 50, 50, 50, 50, 50, 50, 50, 50, 50, 50, 50], "generation_fitness_values": [0.79, 0.79, 0.68, 0.72, 0.68, 0.79, 0.72, 0.72, 0.74, 0.75, 0.74, 0.75, 0.74, 0.75, 0.77, 0.75, 0.74, 0.74, 0.79, 0.72, 0.72, 0.59, 0.61, 0.68, 0.74, 0.72, 0.75, 0.74, 0.77, 0.74, 0.75], "crossover_rate_values": [0, 0, 0, 0, 0, 0, 0, 0, 0, 0, 0, 0, 0, 0, 0, 0, 0, 0, 0, 0, 0, 0, 0, 0, 0, 0, 0, 0, 0, 0, 0], "mutation_rate_values": [0.36691745485786115, 0.36687836758832715, 0.42749956218742324, 0.4257847697295927, 0.38519477765307153, 0.36133092529749505, 0.38591041468314413, 0.36346243772665043, 0.3474392567112343, 0.34522526480818966, 0.33585940065132425, 0.38083886793868793, 0.2607228630629022, 0.34098151826056566, 0.2861305153182137, 0.29226290331147736, 0.4092747660869478, 0.3462919305506245, 0.4358864045796257, 0.3967836744141577, 0.4219963897766093, 0.4227655865774949, 0.464760620197438, 0.4008956767902946, 0.38475182066946645, 0.419457566324844, 0.46415909717617276, 0.4457567796557098, 0.46062389753821065, 0.42947618247089425, 0.3756076348827051], "best_fitness_seen_values": [0.79, 0.79, 0.79, 0.79, 0.79, 0.79, 0.79, 0.79, 0.79, 0.79, 0.79, 0.79, 0.79, 0.79, 0.79, 0.79, 0.79, 0.79, 0.79, 0.79, 0.79, 0.79, 0.79, 0.79, 0.79, 0.79, 0.79, 0.79, 0.79, 0.79, 0.79], "time_execution": 832.7436730000045}