{"generation_number_values": [1, 2, 3, 4, 5, 6, 7, 8, 9, 10, 11, 12, 13, 14, 15, 16, 17, 18, 19, 20, 21, 22, 23, 24, 25, 26, 27, 28, 29, 30, 31, 32, 33, 34, 35, 36, 37, 38, 39, 40, 41, 42, 43, 44, 45, 46, 47, 48, 49, 50, 51], "population_size_values": [26, 26, 26, 26, 26, 26, 26, 26, 26, 26, 26, 26, 26, 26, 26, 26, 26, 26, 26, 26, 26, 26, 26, 26, 26, 26, 26, 26, 26, 26, 26, 26, 26, 26, 26, 26, 26, 26, 26, 26, 26, 26, 26, 26, 26, 26, 26, 26, 26, 26, 26], "generation_fitness_values": [0.8, 0.77, 0.63, 0.55, 0.77, 0.48, 0.58, 0.45, 0.77, 0.55, 0.5, 0.56, 0.78, 0.54, 0.54, 0.54, 0.76, 0.71, 0.79, 0.79, 0.82, 0.55, 0.34, 0.46, 0.34, 0.34, 0.43, 0.54, 0.34, 0.55, 0.52, 0.54, 0.66, 0.54, 0.57, 0.64, 0.73, 0.62, 0.7, 0.75, 0.77, 0.75, 0.73, 0.79, 0.76, 0.74, 0.52, 0.55, 0.63, 0.55, 0.54], "crossover_rate_values": [0, 0, 0, 0, 0, 0, 0, 0, 0, 0, 0, 0, 0, 0, 0, 0, 0, 0, 0, 0, 0, 0, 0, 0, 0, 0, 0, 0, 0, 0, 0, 0, 0, 0, 0, 0, 0, 0, 0, 0, 0, 0, 0, 0, 0, 0, 0, 0, 0, 0, 0], "mutation_rate_values": [0.008798850574712646, 0.008888888888888889, 0.008888888888888889, 0.008888888888888889, 0.008888888888888889, 0.012091503267973857, 0.01351449275362319, 0.014999999999999994, 0.05078825147775871, 0.059095021062081345, 0.06694444444444446, 0.06930555555555554, 0.07099206349206347, 0.07129918487765198, 0.07166355581944261, 0.07166326855568327, 0.07165157281425695, 0.07160952163775015, 0.07160158713737774, 0.07137137695310782, 0.07154354678695715, 0.009083333333333332, 0.009083333333333332, 0.009083333333333332, 0.009083333333333332, 0.012091503267973857, 0.013339947089947088, 0.015000000000000005, 0.05204048908783531, 0.059095021062081345, 0.06694444444444446, 0.06930555555555554, 0.07099206349206347, 0.07162625295840538, 0.07165814996586327, 0.0716580618478334, 0.07166397123995837, 0.07159451126923902, 0.07163610841989135, 0.07146325993357129, 0.07146930896971385, 0.07146814617553418, 0.0716325986665515, 0.07160268817431217, 0.0716377670673565, 0.07156406232317034, 0.07160313198983358, 0.07166401666101264, 0.07166210780272753, 0.07162976727145509, 0.07165611687065529], "best_fitness_seen_values": [0.8, 0.8, 0.8, 0.8, 0.8, 0.8, 0.8, 0.8, 0.8, 0.8, 0.8, 0.8, 0.8, 0.8, 0.8, 0.8, 0.8, 0.8, 0.8, 0.8, 0.82, 0.82, 0.82, 0.82, 0.82, 0.82, 0.82, 0.82, 0.82, 0.82, 0.82, 0.82, 0.82, 0.82, 0.82, 0.82, 0.82, 0.82, 0.82, 0.82, 0.82, 0.82, 0.82, 0.82, 0.82, 0.82, 0.82, 0.82, 0.82, 0.82, 0.82], "time_execution": 2171.0225070000015}