{"generation_number_values": [1, 2, 3, 4, 5], "population_size_values": [10, 10, 10, 10, 10], "generation_fitness_values": [0.56, 0.56, 0.53, 0.58, 0.56], "crossover_rate_values": [0, 0, 0, 0, 0], "mutation_rate_values": [0.5789247583401737, 0.3075193894295924, 0.39332852609985886, 0.28543778268272696, 0.3425219108875301], "best_fitness_seen_values": [0.56, 0.56, 0.56, 0.58, 0.58], "time_execution": 30.11192600000004}