{"generation_number_values": [1, 2, 3, 4, 5, 6, 7, 8, 9, 10, 11, 12, 13, 14, 15, 16, 17, 18, 19, 20, 21, 22, 23, 24, 25, 26, 27, 28, 29, 30], "population_size_values": [26, 26, 26, 26, 26, 26, 26, 26, 26, 26, 26, 26, 26, 26, 26, 26, 26, 26, 26, 26, 26, 26, 26, 26, 26, 26, 26, 26, 26, 26], "generation_fitness_values": [0.78, 0.72, 0.7, 0.71, 0.55, 0.54, 0.54, 0.74, 0.63, 0.77, 0.57, 0.77, 0.56, 0.71, 0.71, 0.52, 0.62, 0.55, 0.55, 0.73, 0.72, 0.54, 0.71, 0.54, 0.54, 0.71, 0.74, 0.79, 0.75, 0.54], "crossover_rate_values": [0, 0, 0, 0, 0, 0, 0, 0, 0, 0, 0, 0, 0, 0, 0, 0, 0, 0, 0, 0, 0, 0, 0, 0, 0, 0, 0, 0, 0, 0], "mutation_rate_values": [0.008714285714285714, 0.008714285714285718, 0.008888888888888889, 0.012091503267973857, 0.013680555555555555, 0.012450657894736842, 0.05162480174443652, 0.0581517651379407, 0.06694444444444446, 0.0678447536619965, 0.07099206349206347, 0.06922981495402027, 0.0713502880262774, 0.0691337460793737, 0.07163458258945532, 0.07164787489779555, 0.06851356915789816, 0.07000804011198705, 0.06891303465855524, 0.06891198203981677, 0.07144759646467913, 0.07151210303146052, 0.06881266192884025, 0.07158800007536356, 0.06880838250544506, 0.06882518576462428, 0.07166254896184585, 0.07147586262877749, 0.07138380995326007, 0.07131367626700678], "best_fitness_seen_values": [0.79, 0.79, 0.79, 0.79, 0.79, 0.79, 0.79, 0.79, 0.79, 0.79, 0.79, 0.79, 0.79, 0.79, 0.79, 0.79, 0.79, 0.79, 0.79, 0.79, 0.79, 0.79, 0.79, 0.79, 0.79, 0.79, 0.79, 0.79, 0.79, 0.79], "time_execution": 1129.4167510000007}