{"generation_number_values": [1, 2, 3, 4, 5, 6, 7, 8, 9, 10, 11, 12, 13, 14, 15, 16, 17, 18, 19, 20, 21, 22, 23, 24, 25, 26, 27, 28, 29, 30, 31], "population_size_values": [26, 26, 26, 26, 26, 26, 26, 26, 26, 26, 26, 26, 26, 26, 26, 26, 26, 26, 26, 26, 26, 26, 26, 26, 26, 26, 26, 26, 26, 26, 26], "generation_fitness_values": [0.82, 0.82, 0.57, 0.71, 0.72, 0.57, 0.55, 0.81, 0.75, 0.77, 0.69, 0.71, 0.78, 0.76, 0.72, 0.54, 0.54, 0.46, 0.77, 0.75, 0.75, 0.72, 0.71, 0.79, 0.55, 0.55, 0.46, 0.54, 0.5, 0.71, 0.54], "crossover_rate_values": [0, 0, 0, 0, 0, 0, 0, 0, 0, 0, 0, 0, 0, 0, 0, 0, 0, 0, 0, 0, 0, 0, 0, 0, 0, 0, 0, 0, 0, 0, 0], "mutation_rate_values": [0.5384307686746037, 0.45602839076997415, 0.38189307061587985, 0.25541923636108277, 0.27084964067045975, 0.33952647373097344, 0.3472376408812642, 0.35054802164980453, 0.42536510393044397, 0.41460326760593424, 0.4073250339786027, 0.4104355421120339, 0.3584715739231906, 0.4480448899397368, 0.4393928151285754, 0.4454466595576366, 0.2877725691151862, 0.3146341365012644, 0.40859969597194074, 0.4612534380444849, 0.45892699030783757, 0.3795972503874066, 0.4750763635232248, 0.3924514902297332, 0.33856729356280874, 0.4386795032759337, 0.39335572601957103, 0.5268960076026555, 0.449664122809035, 0.3505022196993925, 0.3652303384866183], "best_fitness_seen_values": [0.82, 0.82, 0.82, 0.82, 0.82, 0.82, 0.82, 0.82, 0.82, 0.82, 0.82, 0.82, 0.82, 0.82, 0.82, 0.82, 0.82, 0.82, 0.82, 0.82, 0.82, 0.82, 0.82, 0.82, 0.82, 0.82, 0.82, 0.82, 0.82, 0.82, 0.82], "time_execution": 789.3546740000002}