{"generation_number_values": [1, 2, 3, 4, 5, 6, 7, 8, 9, 10, 11, 12, 13, 14, 15, 16, 17, 18, 19, 20, 21, 22, 23, 24, 25, 26, 27, 28, 29, 30, 31, 32, 33, 34, 35, 36, 37, 38, 39, 40, 41, 42, 43, 44, 45, 46, 47, 48, 49, 50, 51, 52], "population_size_values": [50, 50, 50, 50, 50, 50, 50, 50, 50, 50, 50, 50, 50, 50, 50, 50, 50, 50, 50, 50, 50, 50, 50, 50, 50, 50, 50, 50, 50, 50, 50, 50, 50, 50, 50, 50, 50, 50, 50, 50, 50, 50, 50, 50, 50, 50, 50, 50, 50, 50, 50, 50], "generation_fitness_values": [0.77, 0.74, 0.72, 0.65, 0.77, 0.65, 0.65, 0.7, 0.75, 0.74, 0.7, 0.74, 0.72, 0.67, 0.63, 0.79, 0.65, 0.74, 0.72, 0.7, 0.72, 0.8, 0.75, 0.77, 0.77, 0.72, 0.7, 0.68, 0.68, 0.74, 0.67, 0.77, 0.72, 0.8, 0.7, 0.77, 0.79, 0.72, 0.72, 0.74, 0.72, 0.74, 0.74, 0.72, 0.75, 0.74, 0.79, 0.77, 0.75, 0.79, 0.77, 0.75], "crossover_rate_values": [0, 0, 0, 0, 0, 0, 0, 0, 0, 0, 0, 0, 0, 0, 0, 0, 0, 0, 0, 0, 0, 0, 0, 0, 0, 0, 0, 0, 0, 0, 0, 0, 0, 0, 0, 0, 0, 0, 0, 0, 0, 0, 0, 0, 0, 0, 0, 0, 0, 0, 0, 0], "mutation_rate_values": [0.43314907622423404, 0.4701902269097702, 0.4101568529273461, 0.41771787105366953, 0.4130072380219844, 0.37395322240260936, 0.42915687771742567, 0.43527060292832337, 0.3697812608369428, 0.3591628459285188, 0.49032541925411766, 0.47671844755019227, 0.4829623736472896, 0.41830298737704313, 0.46971123817047894, 0.42686722448958697, 0.3451481293618479, 0.41137428601725673, 0.3033982860086158, 0.3213504336979486, 0.3618428891191895, 0.398442878012213, 0.3117023109585269, 0.391533357522891, 0.48920745294331275, 0.45535804916920614, 0.42458377018923166, 0.39440911182430055, 0.39318056901307474, 0.40114590438057524, 0.43202160223048436, 0.34435179095170027, 0.3456009854856812, 0.3407223685237012, 0.2911816934927207, 0.37750603601475696, 0.3750175215568614, 0.32912712060414023, 0.3257599853425197, 0.36248848026784236, 0.3194515929230353, 0.29666595281933683, 0.3624674855854254, 0.36858645741255047, 0.44870599776549375, 0.4721904241817678, 0.418027364881424, 0.42022504824016943, 0.4539180257096551, 0.42553648756749757, 0.3643722286776383, 0.34073542418319597], "best_fitness_seen_values": [0.77, 0.77, 0.77, 0.77, 0.77, 0.77, 0.77, 0.77, 0.77, 0.77, 0.77, 0.77, 0.77, 0.77, 0.77, 0.79, 0.79, 0.79, 0.79, 0.79, 0.79, 0.8, 0.8, 0.8, 0.8, 0.8, 0.8, 0.8, 0.8, 0.8, 0.8, 0.8, 0.8, 0.8, 0.8, 0.8, 0.8, 0.8, 0.8, 0.8, 0.8, 0.8, 0.8, 0.8, 0.8, 0.8, 0.8, 0.8, 0.8, 0.8, 0.8, 0.8], "time_execution": 1479.409182000003}