{"generation_number_values": [1, 2, 3, 4, 5, 6, 7, 8, 9, 10, 11, 12, 13, 14, 15, 16, 17, 18, 19, 20, 21, 22, 23, 24, 25, 26, 27, 28, 29, 30, 31, 32, 33, 34, 35, 36, 37, 38, 39, 40, 41, 42, 43, 44, 45, 46, 47, 48, 49, 50, 51, 52, 53], "population_size_values": [26, 26, 26, 26, 26, 26, 26, 26, 26, 26, 26, 26, 26, 26, 26, 26, 26, 26, 26, 26, 26, 26, 26, 26, 26, 26, 26, 26, 26, 26, 26, 26, 26, 26, 26, 26, 26, 26, 26, 26, 26, 26, 26, 26, 26, 26, 26, 26, 26, 26, 26, 26, 26], "generation_fitness_values": [0.79, 0.84, 0.83, 0.87, 0.87, 0.87, 0.87, 0.87, 0.86, 0.86, 0.86, 0.85, 0.87, 0.89, 0.89, 0.88, 0.88, 0.88, 0.89, 0.89, 0.89, 0.89, 0.91, 0.91, 0.89, 0.89, 0.89, 0.88, 0.88, 0.88, 0.88, 0.88, 0.88, 0.88, 0.88, 0.88, 0.88, 0.88, 0.88, 0.82, 0.82, 0.82, 0.84, 0.84, 0.84, 0.83, 0.83, 0.85, 0.85, 0.85, 0.87, 0.87, 0.87], "crossover_rate_values": [0, 0, 0, 0, 0, 0, 0, 0, 0, 0, 0, 0, 0, 0, 0, 0, 0, 0, 0, 0, 0, 0, 0, 0, 0, 0, 0, 0, 0, 0, 0, 0, 0, 0, 0, 0, 0, 0, 0, 0, 0, 0, 0, 0, 0, 0, 0, 0, 0, 0, 0, 0, 0], "mutation_rate_values": [0.37622724051119694, 0.4156879053477191, 0.4878081676398844, 0.38663411311682666, 0.31255773758797345, 0.37371751155751903, 0.3909911034337472, 0.37258843130682656, 0.3808256126129038, 0.3418126524301273, 0.2814986030522168, 0.42800896668828964, 0.43711494995877664, 0.4559705571062864, 0.34569845745666467, 0.3878912540388634, 0.45468457722432293, 0.35815296667602686, 0.47106352063290924, 0.406266283211578, 0.40001841329773125, 0.43364556487299377, 0.37001519305647534, 0.3406923636629017, 0.3632462057965777, 0.42804408967019814, 0.4533484941792878, 0.4074630307156186, 0.38792464222281475, 0.3039095373981271, 0.29248263691103343, 0.38836215053017253, 0.33816966466466425, 0.3416269877551597, 0.35970481179878055, 0.377760479289184, 0.3663770797015552, 0.3841366414876305, 0.2878156208505827, 0.25563817731865374, 0.3211673950090517, 0.34534958220532724, 0.37710816932928204, 0.31548604213517467, 0.386639228067351, 0.36918133728415037, 0.3820517902975155, 0.4040795184542463, 0.358989820708636, 0.33934978800170934, 0.2712371703667887, 0.3251300585680398, 0.37551843848501487], "best_fitness_seen_values": [0.79, 0.84, 0.84, 0.87, 0.87, 0.87, 0.87, 0.87, 0.87, 0.87, 0.87, 0.87, 0.87, 0.89, 0.89, 0.89, 0.89, 0.89, 0.89, 0.89, 0.89, 0.89, 0.91, 0.91, 0.91, 0.91, 0.91, 0.91, 0.91, 0.91, 0.91, 0.91, 0.91, 0.91, 0.91, 0.91, 0.91, 0.91, 0.91, 0.91, 0.91, 0.91, 0.91, 0.91, 0.91, 0.91, 0.91, 0.91, 0.91, 0.91, 0.91, 0.91, 0.91], "time_execution": 1602.2889739999955}