{"generation_number_values": [1, 2, 3, 4, 5, 6, 7, 8, 9, 10, 11, 12, 13, 14, 15, 16, 17, 18, 19, 20, 21, 22, 23, 24, 25, 26, 27, 28, 29, 30, 31, 32, 33, 34, 35, 36, 37, 38, 39, 40, 41, 42, 43, 44, 45, 46, 47, 48, 49, 50, 51, 52, 53, 54, 55, 56, 57, 58, 59, 60, 61, 62, 63, 64, 65, 66, 67, 68, 69, 70, 71, 72, 73, 74, 75, 76, 77, 78, 79, 80, 81, 82, 83, 84, 85], "population_size_values": [26, 26, 26, 26, 26, 26, 26, 26, 26, 26, 26, 26, 26, 26, 26, 26, 26, 26, 26, 26, 26, 26, 26, 26, 26, 26, 26, 26, 26, 26, 26, 26, 26, 26, 26, 26, 26, 26, 26, 26, 26, 26, 26, 26, 26, 26, 26, 26, 26, 26, 26, 26, 26, 26, 26, 26, 26, 26, 26, 26, 26, 26, 26, 26, 26, 26, 26, 26, 26, 26, 26, 26, 26, 26, 26, 26, 26, 26, 26, 26, 26, 26, 26, 26, 26], "generation_fitness_values": [0.8, 0.81, 0.85, 0.85, 0.86, 0.86, 0.86, 0.86, 0.86, 0.86, 0.86, 0.87, 0.87, 0.87, 0.87, 0.87, 0.87, 0.88, 0.88, 0.87, 0.87, 0.87, 0.87, 0.87, 0.87, 0.87, 0.87, 0.87, 0.86, 0.86, 0.8, 0.8, 0.8, 0.73, 0.8, 0.8, 0.8, 0.78, 0.79, 0.79, 0.8, 0.86, 0.86, 0.86, 0.88, 0.89, 0.86, 0.86, 0.86, 0.84, 0.84, 0.86, 0.86, 0.89, 0.91, 0.91, 0.91, 0.91, 0.91, 0.91, 0.91, 0.91, 0.91, 0.89, 0.88, 0.84, 0.79, 0.82, 0.84, 0.84, 0.84, 0.84, 0.84, 0.82, 0.84, 0.84, 0.79, 0.77, 0.77, 0.77, 0.73, 0.78, 0.78, 0.77, 0.79], "crossover_rate_values": [0, 0, 0, 0, 0, 0, 0, 0, 0, 0, 0, 0, 0, 0, 0, 0, 0, 0, 0, 0, 0, 0, 0, 0, 0, 0, 0, 0, 0, 0, 0, 0, 0, 0, 0, 0, 0, 0, 0, 0, 0, 0, 0, 0, 0, 0, 0, 0, 0, 0, 0, 0, 0, 0, 0, 0, 0, 0, 0, 0, 0, 0, 0, 0, 0, 0, 0, 0, 0, 0, 0, 0, 0, 0, 0, 0, 0, 0, 0, 0, 0, 0, 0, 0, 0], "mutation_rate_values": [0.009453149001536099, 0.008888888888888889, 0.008983870967741933, 0.008888888888888889, 0.008888888888888889, 0.008828282828282828, 0.008828282828282828, 0.008828282828282828, 0.008888888888888889, 0.012091503267973857, 0.013557668406661698, 0.015000000000000005, 0.00877002583979328, 0.00877002583979328, 0.00877002583979328, 0.008888888888888889, 0.012091503267973857, 0.013595169343680437, 0.008714285714285714, 0.008714285714285714, 0.008714285714285714, 0.008888888888888889, 0.012091503267973857, 0.013627760252365931, 0.015000000000000005, 0.04981994623536234, 0.059095021062081345, 0.06694444444444446, 0.06930555555555554, 0.07099206349206347, 0.07166610002418264, 0.07151062853513655, 0.071322740347172, 0.07160613008699149, 0.07163580288191984, 0.0714473094226159, 0.07150329705384559, 0.0713498521161555, 0.07153540388157328, 0.07132544261120878, 0.07125754527703311, 0.07131189452438923, 0.07078127043372426, 0.07092979305725546, 0.07151912913183076, 0.07166301211525726, 0.00866124661246612, 0.00866124661246612, 0.00866124661246612, 0.008888888888888889, 0.012091503267973857, 0.013656056209819653, 0.014999999999999994, 0.04955311677232799, 0.059095021062081345, 0.008564102564102562, 0.008564102564102562, 0.008611111111111113, 0.008888888888888889, 0.012091503267973857, 0.013680555555555555, 0.014999999999999994, 0.04931224702963833, 0.059095021062081345, 0.06694444444444446, 0.06930555555555554, 0.07099206349206347, 0.07166649541168878, 0.07166622633514286, 0.07166204663556254, 0.07166297285385782, 0.0716616186930711, 0.07165799702798702, 0.07165926991889505, 0.07166654409862928, 0.07115876790374552, 0.07129378337289581, 0.07141130568626486, 0.07152754582323897, 0.07134585417640794, 0.07145016628433318, 0.07155342044958735, 0.07113388895110842, 0.07166651545745592, 0.07143478047789523], "best_fitness_seen_values": [0.8, 0.81, 0.85, 0.85, 0.86, 0.86, 0.86, 0.86, 0.86, 0.86, 0.86, 0.87, 0.87, 0.87, 0.87, 0.87, 0.87, 0.88, 0.88, 0.88, 0.88, 0.88, 0.88, 0.88, 0.88, 0.88, 0.88, 0.88, 0.88, 0.88, 0.88, 0.88, 0.88, 0.88, 0.88, 0.88, 0.88, 0.88, 0.88, 0.88, 0.88, 0.88, 0.88, 0.88, 0.88, 0.89, 0.89, 0.89, 0.89, 0.89, 0.89, 0.89, 0.89, 0.89, 0.91, 0.91, 0.91, 0.91, 0.91, 0.91, 0.91, 0.91, 0.91, 0.91, 0.91, 0.91, 0.91, 0.91, 0.91, 0.91, 0.91, 0.91, 0.91, 0.91, 0.91, 0.91, 0.91, 0.91, 0.91, 0.91, 0.91, 0.91, 0.91, 0.91, 0.91], "time_execution": 4233.410728000003}