{"generation_number_values": [1, 2, 3, 4, 5, 6, 7, 8, 9, 10, 11, 12, 13, 14, 15, 16, 17, 18, 19, 20, 21, 22, 23, 24, 25, 26, 27, 28, 29, 30, 31, 32, 33, 34, 35, 36, 37, 38], "population_size_values": [26, 26, 26, 26, 26, 26, 26, 26, 26, 26, 26, 26, 26, 26, 26, 26, 26, 26, 26, 26, 26, 26, 26, 26, 26, 26, 26, 26, 26, 26, 26, 26, 26, 26, 26, 26, 26, 26], "generation_fitness_values": [0.8, 0.8, 0.83, 0.83, 0.85, 0.85, 0.85, 0.87, 0.87, 0.87, 0.87, 0.87, 0.85, 0.85, 0.85, 0.85, 0.79, 0.84, 0.82, 0.86, 0.86, 0.86, 0.84, 0.84, 0.8, 0.84, 0.84, 0.86, 0.86, 0.86, 0.84, 0.84, 0.8, 0.8, 0.82, 0.86, 0.86, 0.84], "crossover_rate_values": [0, 0, 0, 0, 0, 0, 0, 0, 0, 0, 0, 0, 0, 0, 0, 0, 0, 0, 0, 0, 0, 0, 0, 0, 0, 0, 0, 0, 0, 0, 0, 0, 0, 0, 0, 0, 0, 0], "mutation_rate_values": [0.009453149001536099, 0.008888888888888889, 0.008888888888888889, 0.009016548463356974, 0.009016548463356974, 0.008888888888888889, 0.008888888888888889, 0.008888888888888889, 0.00877002583979328, 0.00877002583979328, 0.00877002583979328, 0.008888888888888889, 0.012091503267973857, 0.013595169343680437, 0.015000000000000005, 0.050113867535552366, 0.059095021062081345, 0.06694444444444446, 0.06930555555555554, 0.07099206349206347, 0.07164991662263208, 0.07166374790074882, 0.07131344377666896, 0.07070223480870905, 0.07107106433540425, 0.07062320992469898, 0.07109566541555837, 0.07105445608043771, 0.07104246113694249, 0.07149160191336192, 0.07125138998406176, 0.07143229824721488, 0.0713515596186485, 0.07152791128818815, 0.0714581360814487, 0.07150357837497343, 0.07165248954508638, 0.07134732825471604], "best_fitness_seen_values": [0.8, 0.8, 0.83, 0.83, 0.85, 0.85, 0.85, 0.87, 0.87, 0.87, 0.87, 0.87, 0.87, 0.87, 0.87, 0.87, 0.87, 0.87, 0.87, 0.87, 0.87, 0.87, 0.87, 0.87, 0.87, 0.87, 0.87, 0.87, 0.87, 0.87, 0.87, 0.87, 0.87, 0.87, 0.87, 0.87, 0.87, 0.87], "time_execution": 2041.6688300000096}