{"generation_number_values": [1, 2, 3, 4, 5, 6, 7, 8, 9, 10, 11, 12, 13, 14, 15, 16, 17, 18, 19, 20, 21, 22, 23, 24, 25, 26, 27, 28, 29, 30, 31], "population_size_values": [50, 50, 50, 50, 50, 50, 50, 50, 50, 50, 50, 50, 50, 50, 50, 50, 50, 50, 50, 50, 50, 50, 50, 50, 50, 50, 50, 50, 50, 50, 50], "generation_fitness_values": [0.8, 0.75, 0.74, 0.65, 0.7, 0.72, 0.7, 0.74, 0.72, 0.79, 0.77, 0.79, 0.8, 0.75, 0.75, 0.7, 0.75, 0.79, 0.7, 0.72, 0.68, 0.7, 0.74, 0.72, 0.75, 0.7, 0.67, 0.75, 0.7, 0.72, 0.7], "crossover_rate_values": [0, 0, 0, 0, 0, 0, 0, 0, 0, 0, 0, 0, 0, 0, 0, 0, 0, 0, 0, 0, 0, 0, 0, 0, 0, 0, 0, 0, 0, 0, 0], "mutation_rate_values": [0.008888888888888889, 0.008888888888888889, 0.008888888888888889, 0.012091503267973862, 0.01368055555555555, 0.015000000000000008, 0.04931224702963833, 0.05909502106208133, 0.06694444444444446, 0.06930555555555552, 0.0709920634920635, 0.07142594436608812, 0.07159094323060454, 0.07154149285312907, 0.07159712973094362, 0.07162999569806437, 0.07153196332225688, 0.07139232452769223, 0.07141398529976904, 0.07163905911279561, 0.0716213151927438, 0.07122331688383919, 0.07162143294414978, 0.0715950609913878, 0.07165094098474033, 0.07148654531329762, 0.07164517782426327, 0.07095256203775958, 0.07142615193320762, 0.0716363571239327, 0.07163569155503152], "best_fitness_seen_values": [0.8, 0.8, 0.8, 0.8, 0.8, 0.8, 0.8, 0.8, 0.8, 0.8, 0.8, 0.8, 0.8, 0.8, 0.8, 0.8, 0.8, 0.8, 0.8, 0.8, 0.8, 0.8, 0.8, 0.8, 0.8, 0.8, 0.8, 0.8, 0.8, 0.8, 0.8], "time_execution": 1679.0439590000024}