{"generation_number_values": [1, 2, 3, 4, 5, 6, 7, 8, 9, 10, 11, 12, 13, 14, 15, 16, 17, 18, 19, 20, 21, 22, 23, 24, 25, 26, 27, 28, 29, 30, 31], "population_size_values": [50, 50, 50, 50, 50, 50, 50, 50, 50, 50, 50, 50, 50, 50, 50, 50, 50, 50, 50, 50, 50, 50, 50, 50, 50, 50, 50, 50, 50, 50, 50], "generation_fitness_values": [0.8, 0.75, 0.75, 0.67, 0.62, 0.7, 0.68, 0.75, 0.77, 0.74, 0.75, 0.75, 0.8, 0.75, 0.77, 0.72, 0.68, 0.77, 0.77, 0.74, 0.68, 0.7, 0.74, 0.75, 0.74, 0.77, 0.77, 0.72, 0.72, 0.75, 0.8], "crossover_rate_values": [0, 0, 0, 0, 0, 0, 0, 0, 0, 0, 0, 0, 0, 0, 0, 0, 0, 0, 0, 0, 0, 0, 0, 0, 0, 0, 0, 0, 0, 0, 0], "mutation_rate_values": [0.008888888888888889, 0.008888888888888889, 0.008888888888888889, 0.012091503267973862, 0.01368055555555555, 0.013994219653179192, 0.04931224702963833, 0.058772752760524495, 0.06694444444444446, 0.06930555555555552, 0.0709920634920635, 0.07154338954641369, 0.07156957335745111, 0.07147273918961665, 0.07124817027556622, 0.0711877463324681, 0.07158062064138732, 0.07123323786790842, 0.07111184638554403, 0.07123035038747455, 0.07149364150133496, 0.07121758037597316, 0.07159787049021825, 0.07090561307301903, 0.07088999017187664, 0.07151846795146306, 0.07157265332000122, 0.07164699438250975, 0.07157721863609275, 0.07158932599180369, 0.0716327465190117], "best_fitness_seen_values": [0.8, 0.8, 0.8, 0.8, 0.8, 0.8, 0.8, 0.8, 0.8, 0.8, 0.8, 0.8, 0.8, 0.8, 0.8, 0.8, 0.8, 0.8, 0.8, 0.8, 0.8, 0.8, 0.8, 0.8, 0.8, 0.8, 0.8, 0.8, 0.8, 0.8, 0.8], "time_execution": 1778.6569489999965}