{"generation_number_values": [1, 2, 3, 4, 5, 6, 7, 8, 9, 10, 11, 12, 13, 14, 15, 16, 17, 18, 19, 20, 21, 22, 23, 24, 25, 26, 27, 28, 29, 30, 31, 32, 33, 34, 35, 36, 37, 38, 39, 40, 41, 42, 43, 44, 45, 46, 47, 48], "population_size_values": [26, 26, 26, 26, 26, 26, 26, 26, 26, 26, 26, 26, 26, 26, 26, 26, 26, 26, 26, 26, 26, 26, 26, 26, 26, 26, 26, 26, 26, 26, 26, 26, 26, 26, 26, 26, 26, 26, 26, 26, 26, 26, 26, 26, 26, 26, 26, 26], "generation_fitness_values": [0.8, 0.83, 0.84, 0.86, 0.86, 0.88, 0.89, 0.88, 0.88, 0.88, 0.88, 0.88, 0.91, 0.91, 0.91, 0.91, 0.93, 0.95, 0.93, 0.95, 0.95, 0.93, 0.93, 0.91, 0.91, 0.91, 0.91, 0.91, 0.91, 0.91, 0.86, 0.86, 0.86, 0.86, 0.86, 0.86, 0.86, 0.86, 0.86, 0.84, 0.84, 0.84, 0.84, 0.84, 0.84, 0.84, 0.84, 0.84], "crossover_rate_values": [0, 0, 0, 0, 0, 0, 0, 0, 0, 0, 0, 0, 0, 0, 0, 0, 0, 0, 0, 0, 0, 0, 0, 0, 0, 0, 0, 0, 0, 0, 0, 0, 0, 0, 0, 0, 0, 0, 0, 0, 0, 0, 0, 0, 0, 0, 0, 0], "mutation_rate_values": [0.4324634704022715, 0.3369438015519378, 0.4347413419029204, 0.4173786588729562, 0.3467049126596352, 0.46869388991019634, 0.42123035582539814, 0.40871804431491293, 0.32844717007914437, 0.32080418066999417, 0.37462539416282414, 0.44833119817180445, 0.4188525056768925, 0.43783086513767583, 0.40184694591306813, 0.33186902997801104, 0.4088273380222653, 0.4533621161334097, 0.39668853488723194, 0.4025667259193345, 0.34617592852488627, 0.40321552228993907, 0.5239069889931717, 0.3406557592291354, 0.36268889725070547, 0.38901425764457875, 0.3604647749126712, 0.29613448669750164, 0.31546992433609383, 0.3504749937774542, 0.3569838248428566, 0.33502443097997714, 0.25854098972917605, 0.26924100206577956, 0.3105829839783659, 0.3233199342702489, 0.2994477120202615, 0.4281638200660428, 0.3249114722538315, 0.3556438492233529, 0.39347987299606163, 0.3307389007158943, 0.37887177204151773, 0.30333108858414015, 0.3301603186218705, 0.30756407202236613, 0.2901256261464577, 0.37323078892715483], "best_fitness_seen_values": [0.8, 0.83, 0.84, 0.86, 0.86, 0.88, 0.89, 0.89, 0.89, 0.89, 0.89, 0.89, 0.91, 0.91, 0.91, 0.91, 0.93, 0.95, 0.95, 0.95, 0.95, 0.95, 0.95, 0.95, 0.95, 0.95, 0.95, 0.95, 0.95, 0.95, 0.95, 0.95, 0.95, 0.95, 0.95, 0.95, 0.95, 0.95, 0.95, 0.95, 0.95, 0.95, 0.95, 0.95, 0.95, 0.95, 0.95, 0.95], "time_execution": 1532.2556489999988}