{"generation_number_values": [1, 2, 3, 4, 5, 6, 7, 8, 9, 10, 11, 12, 13, 14, 15, 16, 17, 18, 19, 20, 21, 22, 23, 24, 25, 26, 27, 28, 29, 30, 31], "population_size_values": [50, 50, 50, 50, 50, 50, 50, 50, 50, 50, 50, 50, 50, 50, 50, 50, 50, 50, 50, 50, 50, 50, 50, 50, 50, 50, 50, 50, 50, 50, 50], "generation_fitness_values": [0.82, 0.75, 0.67, 0.67, 0.53, 0.61, 0.59, 0.7, 0.75, 0.74, 0.77, 0.74, 0.72, 0.74, 0.75, 0.72, 0.75, 0.74, 0.77, 0.75, 0.75, 0.74, 0.75, 0.7, 0.7, 0.74, 0.74, 0.79, 0.75, 0.72, 0.67], "crossover_rate_values": [0, 0, 0, 0, 0, 0, 0, 0, 0, 0, 0, 0, 0, 0, 0, 0, 0, 0, 0, 0, 0, 0, 0, 0, 0, 0, 0, 0, 0, 0, 0], "mutation_rate_values": [0.008888888888888889, 0.009083333333333332, 0.008888888888888889, 0.012091503267973862, 0.01368055555555555, 0.011529810088900994, 0.048327843108380425, 0.05737140531146896, 0.06694444444444446, 0.06930555555555552, 0.0709920634920635, 0.07128187488689436, 0.07110961574341478, 0.07125389962344036, 0.0713112737989729, 0.07135132186346492, 0.07157866742945561, 0.07150619980514471, 0.07157568848007112, 0.07147940750837602, 0.07158727585965247, 0.07157904512435648, 0.07160557092518667, 0.07165189467196713, 0.07157058437766624, 0.07158177142367667, 0.07163564220407798, 0.07162217381948756, 0.07154939877077832, 0.07155447423066928, 0.0716212825814806], "best_fitness_seen_values": [0.82, 0.82, 0.82, 0.82, 0.82, 0.82, 0.82, 0.82, 0.82, 0.82, 0.82, 0.82, 0.82, 0.82, 0.82, 0.82, 0.82, 0.82, 0.82, 0.82, 0.82, 0.82, 0.82, 0.82, 0.82, 0.82, 0.82, 0.82, 0.82, 0.82, 0.82], "time_execution": 1765.895550000001}