{"generation_number_values": [1, 2, 3, 4, 5, 6, 7, 8, 9, 10, 11, 12, 13, 14, 15, 16, 17, 18, 19, 20, 21, 22, 23, 24, 25, 26, 27, 28, 29, 30, 31], "population_size_values": [50, 50, 50, 50, 50, 50, 50, 50, 50, 50, 50, 50, 50, 50, 50, 50, 50, 50, 50, 50, 50, 50, 50, 50, 50, 50, 50, 50, 50, 50, 50], "generation_fitness_values": [0.8, 0.79, 0.67, 0.62, 0.75, 0.72, 0.75, 0.7, 0.72, 0.74, 0.74, 0.72, 0.74, 0.75, 0.68, 0.7, 0.75, 0.75, 0.68, 0.72, 0.74, 0.68, 0.79, 0.75, 0.77, 0.7, 0.79, 0.68, 0.77, 0.75, 0.61], "crossover_rate_values": [0, 0, 0, 0, 0, 0, 0, 0, 0, 0, 0, 0, 0, 0, 0, 0, 0, 0, 0, 0, 0, 0, 0, 0, 0, 0, 0, 0, 0, 0, 0], "mutation_rate_values": [0.41789939647008545, 0.39595690245241455, 0.3648144736320286, 0.4115805389030253, 0.49710124281522267, 0.45548417865496127, 0.389549738624536, 0.37881608336611383, 0.36240173155303457, 0.33669704060181, 0.35544330388263284, 0.39945417193535177, 0.36774426447364605, 0.3820585492116539, 0.36811341690416916, 0.39138467526923365, 0.37494316838323255, 0.37461108653781705, 0.35167321737505025, 0.3892161337800604, 0.4141888525493323, 0.352694253061416, 0.3457729584025512, 0.3621910093561603, 0.34397638612865256, 0.2760697674533893, 0.46438126051108164, 0.4238727280429484, 0.46692370124306604, 0.39863667873256503, 0.39078311247408615], "best_fitness_seen_values": [0.8, 0.8, 0.8, 0.8, 0.8, 0.8, 0.8, 0.8, 0.8, 0.8, 0.8, 0.8, 0.8, 0.8, 0.8, 0.8, 0.8, 0.8, 0.8, 0.8, 0.8, 0.8, 0.8, 0.8, 0.8, 0.8, 0.8, 0.8, 0.8, 0.8, 0.8], "time_execution": 851.3105739999883}