{"generation_number_values": [1, 2, 3, 4, 5, 6, 7, 8, 9, 10, 11, 12, 13, 14, 15, 16, 17, 18, 19, 20, 21, 22, 23, 24, 25, 26, 27, 28, 29, 30, 31, 32, 33, 34, 35, 36, 37, 38, 39, 40, 41, 42, 43], "population_size_values": [50, 50, 50, 50, 50, 50, 50, 50, 50, 50, 50, 50, 50, 50, 50, 50, 50, 50, 50, 50, 50, 50, 50, 50, 50, 50, 50, 50, 50, 50, 50, 50, 50, 50, 50, 50, 50, 50, 50, 50, 50, 50, 50], "generation_fitness_values": [0.77, 0.77, 0.72, 0.63, 0.67, 0.75, 0.74, 0.75, 0.74, 0.68, 0.74, 0.65, 0.79, 0.68, 0.72, 0.72, 0.75, 0.79, 0.77, 0.75, 0.7, 0.7, 0.68, 0.72, 0.67, 0.75, 0.74, 0.53, 0.72, 0.75, 0.67, 0.72, 0.79, 0.77, 0.74, 0.74, 0.62, 0.74, 0.75, 0.67, 0.63, 0.74, 0.75], "crossover_rate_values": [0, 0, 0, 0, 0, 0, 0, 0, 0, 0, 0, 0, 0, 0, 0, 0, 0, 0, 0, 0, 0, 0, 0, 0, 0, 0, 0, 0, 0, 0, 0, 0, 0, 0, 0, 0, 0, 0, 0, 0, 0, 0, 0], "mutation_rate_values": [0.43711930979670177, 0.3871909424963328, 0.3601112495327263, 0.35811244682353205, 0.3891161172763459, 0.4130097770100173, 0.37564485909262607, 0.46306743075812645, 0.5027778120267142, 0.4789938698538736, 0.47699481086830325, 0.41691525756776976, 0.44017971793418265, 0.40708150184831504, 0.4201673376792916, 0.4599792956516113, 0.39952244748604726, 0.4325724709144727, 0.44023019418211634, 0.3988780807983055, 0.4671870745453126, 0.4587847012809004, 0.4100011732152366, 0.4197180792168341, 0.4345796973532463, 0.4222336048150155, 0.432429023735185, 0.3767459755537576, 0.4592286099845025, 0.4318528853664454, 0.4115932010717603, 0.439075483091543, 0.3900522112675936, 0.36902693067145975, 0.36929053077268637, 0.40007614670926456, 0.3847132968554867, 0.431888299414061, 0.4868975342877395, 0.407839850398437, 0.3967536597588223, 0.3722790592325571, 0.394129296629379], "best_fitness_seen_values": [0.77, 0.77, 0.77, 0.77, 0.77, 0.77, 0.77, 0.77, 0.77, 0.77, 0.77, 0.77, 0.79, 0.79, 0.79, 0.79, 0.79, 0.79, 0.79, 0.79, 0.79, 0.79, 0.79, 0.79, 0.79, 0.79, 0.79, 0.79, 0.79, 0.79, 0.79, 0.79, 0.79, 0.79, 0.79, 0.79, 0.79, 0.79, 0.79, 0.79, 0.79, 0.79, 0.79], "time_execution": 1244.2354559999949}