{"generation_number_values": [1, 2, 3, 4, 5, 6, 7, 8, 9, 10, 11, 12, 13, 14, 15, 16, 17, 18, 19, 20, 21, 22, 23, 24, 25, 26, 27, 28, 29, 30, 31, 32, 33, 34, 35, 36, 37, 38, 39, 40, 41, 42, 43, 44, 45, 46, 47, 48, 49, 50, 51, 52, 53, 54, 55, 56, 57, 58, 59, 60, 61, 62, 63, 64], "population_size_values": [26, 26, 26, 26, 26, 26, 26, 26, 26, 26, 26, 26, 26, 26, 26, 26, 26, 26, 26, 26, 26, 26, 26, 26, 26, 26, 26, 26, 26, 26, 26, 26, 26, 26, 26, 26, 26, 26, 26, 26, 26, 26, 26, 26, 26, 26, 26, 26, 26, 26, 26, 26, 26, 26, 26, 26, 26, 26, 26, 26, 26, 26, 26, 26], "generation_fitness_values": [0.81, 0.8, 0.82, 0.82, 0.82, 0.82, 0.84, 0.84, 0.86, 0.84, 0.84, 0.86, 0.86, 0.86, 0.86, 0.86, 0.89, 0.91, 0.91, 0.93, 0.93, 0.93, 0.93, 0.93, 0.93, 0.93, 0.93, 0.93, 0.93, 0.93, 0.93, 0.93, 0.95, 0.96, 0.96, 0.96, 0.91, 0.91, 0.91, 0.91, 0.91, 0.91, 0.93, 0.93, 0.93, 0.96, 0.95, 0.95, 0.95, 0.95, 0.95, 0.95, 0.93, 0.91, 0.89, 0.89, 0.89, 0.95, 0.95, 0.95, 0.95, 0.91, 0.91, 0.91], "crossover_rate_values": [0, 0, 0, 0, 0, 0, 0, 0, 0, 0, 0, 0, 0, 0, 0, 0, 0, 0, 0, 0, 0, 0, 0, 0, 0, 0, 0, 0, 0, 0, 0, 0, 0, 0, 0, 0, 0, 0, 0, 0, 0, 0, 0, 0, 0, 0, 0, 0, 0, 0, 0, 0, 0, 0, 0, 0, 0, 0, 0, 0, 0, 0, 0, 0], "mutation_rate_values": [0.36933184725090695, 0.3086359790865, 0.2363413713938775, 0.3076846768976264, 0.3608539818987372, 0.4522020548138185, 0.36214266392964145, 0.34811816026344355, 0.3475761398910351, 0.32535324322264736, 0.27278310533875727, 0.31014643454010876, 0.4487446799964375, 0.41667072861873045, 0.3868869478620767, 0.2865943228268716, 0.4676872054916294, 0.4463228542035748, 0.42713057784431674, 0.3958921388260457, 0.475449604129376, 0.4185606786864271, 0.3426160159442511, 0.3130006544324537, 0.29708244420665475, 0.2751693643309444, 0.33170977774712296, 0.29223869952875814, 0.3178360503393765, 0.311152388670435, 0.2574834826637121, 0.22324253266522, 0.35803327245726246, 0.350132604649863, 0.393568594709091, 0.3763686133531771, 0.33484133517732756, 0.39370012367419516, 0.43458631173629925, 0.40192545968206894, 0.34421866940910195, 0.35992663797061614, 0.37152411257906287, 0.3861162411327545, 0.41533147822018524, 0.3733593715186334, 0.4697560030760516, 0.3847058838900112, 0.4463051266787889, 0.413683119362737, 0.36078389782946074, 0.3839520235970744, 0.37965624911895984, 0.3657797545549766, 0.3998210371442526, 0.42447783937370404, 0.387827152297373, 0.28307433129727805, 0.40077072722235785, 0.3177533817328303, 0.4332792670280096, 0.33578943859602833, 0.28749294741833603, 0.28784295042478575], "best_fitness_seen_values": [0.81, 0.81, 0.82, 0.82, 0.82, 0.82, 0.84, 0.84, 0.86, 0.86, 0.86, 0.86, 0.86, 0.86, 0.86, 0.86, 0.89, 0.91, 0.91, 0.93, 0.93, 0.93, 0.93, 0.93, 0.93, 0.93, 0.93, 0.93, 0.93, 0.93, 0.93, 0.93, 0.95, 0.96, 0.96, 0.96, 0.96, 0.96, 0.96, 0.96, 0.96, 0.96, 0.96, 0.96, 0.96, 0.96, 0.96, 0.96, 0.96, 0.96, 0.96, 0.96, 0.96, 0.96, 0.96, 0.96, 0.96, 0.96, 0.96, 0.96, 0.96, 0.96, 0.96, 0.96], "time_execution": 2302.264492000002}