{"generation_number_values": [1, 2, 3, 4, 5, 6, 7, 8, 9, 10, 11, 12, 13, 14, 15, 16, 17, 18, 19, 20, 21, 22, 23, 24, 25, 26, 27, 28, 29, 30, 31], "population_size_values": [26, 26, 26, 26, 26, 26, 26, 26, 26, 26, 26, 26, 26, 26, 26, 26, 26, 26, 26, 26, 26, 26, 26, 26, 26, 26, 26, 26, 26, 26, 26], "generation_fitness_values": [0.79, 0.73, 0.68, 0.55, 0.48, 0.48, 0.5, 0.41, 0.7, 0.75, 0.69, 0.7, 0.74, 0.55, 0.5, 0.5, 0.73, 0.58, 0.55, 0.71, 0.55, 0.79, 0.62, 0.57, 0.79, 0.55, 0.65, 0.79, 0.68, 0.56, 0.54], "crossover_rate_values": [0, 0, 0, 0, 0, 0, 0, 0, 0, 0, 0, 0, 0, 0, 0, 0, 0, 0, 0, 0, 0, 0, 0, 0, 0, 0, 0, 0, 0, 0, 0], "mutation_rate_values": [0.008798850574712646, 0.008798850574712646, 0.008798850574712646, 0.008798850574712646, 0.008888888888888889, 0.012091503267973857, 0.013577076457645767, 0.015000000000000005, 0.050271380541340956, 0.059095021062081345, 0.06694444444444446, 0.06930555555555554, 0.07099206349206347, 0.07159114122729583, 0.07164056383872189, 0.0716648533390528, 0.07166304467465555, 0.07154217950801776, 0.07164790952985277, 0.07162771714690498, 0.07146740662225994, 0.07159989361001727, 0.07126438386169799, 0.07164906495280542, 0.0716422584941452, 0.07154550877868436, 0.07157657844990549, 0.07141463654135238, 0.07158003272548108, 0.07165099729941247, 0.0716644281221913], "best_fitness_seen_values": [0.79, 0.79, 0.79, 0.79, 0.79, 0.79, 0.79, 0.79, 0.79, 0.79, 0.79, 0.79, 0.79, 0.79, 0.79, 0.79, 0.79, 0.79, 0.79, 0.79, 0.79, 0.79, 0.79, 0.79, 0.79, 0.79, 0.79, 0.79, 0.79, 0.79, 0.79], "time_execution": 1422.2870260000018}