{"generation_number_values": [1, 2, 3, 4, 5, 6, 7, 8, 9, 10, 11, 12, 13, 14, 15, 16, 17, 18, 19, 20, 21, 22, 23, 24, 25, 26, 27, 28, 29, 30, 31], "population_size_values": [50, 50, 50, 50, 50, 50, 50, 50, 50, 50, 50, 50, 50, 50, 50, 50, 50, 50, 50, 50, 50, 50, 50, 50, 50, 50, 50, 50, 50, 50, 50], "generation_fitness_values": [0.79, 0.75, 0.72, 0.75, 0.74, 0.72, 0.7, 0.68, 0.72, 0.77, 0.72, 0.77, 0.77, 0.7, 0.7, 0.75, 0.68, 0.75, 0.74, 0.72, 0.77, 0.75, 0.7, 0.72, 0.67, 0.75, 0.7, 0.68, 0.7, 0.74, 0.7], "crossover_rate_values": [0, 0, 0, 0, 0, 0, 0, 0, 0, 0, 0, 0, 0, 0, 0, 0, 0, 0, 0, 0, 0, 0, 0, 0, 0, 0, 0, 0, 0, 0, 0], "mutation_rate_values": [0.009083333333333332, 0.008798850574712642, 0.008888888888888889, 0.012091503267973862, 0.01368055555555555, 0.015000000000000008, 0.04931224702963833, 0.05909502106208133, 0.066445093826002, 0.06930555555555552, 0.0709920634920635, 0.07143330301636895, 0.07142766082412688, 0.07144192218622993, 0.07157916983844621, 0.07155463370369723, 0.07152503212594798, 0.07115001063969319, 0.07155036017148579, 0.07162542960693542, 0.07162745521452775, 0.07157077497622089, 0.07158100538411682, 0.07161823654787769, 0.07162795187775937, 0.07097288692924808, 0.07153600083568624, 0.0715599333935064, 0.07119585048168696, 0.07156935073282034, 0.0715941410627088], "best_fitness_seen_values": [0.79, 0.79, 0.79, 0.79, 0.79, 0.79, 0.79, 0.79, 0.79, 0.79, 0.79, 0.79, 0.79, 0.79, 0.79, 0.79, 0.79, 0.79, 0.79, 0.79, 0.79, 0.79, 0.79, 0.79, 0.79, 0.79, 0.79, 0.79, 0.79, 0.79, 0.79], "time_execution": 1730.3004520000104}