{"generation_number_values": [1, 2, 3, 4, 5, 6, 7, 8, 9, 10, 11, 12, 13, 14, 15, 16, 17, 18, 19, 20, 21, 22, 23, 24, 25, 26, 27, 28, 29, 30, 31, 32, 33, 34, 35, 36, 37, 38, 39, 40, 41, 42, 43, 44, 45, 46, 47, 48, 49], "population_size_values": [26, 26, 26, 26, 26, 26, 26, 26, 26, 26, 26, 26, 26, 26, 26, 26, 26, 26, 26, 26, 26, 26, 26, 26, 26, 26, 26, 26, 26, 26, 26, 26, 26, 26, 26, 26, 26, 26, 26, 26, 26, 26, 26, 26, 26, 26, 26, 26, 26], "generation_fitness_values": [0.87, 0.87, 0.82, 0.84, 0.88, 0.83, 0.84, 0.86, 0.86, 0.85, 0.87, 0.87, 0.87, 0.86, 0.86, 0.91, 0.91, 0.93, 0.96, 0.95, 0.96, 0.96, 0.96, 0.96, 0.96, 0.95, 0.95, 0.95, 0.93, 0.91, 0.91, 0.91, 0.91, 0.91, 0.93, 0.93, 0.93, 0.95, 0.95, 0.95, 0.95, 0.95, 0.93, 0.93, 0.91, 0.93, 0.93, 0.93, 0.93], "crossover_rate_values": [0, 0, 0, 0, 0, 0, 0, 0, 0, 0, 0, 0, 0, 0, 0, 0, 0, 0, 0, 0, 0, 0, 0, 0, 0, 0, 0, 0, 0, 0, 0, 0, 0, 0, 0, 0, 0, 0, 0, 0, 0, 0, 0, 0, 0, 0, 0, 0, 0], "mutation_rate_values": [1.0, 0.9900000000000001, 0.9800000000000003, 0.9700000000000001, 0.9600000000000003, 0.9499999999999998, 0.9399999999999996, 0.9299999999999998, 0.92, 0.91, 0.9000000000000002, 0.8900000000000001, 0.8800000000000002, 0.8699999999999998, 0.86, 0.8499999999999998, 0.84, 0.83, 0.8200000000000002, 0.8100000000000004, 0.8, 0.7899999999999999, 0.78, 0.7699999999999998, 0.7599999999999999, 0.75, 0.7400000000000001, 0.7300000000000002, 0.72, 0.7100000000000001, 0.7, 0.6899999999999997, 0.6799999999999998, 0.6699999999999999, 0.66, 0.6500000000000001, 0.6399999999999999, 0.63, 0.62, 0.6100000000000001, 0.5999999999999999, 0.59, 0.5800000000000001, 0.5700000000000002, 0.5600000000000003, 0.5499999999999999, 0.54, 0.5300000000000001, 0.5199999999999998], "best_fitness_seen_values": [0.87, 0.87, 0.87, 0.87, 0.88, 0.88, 0.88, 0.88, 0.88, 0.88, 0.88, 0.88, 0.88, 0.88, 0.88, 0.91, 0.91, 0.93, 0.96, 0.96, 0.96, 0.96, 0.96, 0.96, 0.96, 0.96, 0.96, 0.96, 0.96, 0.96, 0.96, 0.96, 0.96, 0.96, 0.96, 0.96, 0.96, 0.96, 0.96, 0.96, 0.96, 0.96, 0.96, 0.96, 0.96, 0.96, 0.96, 0.96, 0.96], "time_execution": 2584.7650609999982}