{"generation_number_values": [1, 2, 3, 4, 5, 6, 7, 8, 9, 10, 11, 12, 13, 14, 15, 16, 17, 18, 19, 20, 21, 22, 23, 24, 25, 26, 27, 28, 29, 30, 31, 32, 33, 34, 35, 36, 37, 38, 39, 40, 41, 42, 43, 44, 45, 46, 47, 48, 49, 50, 51, 52, 53, 54, 55, 56, 57, 58, 59, 60, 61, 62], "population_size_values": [26, 26, 26, 26, 26, 26, 26, 26, 26, 26, 26, 26, 26, 26, 26, 26, 26, 26, 26, 26, 26, 26, 26, 26, 26, 26, 26, 26, 26, 26, 26, 26, 26, 26, 26, 26, 26, 26, 26, 26, 26, 26, 26, 26, 26, 26, 26, 26, 26, 26, 26, 26, 26, 26, 26, 26, 26, 26, 26, 26, 26, 26], "generation_fitness_values": [0.84, 0.86, 0.85, 0.84, 0.84, 0.84, 0.84, 0.84, 0.84, 0.84, 0.79, 0.86, 0.8, 0.8, 0.82, 0.8, 0.8, 0.83, 0.89, 0.91, 0.93, 0.93, 0.91, 0.95, 0.95, 0.95, 0.95, 0.95, 0.95, 0.95, 0.95, 0.96, 0.96, 0.96, 0.96, 0.96, 0.96, 0.96, 0.96, 0.96, 0.96, 0.96, 0.96, 0.95, 0.91, 0.91, 0.91, 0.91, 0.93, 0.93, 0.93, 0.93, 0.93, 0.91, 0.91, 0.91, 0.9, 0.9, 0.9, 0.88, 0.88, 0.88], "crossover_rate_values": [0, 0, 0, 0, 0, 0, 0, 0, 0, 0, 0, 0, 0, 0, 0, 0, 0, 0, 0, 0, 0, 0, 0, 0, 0, 0, 0, 0, 0, 0, 0, 0, 0, 0, 0, 0, 0, 0, 0, 0, 0, 0, 0, 0, 0, 0, 0, 0, 0, 0, 0, 0, 0, 0, 0, 0, 0, 0, 0, 0, 0, 0], "mutation_rate_values": [0.4371993320343518, 0.36605436156518095, 0.3413636570016587, 0.37886217458987487, 0.3821590818714577, 0.3970760296017607, 0.26790834880722114, 0.2590618754825019, 0.4595462923590502, 0.3949500554817473, 0.3773839569101502, 0.4123785747905396, 0.3462434358610622, 0.4514715398587187, 0.39583206399196275, 0.3572882250467234, 0.40107784575480004, 0.2902461096312071, 0.3623716745002463, 0.3822995814320767, 0.35241795885171245, 0.3756199879167338, 0.3423341686780095, 0.38032795661045604, 0.35089539494937255, 0.24076432970146744, 0.2686098610933833, 0.31970755018979635, 0.33946337651600705, 0.34353657555435463, 0.2655150159023932, 0.3838937994493641, 0.5389059600390804, 0.5109236697468258, 0.41167927946131017, 0.42121138582607465, 0.36109650703104335, 0.4754771684360059, 0.437370916213897, 0.35004721871136735, 0.3519004283758896, 0.3814549308787839, 0.36696483384599815, 0.35884556461767547, 0.36228827608527175, 0.4292437889141251, 0.31527892748129377, 0.29005483745509125, 0.31575105207846266, 0.3977949787752203, 0.3743267625644713, 0.43773234345843876, 0.3668850816987096, 0.3446465703705004, 0.3727236550568031, 0.34281059848580697, 0.41390092075264645, 0.5104519396326178, 0.4675405603446177, 0.453599435274375, 0.3894178433682229, 0.4161914208592648], "best_fitness_seen_values": [0.84, 0.86, 0.86, 0.86, 0.86, 0.86, 0.86, 0.86, 0.86, 0.86, 0.86, 0.86, 0.86, 0.86, 0.86, 0.86, 0.86, 0.86, 0.89, 0.91, 0.93, 0.93, 0.93, 0.95, 0.95, 0.95, 0.95, 0.95, 0.95, 0.95, 0.95, 0.96, 0.96, 0.96, 0.96, 0.96, 0.96, 0.96, 0.96, 0.96, 0.96, 0.96, 0.96, 0.96, 0.96, 0.96, 0.96, 0.96, 0.96, 0.96, 0.96, 0.96, 0.96, 0.96, 0.96, 0.96, 0.96, 0.96, 0.96, 0.96, 0.96, 0.96], "time_execution": 2238.050208999979}