{"generation_number_values": [1, 2, 3, 4, 5, 6, 7, 8, 9, 10, 11, 12, 13, 14, 15, 16, 17, 18, 19, 20, 21, 22, 23, 24, 25, 26, 27, 28, 29, 30, 31, 32, 33, 34, 35, 36, 37, 38, 39, 40, 41, 42, 43, 44, 45, 46, 47, 48, 49, 50, 51, 52, 53, 54, 55, 56, 57, 58, 59, 60, 61, 62, 63, 64, 65, 66, 67, 68, 69, 70, 71, 72, 73, 74, 75, 76, 77, 78, 79, 80, 81, 82, 83, 84, 85, 86], "population_size_values": [26, 26, 26, 26, 26, 26, 26, 26, 26, 26, 26, 26, 26, 26, 26, 26, 26, 26, 26, 26, 26, 26, 26, 26, 26, 26, 26, 26, 26, 26, 26, 26, 26, 26, 26, 26, 26, 26, 26, 26, 26, 26, 26, 26, 26, 26, 26, 26, 26, 26, 26, 26, 26, 26, 26, 26, 26, 26, 26, 26, 26, 26, 26, 26, 26, 26, 26, 26, 26, 26, 26, 26, 26, 26, 26, 26, 26, 26, 26, 26, 26, 26, 26, 26, 26, 26], "generation_fitness_values": [0.8, 0.8, 0.82, 0.82, 0.84, 0.84, 0.84, 0.86, 0.86, 0.86, 0.86, 0.86, 0.86, 0.86, 0.86, 0.86, 0.86, 0.86, 0.82, 0.83, 0.82, 0.74, 0.77, 0.78, 0.78, 0.79, 0.79, 0.79, 0.8, 0.84, 0.86, 0.89, 0.89, 0.89, 0.89, 0.89, 0.91, 0.91, 0.91, 0.91, 0.91, 0.91, 0.91, 0.93, 0.91, 0.91, 0.91, 0.91, 0.91, 0.93, 0.91, 0.91, 0.91, 0.93, 0.91, 0.96, 0.89, 0.89, 0.93, 0.89, 0.89, 0.89, 0.89, 0.89, 0.93, 0.93, 0.93, 0.93, 0.93, 0.91, 0.96, 0.96, 0.96, 0.96, 0.95, 0.96, 0.95, 0.95, 0.95, 0.95, 0.95, 0.95, 0.95, 0.93, 0.93, 0.89], "crossover_rate_values": [0, 0, 0, 0, 0, 0, 0, 0, 0, 0, 0, 0, 0, 0, 0, 0, 0, 0, 0, 0, 0, 0, 0, 0, 0, 0, 0, 0, 0, 0, 0, 0, 0, 0, 0, 0, 0, 0, 0, 0, 0, 0, 0, 0, 0, 0, 0, 0, 0, 0, 0, 0, 0, 0, 0, 0, 0, 0, 0, 0, 0, 0, 0, 0, 0, 0, 0, 0, 0, 0, 0, 0, 0, 0, 0, 0, 0, 0, 0, 0, 0, 0, 0, 0, 0, 0], "mutation_rate_values": [0.009453149001536099, 0.008888888888888889, 0.008888888888888889, 0.009083333333333332, 0.009083333333333332, 0.008951690821256037, 0.008951690821256037, 0.008951690821256037, 0.008828282828282828, 0.008828282828282828, 0.008828282828282828, 0.008888888888888889, 0.012091503267973857, 0.013557668406661698, 0.015000000000000005, 0.050436157312559134, 0.059095021062081345, 0.06694444444444446, 0.06930555555555554, 0.07063563354884263, 0.07062912364337824, 0.07142226760728099, 0.07154832503320054, 0.07150216439281064, 0.07161177460415968, 0.07156222607523169, 0.07148322771098302, 0.0715098260941036, 0.07143774682786333, 0.07156325361560881, 0.07152571656590968, 0.07141640031333187, 0.00866124661246612, 0.00866124661246612, 0.00866124661246612, 0.008888888888888889, 0.012091503267973857, 0.008564102564102562, 0.008564102564102562, 0.008611111111111113, 0.008888888888888889, 0.012091503267973857, 0.013680555555555555, 0.014999999999999994, 0.008480480480480477, 0.008480480480480477, 0.008611111111111113, 0.008888888888888889, 0.012091503267973857, 0.013680555555555555, 0.015000000000000005, 0.04931224702963833, 0.059095021062081345, 0.06694444444444446, 0.06930555555555554, 0.07099206349206347, 0.008385620915032681, 0.008412698412698413, 0.008611111111111113, 0.008888888888888889, 0.012091503267973857, 0.013680555555555555, 0.015000000000000005, 0.04931224702963833, 0.059095021062081345, 0.06694444444444446, 0.06930555555555554, 0.07099206349206347, 0.07165797703533869, 0.07162843304708108, 0.0716449880441902, 0.0716561882589898, 0.07165465684192743, 0.07165939872818561, 0.07165986408489135, 0.07164653772279005, 0.07165108229978313, 0.07157578272743895, 0.07161271041128071, 0.07161370473037455, 0.07166480517062125, 0.07166378573497977, 0.07166607880626939, 0.0716633070085817, 0.07164769760702819, 0.07163121272799047], "best_fitness_seen_values": [0.8, 0.8, 0.82, 0.82, 0.84, 0.84, 0.84, 0.86, 0.86, 0.86, 0.86, 0.86, 0.86, 0.86, 0.86, 0.86, 0.86, 0.86, 0.86, 0.86, 0.86, 0.86, 0.86, 0.86, 0.86, 0.86, 0.86, 0.86, 0.86, 0.86, 0.86, 0.89, 0.89, 0.89, 0.89, 0.89, 0.91, 0.91, 0.91, 0.91, 0.91, 0.91, 0.91, 0.93, 0.93, 0.93, 0.93, 0.93, 0.93, 0.93, 0.93, 0.93, 0.93, 0.93, 0.93, 0.96, 0.96, 0.96, 0.96, 0.96, 0.96, 0.96, 0.96, 0.96, 0.96, 0.96, 0.96, 0.96, 0.96, 0.96, 0.96, 0.96, 0.96, 0.96, 0.96, 0.96, 0.96, 0.96, 0.96, 0.96, 0.96, 0.96, 0.96, 0.96, 0.96, 0.96], "time_execution": 4839.78796300001}