{"generation_number_values": [1, 2, 3, 4, 5, 6, 7, 8, 9, 10, 11, 12, 13, 14, 15, 16, 17, 18, 19, 20, 21, 22, 23, 24, 25, 26, 27, 28, 29, 30, 31, 32, 33, 34, 35, 36, 37], "population_size_values": [50, 50, 50, 50, 50, 50, 50, 50, 50, 50, 50, 50, 50, 50, 50, 50, 50, 50, 50, 50, 50, 50, 50, 50, 50, 50, 50, 50, 50, 50, 50, 50, 50, 50, 50, 50, 50], "generation_fitness_values": [0.75, 0.63, 0.57, 0.53, 0.53, 0.75, 0.8, 0.77, 0.8, 0.75, 0.75, 0.79, 0.75, 0.75, 0.8, 0.79, 0.8, 0.79, 0.79, 0.8, 0.77, 0.72, 0.75, 0.79, 0.7, 0.7, 0.67, 0.75, 0.7, 0.74, 0.75, 0.7, 0.77, 0.75, 0.75, 0.63, 0.72], "crossover_rate_values": [0, 0, 0, 0, 0, 0, 0, 0, 0, 0, 0, 0, 0, 0, 0, 0, 0, 0, 0, 0, 0, 0, 0, 0, 0, 0, 0, 0, 0, 0, 0, 0, 0, 0, 0, 0, 0], "mutation_rate_values": [0.008888888888888889, 0.008611111111111118, 0.008888888888888889, 0.012091503267973862, 0.011529810088900994, 0.011529810088900994, 0.04931224702963833, 0.05909502106208133, 0.06694444444444446, 0.06930555555555552, 0.0709920634920635, 0.0714958667736758, 0.07111297434772988, 0.0713502582398924, 0.0713415336003047, 0.0711216006881012, 0.0712051763789534, 0.0710784545184122, 0.0709406235765036, 0.07106779514676374, 0.07118042048362277, 0.07147431570260915, 0.07158342247891003, 0.0715582228474798, 0.07155334005851068, 0.07158559869324833, 0.07162190321576724, 0.07101117578401885, 0.07156715329169085, 0.07164120701417559, 0.07137103746519763, 0.07159819479552598, 0.07160547516849915, 0.07157882083366006, 0.07147805197008328, 0.07156288372072007, 0.07027519686714358], "best_fitness_seen_values": [0.75, 0.75, 0.75, 0.75, 0.75, 0.75, 0.8, 0.8, 0.8, 0.8, 0.8, 0.8, 0.8, 0.8, 0.8, 0.8, 0.8, 0.8, 0.8, 0.8, 0.8, 0.8, 0.8, 0.8, 0.8, 0.8, 0.8, 0.8, 0.8, 0.8, 0.8, 0.8, 0.8, 0.8, 0.8, 0.8, 0.8], "time_execution": 2064.545954999994}