{"generation_number_values": [1, 2, 3, 4, 5, 6, 7, 8, 9, 10, 11, 12, 13, 14, 15, 16, 17, 18, 19, 20, 21, 22, 23, 24, 25, 26, 27, 28, 29, 30, 31], "population_size_values": [50, 50, 50, 50, 50, 50, 50, 50, 50, 50, 50, 50, 50, 50, 50, 50, 50, 50, 50, 50, 50, 50, 50, 50, 50, 50, 50, 50, 50, 50, 50], "generation_fitness_values": [0.79, 0.79, 0.79, 0.74, 0.77, 0.53, 0.72, 0.7, 0.74, 0.77, 0.72, 0.75, 0.74, 0.75, 0.72, 0.74, 0.77, 0.72, 0.74, 0.77, 0.77, 0.7, 0.75, 0.75, 0.72, 0.7, 0.65, 0.77, 0.7, 0.79, 0.75], "crossover_rate_values": [0, 0, 0, 0, 0, 0, 0, 0, 0, 0, 0, 0, 0, 0, 0, 0, 0, 0, 0, 0, 0, 0, 0, 0, 0, 0, 0, 0, 0, 0, 0], "mutation_rate_values": [0.4122073427291159, 0.43292674289648203, 0.4174717860283259, 0.4741135340347619, 0.4195171547823597, 0.40751115400586757, 0.3691806077972016, 0.43427775834793614, 0.399953134595164, 0.40007936168342817, 0.48365796386821813, 0.34396801728742565, 0.44282530327838715, 0.49143656289764853, 0.42246100395944586, 0.504172673483698, 0.4690570371570424, 0.42149776802332006, 0.4199930557821741, 0.4787199019151707, 0.46021798489699867, 0.4241688582186576, 0.39690463319234554, 0.41361193884134984, 0.4064245879716115, 0.4796918002460554, 0.3736774353479301, 0.3955955231540517, 0.43243147150503836, 0.4568609714276456, 0.46339510111667787], "best_fitness_seen_values": [0.79, 0.79, 0.79, 0.79, 0.79, 0.79, 0.79, 0.79, 0.79, 0.79, 0.79, 0.79, 0.79, 0.79, 0.79, 0.79, 0.79, 0.79, 0.79, 0.79, 0.79, 0.79, 0.79, 0.79, 0.79, 0.79, 0.79, 0.79, 0.79, 0.79, 0.79], "time_execution": 902.2322120000026}