{"generation_number_values": [1, 2, 3, 4, 5, 6, 7, 8, 9, 10, 11, 12, 13, 14, 15, 16, 17, 18, 19, 20, 21, 22, 23, 24, 25, 26, 27, 28, 29, 30, 31, 32], "population_size_values": [26, 26, 26, 26, 26, 26, 26, 26, 26, 26, 26, 26, 26, 26, 26, 26, 26, 26, 26, 26, 26, 26, 26, 26, 26, 26, 26, 26, 26, 26, 26, 26], "generation_fitness_values": [0.76, 0.8, 0.57, 0.73, 0.52, 0.73, 0.71, 0.54, 0.77, 0.52, 0.54, 0.55, 0.54, 0.62, 0.71, 0.55, 0.55, 0.5, 0.55, 0.55, 0.54, 0.54, 0.54, 0.54, 0.54, 0.68, 0.56, 0.54, 0.54, 0.54, 0.54, 0.52], "crossover_rate_values": [0, 0, 0, 0, 0, 0, 0, 0, 0, 0, 0, 0, 0, 0, 0, 0, 0, 0, 0, 0, 0, 0, 0, 0, 0, 0, 0, 0, 0, 0, 0, 0], "mutation_rate_values": [0.439436442722827, 0.3498283554161183, 0.3330712217893438, 0.20475002031842698, 0.4187729004691463, 0.37688447226741884, 0.35473121698216786, 0.39493577120982865, 0.33958307099546686, 0.423205636696185, 0.510549248645262, 0.36284819044098604, 0.40462100307903887, 0.4037048416960153, 0.44600054928091437, 0.40917466331668934, 0.43900302328063623, 0.4022398785531876, 0.3918724866053317, 0.38606100698373963, 0.4055846843044958, 0.39472757691775445, 0.4486420927705511, 0.4395890986971936, 0.4317545242331008, 0.33276437112849444, 0.3105469676694416, 0.3468315183911008, 0.3381326499376317, 0.36562586379575995, 0.37583542032984396, 0.31792861654316673], "best_fitness_seen_values": [0.79, 0.8, 0.8, 0.8, 0.8, 0.8, 0.8, 0.8, 0.8, 0.8, 0.8, 0.8, 0.8, 0.8, 0.8, 0.8, 0.8, 0.8, 0.8, 0.8, 0.8, 0.8, 0.8, 0.8, 0.8, 0.8, 0.8, 0.8, 0.8, 0.8, 0.8, 0.8], "time_execution": 582.1458120000025}