{"generation_number_values": [1, 2, 3, 4, 5, 6, 7, 8, 9, 10, 11, 12, 13, 14, 15, 16, 17, 18, 19, 20, 21, 22, 23, 24, 25, 26, 27, 28, 29, 30, 31], "population_size_values": [26, 26, 26, 26, 26, 26, 26, 26, 26, 26, 26, 26, 26, 26, 26, 26, 26, 26, 26, 26, 26, 26, 26, 26, 26, 26, 26, 26, 26, 26, 26], "generation_fitness_values": [0.86, 0.73, 0.54, 0.57, 0.48, 0.45, 0.41, 0.73, 0.5, 0.62, 0.74, 0.6, 0.68, 0.55, 0.82, 0.75, 0.84, 0.86, 0.8, 0.73, 0.72, 0.75, 0.77, 0.77, 0.77, 0.75, 0.7, 0.63, 0.79, 0.59, 0.71], "crossover_rate_values": [0, 0, 0, 0, 0, 0, 0, 0, 0, 0, 0, 0, 0, 0, 0, 0, 0, 0, 0, 0, 0, 0, 0, 0, 0, 0, 0, 0, 0, 0, 0], "mutation_rate_values": [0.008798850574712646, 0.008828282828282828, 0.008828282828282828, 0.008828282828282828, 0.008888888888888889, 0.012091503267973857, 0.013557668406661698, 0.015000000000000005, 0.050436157312559134, 0.059095021062081345, 0.06694444444444446, 0.06930555555555554, 0.07099206349206347, 0.07162120265914297, 0.07164363889607749, 0.07110621003349382, 0.07098239700901611, 0.07066805554149258, 0.0704151567177733, 0.07118117226830666, 0.07136591594582223, 0.07106927238740247, 0.07083158753566608, 0.0711029931122936, 0.0716665900145441, 0.0716666175167604, 0.07122934025818409, 0.0716317269584784, 0.0716278338835665, 0.07142776092332023, 0.07163120032206563], "best_fitness_seen_values": [0.86, 0.86, 0.86, 0.86, 0.86, 0.86, 0.86, 0.86, 0.86, 0.86, 0.86, 0.86, 0.86, 0.86, 0.86, 0.86, 0.86, 0.86, 0.86, 0.86, 0.86, 0.86, 0.86, 0.86, 0.86, 0.86, 0.86, 0.86, 0.86, 0.86, 0.86], "time_execution": 1288.955154999996}