{"generation_number_values": [1, 2, 3, 4, 5, 6, 7, 8, 9, 10, 11, 12, 13, 14, 15, 16, 17, 18, 19, 20, 21, 22, 23, 24, 25, 26, 27, 28, 29, 30], "population_size_values": [26, 26, 26, 26, 26, 26, 26, 26, 26, 26, 26, 26, 26, 26, 26, 26, 26, 26, 26, 26, 26, 26, 26, 26, 26, 26, 26, 26, 26, 26], "generation_fitness_values": [0.79, 0.67, 0.62, 0.6, 0.54, 0.5, 0.46, 0.45, 0.46, 0.45, 0.45, 0.69, 0.45, 0.54, 0.55, 0.54, 0.54, 0.52, 0.54, 0.56, 0.54, 0.52, 0.5, 0.74, 0.55, 0.46, 0.54, 0.64, 0.48, 0.52], "crossover_rate_values": [0, 0, 0, 0, 0, 0, 0, 0, 0, 0, 0, 0, 0, 0, 0, 0, 0, 0, 0, 0, 0, 0, 0, 0, 0, 0, 0, 0, 0, 0], "mutation_rate_values": [0.0, 0.009999999999999998, 0.019999999999999997, 0.03000000000000001, 0.039999999999999994, 0.05, 0.06000000000000002, 0.07000000000000003, 0.07999999999999999, 0.09, 0.1, 0.11000000000000003, 0.12000000000000004, 0.12999999999999995, 0.14000000000000007, 0.14999999999999997, 0.15999999999999998, 0.16999999999999996, 0.18, 0.18999999999999997, 0.2, 0.21, 0.22000000000000006, 0.23, 0.24000000000000007, 0.25, 0.2599999999999999, 0.27, 0.28000000000000014, 0.29], "best_fitness_seen_values": [0.79, 0.79, 0.79, 0.79, 0.79, 0.79, 0.79, 0.79, 0.79, 0.79, 0.79, 0.79, 0.79, 0.79, 0.79, 0.79, 0.79, 0.79, 0.79, 0.79, 0.79, 0.79, 0.79, 0.79, 0.79, 0.79, 0.79, 0.79, 0.79, 0.79], "time_execution": 460.4613459999964}