{"generation_number_values": [1, 2, 3, 4, 5, 6, 7, 8, 9, 10, 11, 12, 13, 14, 15, 16, 17, 18, 19, 20, 21, 22, 23, 24, 25, 26, 27, 28, 29, 30], "population_size_values": [26, 26, 26, 26, 26, 26, 26, 26, 26, 26, 26, 26, 26, 26, 26, 26, 26, 26, 26, 26, 26, 26, 26, 26, 26, 26, 26, 26, 26, 26], "generation_fitness_values": [0.75, 0.73, 0.59, 0.54, 0.72, 0.56, 0.52, 0.73, 0.77, 0.77, 0.75, 0.58, 0.79, 0.76, 0.79, 0.7, 0.7, 0.71, 0.78, 0.56, 0.54, 0.71, 0.6, 0.76, 0.71, 0.62, 0.54, 0.54, 0.72, 0.57], "crossover_rate_values": [0, 0, 0, 0, 0, 0, 0, 0, 0, 0, 0, 0, 0, 0, 0, 0, 0, 0, 0, 0, 0, 0, 0, 0, 0, 0, 0, 0, 0, 0], "mutation_rate_values": [0.43431005951916785, 0.47684197056798383, 0.3295885025123033, 0.429381645610596, 0.44083596738124287, 0.4531284431585346, 0.31403306777899515, 0.3971208107269685, 0.45550608990662494, 0.40564093908927507, 0.39952445896601696, 0.38997686664585807, 0.4668192474334619, 0.45808924372058346, 0.44923708671566936, 0.31549254416236594, 0.377278996529675, 0.38566245980598296, 0.37835888408829643, 0.4289172168367885, 0.4426113515004945, 0.3308459288140828, 0.3262753574899028, 0.4144957693052963, 0.37176160181356127, 0.2874040701866637, 0.37428198688414427, 0.4861456700489533, 0.5200630693507484, 0.37438641584345433], "best_fitness_seen_values": [0.79, 0.79, 0.79, 0.79, 0.79, 0.79, 0.79, 0.79, 0.79, 0.79, 0.79, 0.79, 0.79, 0.79, 0.79, 0.79, 0.79, 0.79, 0.79, 0.79, 0.79, 0.79, 0.79, 0.79, 0.79, 0.79, 0.79, 0.79, 0.79, 0.79], "time_execution": 608.3397370000021}