{"generation_number_values": [1, 2, 3, 4, 5, 6, 7, 8, 9, 10, 11, 12, 13, 14, 15, 16, 17, 18, 19, 20, 21, 22, 23, 24, 25, 26, 27, 28, 29, 30, 31, 32, 33, 34, 35], "population_size_values": [26, 26, 26, 26, 26, 26, 26, 26, 26, 26, 26, 26, 26, 26, 26, 26, 26, 26, 26, 26, 26, 26, 26, 26, 26, 26, 26, 26, 26, 26, 26, 26, 26, 26, 26], "generation_fitness_values": [0.8, 0.8, 0.8, 0.84, 0.86, 0.86, 0.86, 0.86, 0.8, 0.8, 0.82, 0.8, 0.77, 0.77, 0.77, 0.77, 0.79, 0.79, 0.82, 0.8, 0.82, 0.82, 0.82, 0.82, 0.82, 0.84, 0.82, 0.82, 0.79, 0.79, 0.79, 0.79, 0.79, 0.79, 0.79], "crossover_rate_values": [0, 0, 0, 0, 0, 0, 0, 0, 0, 0, 0, 0, 0, 0, 0, 0, 0, 0, 0, 0, 0, 0, 0, 0, 0, 0, 0, 0, 0, 0, 0, 0, 0, 0, 0], "mutation_rate_values": [0.4073956750830714, 0.373074240872659, 0.3383574003784282, 0.3464612372010495, 0.3433598279536972, 0.4202165586710604, 0.4550632990948811, 0.3856113856328098, 0.31575653530864967, 0.35469015100875273, 0.4119428188241238, 0.3498999126470149, 0.38210976682238773, 0.3792282353157476, 0.3186795132336027, 0.33397716231714525, 0.3093387388701952, 0.2730616147434834, 0.2924471117751289, 0.1940119337029629, 0.3102965856163289, 0.3102626847071797, 0.419500483992675, 0.4117638999246888, 0.40760683129114333, 0.433376042049554, 0.3499215061692636, 0.3097372234378888, 0.448012060200031, 0.30047048084167954, 0.4010277506725028, 0.42373940935481547, 0.36547737218668325, 0.4552085145732212, 0.5164018638697752], "best_fitness_seen_values": [0.8, 0.8, 0.8, 0.84, 0.86, 0.86, 0.86, 0.86, 0.86, 0.86, 0.86, 0.86, 0.86, 0.86, 0.86, 0.86, 0.86, 0.86, 0.86, 0.86, 0.86, 0.86, 0.86, 0.86, 0.86, 0.86, 0.86, 0.86, 0.86, 0.86, 0.86, 0.86, 0.86, 0.86, 0.86], "time_execution": 1041.237083999993}