{"generation_number_values": [1, 2, 3, 4, 5, 6, 7, 8, 9, 10, 11, 12, 13, 14, 15, 16, 17, 18, 19, 20, 21, 22, 23, 24, 25, 26, 27, 28, 29, 30, 31, 32, 33, 34, 35, 36, 37, 38, 39, 40], "population_size_values": [26, 26, 26, 26, 26, 26, 26, 26, 26, 26, 26, 26, 26, 26, 26, 26, 26, 26, 26, 26, 26, 26, 26, 26, 26, 26, 26, 26, 26, 26, 26, 26, 26, 26, 26, 26, 26, 26, 26, 26], "generation_fitness_values": [0.79, 0.8, 0.85, 0.85, 0.85, 0.85, 0.85, 0.85, 0.84, 0.86, 0.84, 0.84, 0.84, 0.84, 0.84, 0.84, 0.84, 0.84, 0.82, 0.79, 0.78, 0.78, 0.78, 0.78, 0.77, 0.73, 0.71, 0.73, 0.73, 0.76, 0.74, 0.74, 0.79, 0.79, 0.77, 0.79, 0.79, 0.79, 0.8, 0.82], "crossover_rate_values": [0, 0, 0, 0, 0, 0, 0, 0, 0, 0, 0, 0, 0, 0, 0, 0, 0, 0, 0, 0, 0, 0, 0, 0, 0, 0, 0, 0, 0, 0, 0, 0, 0, 0, 0, 0, 0, 0, 0, 0], "mutation_rate_values": [0.009453149001536099, 0.008798850574712646, 0.008888888888888889, 0.008888888888888889, 0.008888888888888889, 0.008888888888888889, 0.008888888888888889, 0.012091503267973857, 0.01351449275362319, 0.015000000000000005, 0.008828282828282828, 0.008828282828282828, 0.008828282828282828, 0.008888888888888889, 0.012091503267973857, 0.013557668406661698, 0.015000000000000005, 0.050436157312559134, 0.059095021062081345, 0.06694444444444446, 0.06930555555555554, 0.07099206349206347, 0.07146406867426289, 0.0713362409242381, 0.07131795779534178, 0.07127305665879126, 0.07131230940918788, 0.0713718327949725, 0.071397475702362, 0.07158695417026686, 0.071126623375223, 0.07095796561233701, 0.07104279671292277, 0.07071816741046176, 0.07140689277649982, 0.07152811992431321, 0.07147749198072172, 0.07130154807070757, 0.07132772883610891, 0.07097028055931845], "best_fitness_seen_values": [0.79, 0.8, 0.85, 0.85, 0.85, 0.85, 0.85, 0.85, 0.85, 0.86, 0.86, 0.86, 0.86, 0.86, 0.86, 0.86, 0.86, 0.86, 0.86, 0.86, 0.86, 0.86, 0.86, 0.86, 0.86, 0.86, 0.86, 0.86, 0.86, 0.86, 0.86, 0.86, 0.86, 0.86, 0.86, 0.86, 0.86, 0.86, 0.86, 0.86], "time_execution": 2090.812894999981}