{"generation_number_values": [1, 2, 3, 4, 5, 6, 7, 8, 9, 10, 11, 12, 13, 14, 15, 16, 17, 18, 19, 20, 21, 22, 23, 24, 25, 26, 27, 28, 29, 30, 31, 32], "population_size_values": [26, 26, 26, 26, 26, 26, 26, 26, 26, 26, 26, 26, 26, 26, 26, 26, 26, 26, 26, 26, 26, 26, 26, 26, 26, 26, 26, 26, 26, 26, 26, 26], "generation_fitness_values": [0.73, 0.83, 0.55, 0.62, 0.57, 0.54, 0.64, 0.66, 0.46, 0.76, 0.79, 0.54, 0.64, 0.74, 0.52, 0.54, 0.54, 0.5, 0.56, 0.76, 0.54, 0.54, 0.55, 0.52, 0.54, 0.52, 0.54, 0.55, 0.73, 0.6, 0.78, 0.54], "crossover_rate_values": [0, 0, 0, 0, 0, 0, 0, 0, 0, 0, 0, 0, 0, 0, 0, 0, 0, 0, 0, 0, 0, 0, 0, 0, 0, 0, 0, 0, 0, 0, 0, 0], "mutation_rate_values": [0.4153036941310947, 0.34545118786004997, 0.4553772259116429, 0.3963143985214218, 0.29116810289982864, 0.2974673667383492, 0.35038511625015684, 0.3912698780127778, 0.31529593142556034, 0.3647784656189774, 0.33001353580135573, 0.28680059559216314, 0.3161931769054706, 0.2546989672803445, 0.2822511843595455, 0.31924699141905566, 0.32604809086425796, 0.29852000022727126, 0.3774737248158002, 0.4675723236428375, 0.36863844460595957, 0.32085104018335603, 0.33236692609709895, 0.31744885994743893, 0.3136120680949684, 0.38909777043481353, 0.3947728632657567, 0.5119029850106755, 0.48625998647299506, 0.4147211274659013, 0.34331177229145393, 0.36220045100832243], "best_fitness_seen_values": [0.79, 0.83, 0.83, 0.83, 0.83, 0.83, 0.83, 0.83, 0.83, 0.83, 0.83, 0.83, 0.83, 0.83, 0.83, 0.83, 0.83, 0.83, 0.83, 0.83, 0.83, 0.83, 0.83, 0.83, 0.83, 0.83, 0.83, 0.83, 0.83, 0.83, 0.83, 0.83], "time_execution": 591.3222979999991}