{"generation_number_values": [1, 2, 3, 4, 5, 6, 7, 8, 9, 10, 11, 12, 13, 14, 15, 16, 17, 18, 19, 20, 21, 22, 23, 24, 25, 26, 27, 28, 29, 30, 31, 32, 33, 34, 35, 36, 37, 38, 39, 40, 41, 42, 43, 44, 45, 46, 47, 48, 49, 50, 51, 52, 53, 54, 55, 56, 57, 58, 59, 60, 61, 62, 63, 64, 65], "population_size_values": [50, 50, 50, 50, 50, 50, 50, 50, 50, 50, 50, 50, 50, 50, 50, 50, 50, 50, 50, 50, 50, 50, 50, 50, 50, 50, 50, 50, 50, 50, 50, 50, 50, 50, 50, 50, 50, 50, 50, 50, 50, 50, 50, 50, 50, 50, 50, 50, 50, 50, 50, 50, 50, 50, 50, 50, 50, 50, 50, 50, 50, 50, 50, 50, 50], "generation_fitness_values": [0.75, 0.72, 0.7, 0.72, 0.77, 0.74, 0.77, 0.75, 0.7, 0.74, 0.77, 0.7, 0.72, 0.72, 0.74, 0.75, 0.68, 0.74, 0.7, 0.74, 0.7, 0.61, 0.74, 0.72, 0.77, 0.75, 0.75, 0.68, 0.72, 0.72, 0.74, 0.72, 0.77, 0.75, 0.79, 0.7, 0.74, 0.75, 0.74, 0.77, 0.75, 0.77, 0.65, 0.68, 0.68, 0.72, 0.74, 0.68, 0.7, 0.74, 0.68, 0.75, 0.79, 0.79, 0.68, 0.68, 0.72, 0.61, 0.67, 0.68, 0.77, 0.77, 0.75, 0.68, 0.67], "crossover_rate_values": [0, 0, 0, 0, 0, 0, 0, 0, 0, 0, 0, 0, 0, 0, 0, 0, 0, 0, 0, 0, 0, 0, 0, 0, 0, 0, 0, 0, 0, 0, 0, 0, 0, 0, 0, 0, 0, 0, 0, 0, 0, 0, 0, 0, 0, 0, 0, 0, 0, 0, 0, 0, 0, 0, 0, 0, 0, 0, 0, 0, 0, 0, 0, 0, 0], "mutation_rate_values": [0.4102139183337568, 0.41783906654297787, 0.4456713710765678, 0.4212979087077404, 0.39065251071808704, 0.3420521438636955, 0.4164969090786886, 0.4151080471610363, 0.40020052129513745, 0.3801103463966195, 0.3979213683587477, 0.40409241121769035, 0.3857021592310209, 0.4204035865426, 0.4636133849342721, 0.49888016252698536, 0.46229028475574807, 0.44543447997226027, 0.4463509852191324, 0.4668573536082544, 0.38973976100478624, 0.3870905114931464, 0.5006125568646886, 0.4092203528866576, 0.47431862108834105, 0.45216929389431004, 0.44343498394888853, 0.40611932321155547, 0.45490632260886604, 0.41737629684391825, 0.3822045789056322, 0.34875699400401977, 0.368913651660569, 0.42439574953996845, 0.39681408156216785, 0.3873131280838164, 0.4092194641954425, 0.4878571410668583, 0.4498109008561348, 0.4045461755261877, 0.4150265485709207, 0.3691682685044184, 0.3573534508342086, 0.34981408895374316, 0.4053085031841559, 0.41663051623041364, 0.42060683815913236, 0.4358474805628329, 0.4007011865848506, 0.41938298434501564, 0.4458014411649891, 0.35424943572894635, 0.3213087843805521, 0.3647639082943042, 0.3800426670205095, 0.383679576330063, 0.2773813370696602, 0.3204011568771138, 0.4108455728271695, 0.4471341595724067, 0.48004236201435235, 0.4073806348548098, 0.39791893719732696, 0.3415005329138802, 0.38559070792652883], "best_fitness_seen_values": [0.75, 0.75, 0.75, 0.75, 0.77, 0.77, 0.77, 0.77, 0.77, 0.77, 0.77, 0.77, 0.77, 0.77, 0.77, 0.77, 0.77, 0.77, 0.77, 0.77, 0.77, 0.77, 0.77, 0.77, 0.77, 0.77, 0.77, 0.77, 0.77, 0.77, 0.77, 0.77, 0.77, 0.77, 0.79, 0.79, 0.79, 0.79, 0.79, 0.79, 0.79, 0.79, 0.79, 0.79, 0.79, 0.79, 0.79, 0.79, 0.79, 0.79, 0.79, 0.79, 0.79, 0.79, 0.79, 0.79, 0.79, 0.79, 0.79, 0.79, 0.79, 0.79, 0.79, 0.79, 0.79], "time_execution": 1844.5965619999988}