{"generation_number_values": [1, 2, 3, 4, 5, 6, 7, 8, 9, 10, 11, 12, 13, 14, 15, 16, 17, 18, 19, 20, 21, 22, 23, 24, 25, 26, 27, 28, 29, 30, 31], "population_size_values": [50, 50, 50, 50, 50, 50, 50, 50, 50, 50, 50, 50, 50, 50, 50, 50, 50, 50, 50, 50, 50, 50, 50, 50, 50, 50, 50, 50, 50, 50, 50], "generation_fitness_values": [0.79, 0.79, 0.74, 0.62, 0.7, 0.7, 0.77, 0.74, 0.77, 0.67, 0.68, 0.74, 0.77, 0.72, 0.75, 0.79, 0.77, 0.75, 0.74, 0.75, 0.75, 0.79, 0.75, 0.77, 0.75, 0.79, 0.72, 0.72, 0.75, 0.74, 0.75], "crossover_rate_values": [0, 0, 0, 0, 0, 0, 0, 0, 0, 0, 0, 0, 0, 0, 0, 0, 0, 0, 0, 0, 0, 0, 0, 0, 0, 0, 0, 0, 0, 0, 0], "mutation_rate_values": [0.008888888888888889, 0.008798850574712642, 0.008888888888888889, 0.012091503267973862, 0.013627760252365935, 0.015000000000000008, 0.04931224702963833, 0.05909502106208133, 0.06694444444444446, 0.06930555555555552, 0.07037815242530271, 0.07114423376177698, 0.07154764180969458, 0.07145558340954804, 0.07149970461361149, 0.07149600532478723, 0.07144401626894602, 0.0716045800003875, 0.07162968262369457, 0.07136461967142081, 0.07145277649399785, 0.07155537839591197, 0.07130472296829776, 0.07153194966880454, 0.07165123590783005, 0.07111315519921296, 0.07137987194781627, 0.07157006993275601, 0.07136189662472364, 0.07103714308448161, 0.07132427411033776], "best_fitness_seen_values": [0.79, 0.79, 0.79, 0.79, 0.79, 0.79, 0.79, 0.79, 0.79, 0.79, 0.79, 0.79, 0.79, 0.79, 0.79, 0.79, 0.79, 0.79, 0.79, 0.79, 0.79, 0.79, 0.79, 0.79, 0.79, 0.79, 0.79, 0.79, 0.79, 0.79, 0.79], "time_execution": 1662.7172120000032}