{"generation_number_values": [1, 2, 3, 4, 5, 6, 7, 8, 9, 10, 11, 12, 13, 14, 15, 16, 17, 18, 19, 20, 21, 22, 23, 24, 25, 26, 27, 28, 29, 30, 31, 32, 33, 34, 35, 36, 37, 38, 39], "population_size_values": [26, 26, 26, 26, 26, 26, 26, 26, 26, 26, 26, 26, 26, 26, 26, 26, 26, 26, 26, 26, 26, 26, 26, 26, 26, 26, 26, 26, 26, 26, 26, 26, 26, 26, 26, 26, 26, 26, 26], "generation_fitness_values": [0.82, 0.73, 0.71, 0.65, 0.76, 0.54, 0.69, 0.71, 0.89, 0.89, 0.86, 0.79, 0.57, 0.66, 0.66, 0.5, 0.55, 0.77, 0.73, 0.72, 0.77, 0.76, 0.58, 0.72, 0.54, 0.54, 0.54, 0.54, 0.79, 0.74, 0.74, 0.58, 0.62, 0.75, 0.7, 0.69, 0.71, 0.69, 0.7], "crossover_rate_values": [0, 0, 0, 0, 0, 0, 0, 0, 0, 0, 0, 0, 0, 0, 0, 0, 0, 0, 0, 0, 0, 0, 0, 0, 0, 0, 0, 0, 0, 0, 0, 0, 0, 0, 0, 0, 0, 0, 0], "mutation_rate_values": [0.3941860142761943, 0.3235371445585798, 0.34632717522896406, 0.39938295428165294, 0.4508682168229219, 0.3242144805029561, 0.3640620519730398, 0.47569494462065914, 0.4852505495645508, 0.3368269467306141, 0.3804785066396064, 0.4228953385064265, 0.4342156392502808, 0.4484219710398634, 0.45387508556785866, 0.41220191402764156, 0.4160257298140943, 0.4013536164137755, 0.3707326445684608, 0.2876884017300044, 0.39541542502729776, 0.44837067821629706, 0.41194137620921967, 0.42928059033462357, 0.4004438888896569, 0.4048102680291891, 0.3915034862939749, 0.44235827516904913, 0.36688656590948593, 0.2847938862374408, 0.36756637058138203, 0.3908345049377905, 0.28606006244284704, 0.36786003017422086, 0.3496434915973277, 0.3661405547342189, 0.2739106576603324, 0.32185383122586403, 0.36930426776763103], "best_fitness_seen_values": [0.82, 0.82, 0.82, 0.82, 0.82, 0.82, 0.82, 0.82, 0.89, 0.89, 0.89, 0.89, 0.89, 0.89, 0.89, 0.89, 0.89, 0.89, 0.89, 0.89, 0.89, 0.89, 0.89, 0.89, 0.89, 0.89, 0.89, 0.89, 0.89, 0.89, 0.89, 0.89, 0.89, 0.89, 0.89, 0.89, 0.89, 0.89, 0.89], "time_execution": 1002.5395379999973}