{"generation_number_values": [1, 2, 3, 4, 5, 6, 7, 8, 9, 10, 11, 12, 13, 14, 15, 16, 17, 18, 19, 20, 21, 22, 23, 24, 25, 26, 27, 28, 29, 30, 31, 32, 33, 34, 35, 36, 37, 38, 39, 40, 41, 42, 43, 44, 45, 46, 47, 48, 49, 50, 51], "population_size_values": [26, 26, 26, 26, 26, 26, 26, 26, 26, 26, 26, 26, 26, 26, 26, 26, 26, 26, 26, 26, 26, 26, 26, 26, 26, 26, 26, 26, 26, 26, 26, 26, 26, 26, 26, 26, 26, 26, 26, 26, 26, 26, 26, 26, 26, 26, 26, 26, 26, 26, 26], "generation_fitness_values": [0.77, 0.73, 0.5, 0.69, 0.46, 0.46, 0.55, 0.46, 0.55, 0.68, 0.5, 0.8, 0.73, 0.73, 0.71, 0.73, 0.73, 0.73, 0.79, 0.77, 0.82, 0.82, 0.74, 0.74, 0.8, 0.71, 0.8, 0.8, 0.8, 0.8, 0.71, 0.71, 0.78, 0.68, 0.66, 0.74, 0.75, 0.79, 0.76, 0.75, 0.76, 0.73, 0.66, 0.76, 0.68, 0.5, 0.76, 0.72, 0.52, 0.55, 0.71], "crossover_rate_values": [0, 0, 0, 0, 0, 0, 0, 0, 0, 0, 0, 0, 0, 0, 0, 0, 0, 0, 0, 0, 0, 0, 0, 0, 0, 0, 0, 0, 0, 0, 0, 0, 0, 0, 0, 0, 0, 0, 0, 0, 0, 0, 0, 0, 0, 0, 0, 0, 0, 0, 0], "mutation_rate_values": [0.008798850574712646, 0.008635802469135801, 0.008635802469135801, 0.008635802469135801, 0.008888888888888889, 0.012091503267973857, 0.013668753161355593, 0.015000000000000005, 0.04942950240723361, 0.059095021062081345, 0.06694444444444446, 0.06930555555555554, 0.008888888888888889, 0.008888888888888889, 0.008888888888888889, 0.008888888888888889, 0.012091503267973857, 0.01351449275362319, 0.014999999999999994, 0.05078825147775871, 0.059095021062081345, 0.009083333333333332, 0.009083333333333332, 0.009083333333333332, 0.009083333333333332, 0.012091503267973857, 0.013339947089947088, 0.015000000000000005, 0.05204048908783531, 0.059095021062081345, 0.06694444444444446, 0.06930555555555554, 0.07099206349206347, 0.07153312055638325, 0.07163666932997782, 0.0716457861919525, 0.07152115302562778, 0.07120355166634361, 0.07121916079215665, 0.07164798233770263, 0.07146267083062695, 0.0716319900779765, 0.0716467277334596, 0.07166039866054462, 0.07154383373536519, 0.07164420518888479, 0.07166634318558883, 0.07161013163031493, 0.07154923934104994, 0.07165670406068403, 0.07166532745673374], "best_fitness_seen_values": [0.77, 0.77, 0.77, 0.77, 0.77, 0.77, 0.77, 0.77, 0.77, 0.77, 0.77, 0.8, 0.8, 0.8, 0.8, 0.8, 0.8, 0.8, 0.8, 0.8, 0.82, 0.82, 0.82, 0.82, 0.82, 0.82, 0.82, 0.82, 0.82, 0.82, 0.82, 0.82, 0.82, 0.82, 0.82, 0.82, 0.82, 0.82, 0.82, 0.82, 0.82, 0.82, 0.82, 0.82, 0.82, 0.82, 0.82, 0.82, 0.82, 0.82, 0.82], "time_execution": 2083.4210020000028}