{"generation_number_values": [1, 2, 3, 4, 5, 6, 7, 8, 9, 10, 11, 12, 13, 14, 15, 16, 17, 18, 19, 20, 21, 22, 23, 24, 25, 26, 27, 28, 29, 30, 31, 32, 33, 34, 35, 36, 37, 38, 39, 40, 41, 42, 43, 44, 45, 46], "population_size_values": [26, 26, 26, 26, 26, 26, 26, 26, 26, 26, 26, 26, 26, 26, 26, 26, 26, 26, 26, 26, 26, 26, 26, 26, 26, 26, 26, 26, 26, 26, 26, 26, 26, 26, 26, 26, 26, 26, 26, 26, 26, 26, 26, 26, 26, 26], "generation_fitness_values": [0.81, 0.79, 0.79, 0.8, 0.79, 0.82, 0.82, 0.82, 0.82, 0.82, 0.82, 0.82, 0.8, 0.8, 0.82, 0.89, 0.89, 0.88, 0.88, 0.88, 0.88, 0.88, 0.88, 0.86, 0.88, 0.88, 0.86, 0.86, 0.86, 0.86, 0.86, 0.86, 0.88, 0.86, 0.86, 0.86, 0.88, 0.88, 0.86, 0.86, 0.86, 0.86, 0.88, 0.88, 0.88, 0.88], "crossover_rate_values": [0, 0, 0, 0, 0, 0, 0, 0, 0, 0, 0, 0, 0, 0, 0, 0, 0, 0, 0, 0, 0, 0, 0, 0, 0, 0, 0, 0, 0, 0, 0, 0, 0, 0, 0, 0, 0, 0, 0, 0, 0, 0, 0, 0, 0, 0], "mutation_rate_values": [0.4821186100268848, 0.44406429937335135, 0.361698237773517, 0.4770073850342096, 0.3543912487557656, 0.44434079248050806, 0.3086626341898029, 0.345131417667566, 0.3260764492401829, 0.4112462026813931, 0.3250532654433705, 0.3121075275523374, 0.3081484673709172, 0.3129572541821349, 0.23365555370388666, 0.2342635749321074, 0.35222704224383633, 0.295324902011954, 0.3194901485885256, 0.3849225151788123, 0.44252931310912147, 0.4195801788700608, 0.35120082225263416, 0.40616886690839876, 0.39893875381266475, 0.27918707320351216, 0.33854262291763504, 0.32150058752327154, 0.2785668987073594, 0.3620354237118463, 0.3741720637779403, 0.5216162710304199, 0.5334503515230348, 0.39573658410440077, 0.3755572919374337, 0.40374910716187085, 0.3862877044353462, 0.3597181432093891, 0.3463820418530965, 0.3275828112135013, 0.34309911621042455, 0.3739278387620671, 0.4730037238259573, 0.4123065684013518, 0.3847467271923802, 0.4106013825492196], "best_fitness_seen_values": [0.81, 0.81, 0.81, 0.81, 0.81, 0.82, 0.82, 0.82, 0.82, 0.82, 0.82, 0.82, 0.82, 0.82, 0.82, 0.89, 0.89, 0.89, 0.89, 0.89, 0.89, 0.89, 0.89, 0.89, 0.89, 0.89, 0.89, 0.89, 0.89, 0.89, 0.89, 0.89, 0.89, 0.89, 0.89, 0.89, 0.89, 0.89, 0.89, 0.89, 0.89, 0.89, 0.89, 0.89, 0.89, 0.89], "time_execution": 1348.345822999996}