{"generation_number_values": [1, 2, 3, 4, 5, 6, 7, 8, 9, 10, 11, 12, 13, 14, 15, 16, 17, 18, 19, 20, 21, 22, 23, 24, 25, 26, 27, 28, 29, 30, 31, 32, 33, 34, 35, 36, 37, 38, 39, 40, 41], "population_size_values": [26, 26, 26, 26, 26, 26, 26, 26, 26, 26, 26, 26, 26, 26, 26, 26, 26, 26, 26, 26, 26, 26, 26, 26, 26, 26, 26, 26, 26, 26, 26, 26, 26, 26, 26, 26, 26, 26, 26, 26, 26], "generation_fitness_values": [0.8, 0.8, 0.84, 0.84, 0.88, 0.88, 0.88, 0.88, 0.88, 0.88, 0.89, 0.89, 0.89, 0.89, 0.88, 0.88, 0.88, 0.88, 0.83, 0.81, 0.76, 0.79, 0.84, 0.82, 0.82, 0.84, 0.79, 0.78, 0.76, 0.76, 0.77, 0.88, 0.88, 0.88, 0.89, 0.89, 0.89, 0.89, 0.89, 0.79, 0.83], "crossover_rate_values": [0, 0, 0, 0, 0, 0, 0, 0, 0, 0, 0, 0, 0, 0, 0, 0, 0, 0, 0, 0, 0, 0, 0, 0, 0, 0, 0, 0, 0, 0, 0, 0, 0, 0, 0, 0, 0, 0, 0, 0, 0], "mutation_rate_values": [0.009453149001536099, 0.008888888888888889, 0.008888888888888889, 0.008951690821256037, 0.008951690821256037, 0.008714285714285714, 0.008714285714285714, 0.008714285714285714, 0.008888888888888889, 0.012091503267973857, 0.013627760252365931, 0.00866124661246612, 0.00866124661246612, 0.00866124661246612, 0.008888888888888889, 0.012091503267973857, 0.013656056209819653, 0.014999999999999994, 0.04955311677232799, 0.059095021062081345, 0.06694444444444446, 0.06930555555555554, 0.07099206349206347, 0.0710975213301985, 0.0709545767560944, 0.07115524913226311, 0.07133170609605831, 0.0710904874127177, 0.07136287996721957, 0.07143053170732408, 0.07150051792627757, 0.0715481003451072, 0.07104383091841557, 0.07073775235074832, 0.07047554995044461, 0.07046773017020237, 0.07087464353386433, 0.07094568807361809, 0.07110581836929918, 0.07088060602879288, 0.07113196319650326], "best_fitness_seen_values": [0.8, 0.8, 0.84, 0.84, 0.88, 0.88, 0.88, 0.88, 0.88, 0.88, 0.89, 0.89, 0.89, 0.89, 0.89, 0.89, 0.89, 0.89, 0.89, 0.89, 0.89, 0.89, 0.89, 0.89, 0.89, 0.89, 0.89, 0.89, 0.89, 0.89, 0.89, 0.89, 0.89, 0.89, 0.89, 0.89, 0.89, 0.89, 0.89, 0.89, 0.89], "time_execution": 2061.121184000018}