{"generation_number_values": [1, 2, 3, 4, 5, 6, 7, 8, 9, 10, 11, 12, 13, 14, 15, 16, 17, 18, 19, 20, 21, 22, 23, 24, 25, 26, 27, 28, 29, 30, 31], "population_size_values": [50, 50, 50, 50, 50, 50, 50, 50, 50, 50, 50, 50, 50, 50, 50, 50, 50, 50, 50, 50, 50, 50, 50, 50, 50, 50, 50, 50, 50, 50, 50], "generation_fitness_values": [0.85, 0.72, 0.77, 0.77, 0.77, 0.79, 0.77, 0.79, 0.74, 0.7, 0.8, 0.8, 0.77, 0.72, 0.82, 0.77, 0.77, 0.74, 0.77, 0.75, 0.79, 0.7, 0.7, 0.7, 0.72, 0.72, 0.79, 0.75, 0.68, 0.75, 0.75], "crossover_rate_values": [0, 0, 0, 0, 0, 0, 0, 0, 0, 0, 0, 0, 0, 0, 0, 0, 0, 0, 0, 0, 0, 0, 0, 0, 0, 0, 0, 0, 0, 0, 0], "mutation_rate_values": [0.39651926744022375, 0.43931967597149435, 0.4367364182422251, 0.3622027544128046, 0.3235012914679345, 0.4406609390207188, 0.49380895728345087, 0.43018532885400085, 0.35973019790880273, 0.42522311491651976, 0.3946318829357564, 0.4302019625435459, 0.4392478929786832, 0.37273707101274545, 0.3100218740896846, 0.36419912768389295, 0.4263909601582321, 0.34006038607564515, 0.33501328928521557, 0.35294873243217323, 0.33314138087506334, 0.3049692396122071, 0.3038163294058121, 0.3450002383981283, 0.3942529066714343, 0.4938389516627843, 0.4937360785582783, 0.4626914444145179, 0.4307669106901549, 0.41565576448250036, 0.4364848957099474], "best_fitness_seen_values": [0.85, 0.85, 0.85, 0.85, 0.85, 0.85, 0.85, 0.85, 0.85, 0.85, 0.85, 0.85, 0.85, 0.85, 0.85, 0.85, 0.85, 0.85, 0.85, 0.85, 0.85, 0.85, 0.85, 0.85, 0.85, 0.85, 0.85, 0.85, 0.85, 0.85, 0.85], "time_execution": 913.8558929999999}