{"generation_number_values": [1, 2, 3, 4, 5, 6, 7, 8, 9, 10, 11, 12, 13, 14, 15, 16, 17, 18, 19, 20, 21, 22, 23, 24, 25, 26, 27, 28, 29, 30, 31, 32, 33], "population_size_values": [26, 26, 26, 26, 26, 26, 26, 26, 26, 26, 26, 26, 26, 26, 26, 26, 26, 26, 26, 26, 26, 26, 26, 26, 26, 26, 26, 26, 26, 26, 26, 26, 26], "generation_fitness_values": [0.79, 0.81, 0.83, 0.83, 0.83, 0.57, 0.68, 0.7, 0.55, 0.73, 0.71, 0.54, 0.54, 0.68, 0.55, 0.74, 0.55, 0.74, 0.54, 0.54, 0.56, 0.68, 0.56, 0.7, 0.77, 0.52, 0.67, 0.67, 0.75, 0.71, 0.57, 0.73, 0.6], "crossover_rate_values": [0, 0, 0, 0, 0, 0, 0, 0, 0, 0, 0, 0, 0, 0, 0, 0, 0, 0, 0, 0, 0, 0, 0, 0, 0, 0, 0, 0, 0, 0, 0, 0, 0], "mutation_rate_values": [0.481294630118697, 0.4572310029721318, 0.4859123148296901, 0.4879228104208053, 0.45501673260508796, 0.5002655600139897, 0.4826728862150457, 0.4630950891577109, 0.5116532141955727, 0.5340663991695682, 0.5481312195613228, 0.4889076428271861, 0.3608919558406572, 0.36850228667231044, 0.4867842156553541, 0.4909011316024819, 0.5446482359038826, 0.5204022479013735, 0.5073839256573902, 0.48595657644142737, 0.4259913035124811, 0.3347218220628918, 0.4087874706265714, 0.3835959680728609, 0.3585546556268102, 0.4478775605293077, 0.355318691665157, 0.4269043941843276, 0.3562794385508777, 0.4111597732242266, 0.39046618965065183, 0.43419285872347185, 0.2740413828266678], "best_fitness_seen_values": [0.79, 0.81, 0.83, 0.83, 0.83, 0.83, 0.83, 0.83, 0.83, 0.83, 0.83, 0.83, 0.83, 0.83, 0.83, 0.83, 0.83, 0.83, 0.83, 0.83, 0.83, 0.83, 0.83, 0.83, 0.83, 0.83, 0.83, 0.83, 0.83, 0.83, 0.83, 0.83, 0.83], "time_execution": 858.5596619999997}