{"generation_number_values": [1, 2, 3, 4, 5, 6, 7, 8, 9, 10, 11, 12, 13, 14, 15, 16, 17, 18, 19, 20, 21, 22, 23, 24, 25, 26, 27, 28, 29, 30, 31], "population_size_values": [50, 50, 50, 50, 50, 50, 50, 50, 50, 50, 50, 50, 50, 50, 50, 50, 50, 50, 50, 50, 50, 50, 50, 50, 50, 50, 50, 50, 50, 50, 50], "generation_fitness_values": [0.8, 0.79, 0.75, 0.7, 0.7, 0.75, 0.72, 0.67, 0.75, 0.7, 0.74, 0.75, 0.75, 0.74, 0.7, 0.72, 0.8, 0.8, 0.68, 0.7, 0.74, 0.7, 0.75, 0.77, 0.7, 0.72, 0.7, 0.75, 0.68, 0.7, 0.74], "crossover_rate_values": [0, 0, 0, 0, 0, 0, 0, 0, 0, 0, 0, 0, 0, 0, 0, 0, 0, 0, 0, 0, 0, 0, 0, 0, 0, 0, 0, 0, 0, 0, 0], "mutation_rate_values": [0.3949472103879335, 0.4138249865858659, 0.43623727809011775, 0.36418229874517266, 0.3882227376899701, 0.32768131313367266, 0.3408651390165928, 0.4031111313260024, 0.41541643177746485, 0.37905710286912736, 0.32050672368585365, 0.3766783649011891, 0.4181478835242951, 0.3765068400680628, 0.39129151083174973, 0.42673621130664435, 0.4305696280423453, 0.4591829073966824, 0.38073663963405957, 0.3887019375645741, 0.37894060210037706, 0.40191679071779035, 0.40778354524717636, 0.344804259111425, 0.28422492465565674, 0.40845847902703303, 0.4376847020118341, 0.3449355421410829, 0.36401771538594846, 0.387537268477431, 0.3331105715629233], "best_fitness_seen_values": [0.8, 0.8, 0.8, 0.8, 0.8, 0.8, 0.8, 0.8, 0.8, 0.8, 0.8, 0.8, 0.8, 0.8, 0.8, 0.8, 0.8, 0.8, 0.8, 0.8, 0.8, 0.8, 0.8, 0.8, 0.8, 0.8, 0.8, 0.8, 0.8, 0.8, 0.8], "time_execution": 888.0746360000048}