{"generation_number_values": [1, 2, 3, 4, 5], "population_size_values": [10, 10, 10, 10, 10], "generation_fitness_values": [0.61, 0.59, 0.67, 0.67, 0.53], "crossover_rate_values": [0, 0, 0, 0, 0], "mutation_rate_values": [0.43777493470131656, 0.5242725616533253, 0.24212078205183524, 0.23960716968530926, 0.2989700236452101], "best_fitness_seen_values": [0.61, 0.61, 0.67, 0.67, 0.67], "time_execution": 23.472874000000047}