{"generation_number_values": [1, 2, 3, 4, 5, 6, 7, 8, 9, 10, 11, 12, 13, 14, 15, 16, 17, 18, 19, 20, 21, 22, 23, 24, 25, 26, 27, 28, 29, 30, 31], "population_size_values": [26, 26, 26, 26, 26, 26, 26, 26, 26, 26, 26, 26, 26, 26, 26, 26, 26, 26, 26, 26, 26, 26, 26, 26, 26, 26, 26, 26, 26, 26, 26], "generation_fitness_values": [0.82, 0.67, 0.67, 0.45, 0.45, 0.46, 0.54, 0.76, 0.5, 0.54, 0.54, 0.77, 0.77, 0.71, 0.79, 0.73, 0.73, 0.57, 0.7, 0.71, 0.74, 0.77, 0.71, 0.5, 0.5, 0.64, 0.5, 0.54, 0.54, 0.5, 0.54], "crossover_rate_values": [0, 0, 0, 0, 0, 0, 0, 0, 0, 0, 0, 0, 0, 0, 0, 0, 0, 0, 0, 0, 0, 0, 0, 0, 0, 0, 0, 0, 0, 0, 0], "mutation_rate_values": [0.008714285714285714, 0.009083333333333332, 0.008888888888888889, 0.012091503267973857, 0.009171842650103516, 0.009171842650103516, 0.05164876539767027, 0.0581517651379407, 0.06694444444444446, 0.06565400136003295, 0.06811773040206102, 0.0687988767445722, 0.07081241946472126, 0.07121789324377478, 0.0713672398717674, 0.07024041492572519, 0.07109131580823666, 0.0712637908909873, 0.06929425666519437, 0.07164505641388216, 0.07159478996711767, 0.07149023112033512, 0.07155972034892391, 0.07163204896361787, 0.06827005965166413, 0.06827007249727401, 0.07048786267647714, 0.06827007249727401, 0.06883755470257512, 0.06883715743618077, 0.06826943821323381], "best_fitness_seen_values": [0.82, 0.82, 0.82, 0.82, 0.82, 0.82, 0.82, 0.82, 0.82, 0.82, 0.82, 0.82, 0.82, 0.82, 0.82, 0.82, 0.82, 0.82, 0.82, 0.82, 0.82, 0.82, 0.82, 0.82, 0.82, 0.82, 0.82, 0.82, 0.82, 0.82, 0.82], "time_execution": 1060.6324409999943}