{"generation_number_values": [1, 2, 3], "population_size_values": [10, 10, 10], "generation_fitness_values": [0.64, 0.56, 0.53], "crossover_rate_values": [0, 0, 0], "mutation_rate_values": [0.008444444444444444, 0.008611111111111113, 0.009294117647058822], "best_fitness_seen_values": [0.67, 0.67, 0.67], "time_execution": 86.30018300000006}