{"generation_number_values": [1, 2, 3, 4], "population_size_values": [10, 10, 10, 10], "generation_fitness_values": [0.68, 0.61, 0.43, 0.68], "crossover_rate_values": [0, 0, 0, 0], "mutation_rate_values": [0.2929262862554564, 0.20074705418997185, 0.3254317735436437, 0.4999952388561022], "best_fitness_seen_values": [0.68, 0.68, 0.68, 0.68], "time_execution": 63.44320000000016}