{"generation_number_values": [1, 2, 3, 4, 5, 6, 7, 8, 9, 10, 11, 12, 13, 14, 15, 16, 17, 18, 19, 20, 21, 22, 23, 24, 25, 26, 27, 28, 29, 30, 31, 32, 33, 34, 35, 36, 37, 38, 39, 40, 41, 42, 43, 44, 45, 46, 47, 48, 49, 50], "population_size_values": [26, 26, 26, 26, 26, 26, 26, 26, 26, 26, 26, 26, 26, 26, 26, 26, 26, 26, 26, 26, 26, 26, 26, 26, 26, 26, 26, 26, 26, 26, 26, 26, 26, 26, 26, 26, 26, 26, 26, 26, 26, 26, 26, 26, 26, 26, 26, 26, 26, 26], "generation_fitness_values": [0.79, 0.55, 0.54, 0.58, 0.54, 0.54, 0.55, 0.52, 0.71, 0.73, 0.55, 0.56, 0.56, 0.57, 0.54, 0.79, 0.75, 0.58, 0.56, 0.8, 0.62, 0.55, 0.73, 0.55, 0.55, 0.63, 0.65, 0.75, 0.79, 0.6, 0.71, 0.71, 0.8, 0.52, 0.57, 0.63, 0.76, 0.63, 0.54, 0.75, 0.52, 0.54, 0.55, 0.62, 0.6, 0.62, 0.77, 0.77, 0.68, 0.58], "crossover_rate_values": [0, 0, 0, 0, 0, 0, 0, 0, 0, 0, 0, 0, 0, 0, 0, 0, 0, 0, 0, 0, 0, 0, 0, 0, 0, 0, 0, 0, 0, 0, 0, 0, 0, 0, 0, 0, 0, 0, 0, 0, 0, 0, 0, 0, 0, 0, 0, 0, 0, 0], "mutation_rate_values": [0.008714285714285714, 0.008798850574712646, 0.009404761904761902, 0.01202817075050085, 0.01330405405405405, 0.01202817075050085, 0.05162480174443652, 0.05778317089195087, 0.06316403600039024, 0.06930555555555554, 0.07099206349206347, 0.06896609212267757, 0.06910601331666467, 0.06912952154505339, 0.06928535147477342, 0.06882871369811737, 0.07129041207640921, 0.07153717321805139, 0.06944287147895475, 0.06912492707022391, 0.07157567378698479, 0.07010291306325943, 0.06897473792887564, 0.07160838049970421, 0.06898437044072346, 0.06898263989471497, 0.07028195618271173, 0.07059861513687136, 0.07139142535934259, 0.07124045164503302, 0.06978038653964978, 0.07162913999652333, 0.07164378964092044, 0.07161454398458268, 0.0685446142007605, 0.06925220567709214, 0.07023770393202801, 0.0716095621932923, 0.07029822770125714, 0.06883189420082855, 0.07150010512487062, 0.06853655634663139, 0.06883197505556551, 0.06897490620429084, 0.07012889957566629, 0.06976838344694904, 0.07010344110644086, 0.07155886204620096, 0.0715878983240831, 0.07124016095769549], "best_fitness_seen_values": [0.79, 0.79, 0.79, 0.79, 0.79, 0.79, 0.79, 0.79, 0.79, 0.79, 0.79, 0.79, 0.79, 0.79, 0.79, 0.79, 0.79, 0.79, 0.79, 0.8, 0.8, 0.8, 0.8, 0.8, 0.8, 0.8, 0.8, 0.8, 0.8, 0.8, 0.8, 0.8, 0.8, 0.8, 0.8, 0.8, 0.8, 0.8, 0.8, 0.8, 0.8, 0.8, 0.8, 0.8, 0.8, 0.8, 0.8, 0.8, 0.8, 0.8], "time_execution": 1906.0450130000027}