{"generation_number_values": [1, 2, 3, 4, 5], "population_size_values": [10, 10, 10, 10, 10], "generation_fitness_values": [0.67, 0.7, 0.67, 0.67, 0.63], "crossover_rate_values": [0, 0, 0, 0, 0], "mutation_rate_values": [0.4560494126579144, 0.49380222388456285, 0.46104624388297627, 0.2936278804344936, 0.3988691253355064], "best_fitness_seen_values": [0.67, 0.7, 0.7, 0.7, 0.7], "time_execution": 92.40698199999997}