{"generation_number_values": [1, 2, 3, 4, 5, 6, 7, 8, 9, 10, 11, 12, 13, 14, 15, 16, 17, 18, 19, 20, 21, 22, 23, 24, 25, 26, 27, 28, 29, 30, 31, 32, 33, 34, 35, 36, 37, 38, 39, 40, 41, 42, 43, 44, 45, 46, 47, 48, 49, 50, 51], "population_size_values": [26, 26, 26, 26, 26, 26, 26, 26, 26, 26, 26, 26, 26, 26, 26, 26, 26, 26, 26, 26, 26, 26, 26, 26, 26, 26, 26, 26, 26, 26, 26, 26, 26, 26, 26, 26, 26, 26, 26, 26, 26, 26, 26, 26, 26, 26, 26, 26, 26, 26, 26], "generation_fitness_values": [0.8, 0.72, 0.71, 0.56, 0.5, 0.48, 0.5, 0.71, 0.5, 0.62, 0.73, 0.5, 0.55, 0.55, 0.75, 0.55, 0.5, 0.55, 0.77, 0.79, 0.82, 0.54, 0.45, 0.55, 0.68, 0.79, 0.68, 0.58, 0.6, 0.55, 0.55, 0.5, 0.55, 0.55, 0.5, 0.5, 0.73, 0.54, 0.54, 0.7, 0.73, 0.79, 0.77, 0.77, 0.77, 0.77, 0.74, 0.73, 0.73, 0.71, 0.79], "crossover_rate_values": [0, 0, 0, 0, 0, 0, 0, 0, 0, 0, 0, 0, 0, 0, 0, 0, 0, 0, 0, 0, 0, 0, 0, 0, 0, 0, 0, 0, 0, 0, 0, 0, 0, 0, 0, 0, 0, 0, 0, 0, 0, 0, 0, 0, 0, 0, 0, 0, 0, 0, 0], "mutation_rate_values": [0.3322898468714511, 0.389438636991852, 0.370536107966729, 0.45473033347726854, 0.4638335292880639, 0.39063431506973373, 0.3498061584179031, 0.33650537505774686, 0.3895356957359594, 0.28698527792750755, 0.22584400744729044, 0.34844134439283825, 0.4137144444019463, 0.3973175828735092, 0.46193581315669296, 0.41804224213977886, 0.4261110594386249, 0.47651084326178794, 0.44064192190862533, 0.44543679585109264, 0.47745587152636665, 0.408438233517123, 0.43166559032945384, 0.3665553630979108, 0.43671831891307744, 0.42346179844839527, 0.4751951298259019, 0.3377601074713602, 0.3716106316484043, 0.33155109534269633, 0.38084346164498917, 0.3793639537006276, 0.3642310179249304, 0.4688316451374411, 0.44342893611384115, 0.3363951771650199, 0.3479330193737453, 0.3531337126800927, 0.32056158138383073, 0.28711294277119276, 0.4011508545412084, 0.3247163303653716, 0.3551624033499935, 0.39471791756877334, 0.3525060384626704, 0.22935763196966857, 0.2742263231694642, 0.2875926435513815, 0.42945063495169516, 0.41172411390559005, 0.36560472052171217], "best_fitness_seen_values": [0.8, 0.8, 0.8, 0.8, 0.8, 0.8, 0.8, 0.8, 0.8, 0.8, 0.8, 0.8, 0.8, 0.8, 0.8, 0.8, 0.8, 0.8, 0.8, 0.8, 0.82, 0.82, 0.82, 0.82, 0.82, 0.82, 0.82, 0.82, 0.82, 0.82, 0.82, 0.82, 0.82, 0.82, 0.82, 0.82, 0.82, 0.82, 0.82, 0.82, 0.82, 0.82, 0.82, 0.82, 0.82, 0.82, 0.82, 0.82, 0.82, 0.82, 0.82], "time_execution": 1064.769604000001}