{"generation_number_values": [1, 2, 3, 4, 5, 6, 7, 8, 9, 10, 11, 12, 13, 14, 15, 16, 17, 18, 19, 20, 21, 22, 23, 24, 25, 26, 27, 28, 29, 30, 31, 32, 33, 34, 35, 36, 37, 38, 39], "population_size_values": [26, 26, 26, 26, 26, 26, 26, 26, 26, 26, 26, 26, 26, 26, 26, 26, 26, 26, 26, 26, 26, 26, 26, 26, 26, 26, 26, 26, 26, 26, 26, 26, 26, 26, 26, 26, 26, 26, 26], "generation_fitness_values": [0.79, 0.75, 0.57, 0.57, 0.54, 0.72, 0.7, 0.74, 0.84, 0.73, 0.71, 0.66, 0.64, 0.64, 0.73, 0.67, 0.67, 0.62, 0.75, 0.79, 0.73, 0.79, 0.54, 0.77, 0.72, 0.77, 0.68, 0.68, 0.68, 0.64, 0.62, 0.62, 0.6, 0.71, 0.74, 0.74, 0.63, 0.63, 0.5], "crossover_rate_values": [0, 0, 0, 0, 0, 0, 0, 0, 0, 0, 0, 0, 0, 0, 0, 0, 0, 0, 0, 0, 0, 0, 0, 0, 0, 0, 0, 0, 0, 0, 0, 0, 0, 0, 0, 0, 0, 0, 0], "mutation_rate_values": [0.4384911117040703, 0.44685127403857605, 0.43883735177490735, 0.36619626692368795, 0.4143758861661589, 0.38815647457317765, 0.49144843198602983, 0.4939965519276883, 0.45483857782936715, 0.4513740584340554, 0.41580838240466217, 0.42446681616204934, 0.19683827152807606, 0.2898539769524788, 0.21846792657743863, 0.29762144684488817, 0.2731034314064006, 0.3283825189812889, 0.3461488519697658, 0.4545738902665475, 0.46817541577547217, 0.5243881333162552, 0.4472244839629599, 0.4025822971013112, 0.4038515605658214, 0.3616094145984984, 0.4620727608662947, 0.3816844376546831, 0.3593222963498267, 0.33014293838432746, 0.33288380706750104, 0.4679431663296158, 0.3987939633373631, 0.5031804064125558, 0.43790828449586117, 0.41271782930223977, 0.5239441499962636, 0.37476206148929214, 0.4151187811759564], "best_fitness_seen_values": [0.79, 0.79, 0.79, 0.79, 0.79, 0.79, 0.79, 0.79, 0.84, 0.84, 0.84, 0.84, 0.84, 0.84, 0.84, 0.84, 0.84, 0.84, 0.84, 0.84, 0.84, 0.84, 0.84, 0.84, 0.84, 0.84, 0.84, 0.84, 0.84, 0.84, 0.84, 0.84, 0.84, 0.84, 0.84, 0.84, 0.84, 0.84, 0.84], "time_execution": 764.0699900000036}