{"generation_number_values": [1, 2, 3, 4, 5, 6, 7, 8, 9, 10, 11, 12, 13, 14, 15, 16, 17, 18, 19, 20, 21, 22, 23, 24, 25, 26, 27, 28, 29, 30, 31], "population_size_values": [26, 26, 26, 26, 26, 26, 26, 26, 26, 26, 26, 26, 26, 26, 26, 26, 26, 26, 26, 26, 26, 26, 26, 26, 26, 26, 26, 26, 26, 26, 26], "generation_fitness_values": [0.88, 0.73, 0.71, 0.55, 0.54, 0.5, 0.5, 0.5, 0.55, 0.56, 0.58, 0.76, 0.74, 0.52, 0.73, 0.76, 0.55, 0.78, 0.66, 0.8, 0.84, 0.71, 0.55, 0.55, 0.79, 0.78, 0.74, 0.79, 0.7, 0.69, 0.71], "crossover_rate_values": [0, 0, 0, 0, 0, 0, 0, 0, 0, 0, 0, 0, 0, 0, 0, 0, 0, 0, 0, 0, 0, 0, 0, 0, 0, 0, 0, 0, 0, 0, 0], "mutation_rate_values": [0.008798850574712646, 0.008714285714285714, 0.008714285714285714, 0.008714285714285714, 0.008888888888888889, 0.012091503267973857, 0.013627760252365931, 0.015000000000000005, 0.04981994623536234, 0.059095021062081345, 0.06694444444444446, 0.06930555555555554, 0.0703775540982854, 0.07148634632938088, 0.07165808671490084, 0.07158324388567053, 0.07147914762251274, 0.07164241356927438, 0.07147297228770591, 0.07165282921928115, 0.06993956480872456, 0.0710691626010649, 0.07158936401008643, 0.07166314869718639, 0.07166431406982632, 0.07150167124930615, 0.0715564169622818, 0.07159886823353132, 0.07157962158288846, 0.07161181132746343, 0.07161516030568846], "best_fitness_seen_values": [0.88, 0.88, 0.88, 0.88, 0.88, 0.88, 0.88, 0.88, 0.88, 0.88, 0.88, 0.88, 0.88, 0.88, 0.88, 0.88, 0.88, 0.88, 0.88, 0.88, 0.88, 0.88, 0.88, 0.88, 0.88, 0.88, 0.88, 0.88, 0.88, 0.88, 0.88], "time_execution": 1340.846520000001}