{"generation_number_values": [1, 2, 3, 4, 5, 6, 7, 8, 9, 10, 11, 12, 13, 14, 15, 16, 17, 18, 19, 20, 21, 22, 23, 24, 25, 26, 27, 28, 29, 30, 31, 32, 33, 34, 35, 36, 37, 38, 39, 40, 41, 42, 43, 44, 45, 46, 47, 48, 49, 50], "population_size_values": [26, 26, 26, 26, 26, 26, 26, 26, 26, 26, 26, 26, 26, 26, 26, 26, 26, 26, 26, 26, 26, 26, 26, 26, 26, 26, 26, 26, 26, 26, 26, 26, 26, 26, 26, 26, 26, 26, 26, 26, 26, 26, 26, 26, 26, 26, 26, 26, 26, 26], "generation_fitness_values": [0.79, 0.75, 0.6, 0.57, 0.79, 0.65, 0.52, 0.52, 0.7, 0.6, 0.71, 0.72, 0.63, 0.55, 0.77, 0.62, 0.72, 0.69, 0.57, 0.8, 0.54, 0.76, 0.76, 0.54, 0.62, 0.72, 0.72, 0.73, 0.63, 0.76, 0.58, 0.72, 0.71, 0.65, 0.54, 0.52, 0.58, 0.71, 0.55, 0.52, 0.56, 0.55, 0.78, 0.71, 0.65, 0.55, 0.52, 0.71, 0.71, 0.62], "crossover_rate_values": [0, 0, 0, 0, 0, 0, 0, 0, 0, 0, 0, 0, 0, 0, 0, 0, 0, 0, 0, 0, 0, 0, 0, 0, 0, 0, 0, 0, 0, 0, 0, 0, 0, 0, 0, 0, 0, 0, 0, 0, 0, 0, 0, 0, 0, 0, 0, 0, 0, 0], "mutation_rate_values": [0.3940075040673034, 0.4465722011683186, 0.4384592718486494, 0.33383784430316255, 0.33034232394563817, 0.3649170672974446, 0.3789973168150386, 0.4236463727028523, 0.4169343032805099, 0.4779458263589346, 0.4431983719177194, 0.5136845487420503, 0.4397733457347488, 0.406980927296614, 0.34267598802539256, 0.475916935998033, 0.36293688080707365, 0.4074781846991308, 0.35807141459169034, 0.294130984359484, 0.4790290670088014, 0.34479534879516893, 0.47153204738860865, 0.41443205675956474, 0.4109004865113462, 0.34964840374655487, 0.34890122872106766, 0.31200442954671903, 0.34133709656527716, 0.30826075289885563, 0.35567736940211625, 0.35854791357195115, 0.38734256160620834, 0.4169591126863479, 0.36047890808679034, 0.25946663694211736, 0.3956010412437886, 0.3856124895765746, 0.4518377107927406, 0.42701659999130037, 0.38222685622783037, 0.31122649705479477, 0.3881281365861565, 0.42058639574339785, 0.52354123323226, 0.40180676699525336, 0.3727368380150346, 0.3259208882900423, 0.3915860552556045, 0.2864349405226677], "best_fitness_seen_values": [0.79, 0.79, 0.79, 0.79, 0.79, 0.79, 0.79, 0.79, 0.79, 0.79, 0.79, 0.79, 0.79, 0.79, 0.79, 0.79, 0.79, 0.79, 0.79, 0.8, 0.8, 0.8, 0.8, 0.8, 0.8, 0.8, 0.8, 0.8, 0.8, 0.8, 0.8, 0.8, 0.8, 0.8, 0.8, 0.8, 0.8, 0.8, 0.8, 0.8, 0.8, 0.8, 0.8, 0.8, 0.8, 0.8, 0.8, 0.8, 0.8, 0.8], "time_execution": 1220.9124069999962}