{"generation_number_values": [1, 2, 3, 4], "population_size_values": [10, 10, 10, 10], "generation_fitness_values": [0.64, 0.64, 0.53, 0.53], "crossover_rate_values": [0, 0, 0, 0], "mutation_rate_values": [0.008412698412698413, 0.008611111111111113, 0.008888888888888887, 0.011529810088900997], "best_fitness_seen_values": [0.64, 0.64, 0.64, 0.64], "time_execution": 28.184455999999955}