{"generation_number_values": [1, 2, 3, 4, 5, 6, 7, 8, 9, 10, 11, 12, 13, 14, 15, 16, 17, 18, 19, 20, 21, 22, 23, 24, 25, 26, 27, 28, 29, 30, 31, 32, 33], "population_size_values": [50, 50, 50, 50, 50, 50, 50, 50, 50, 50, 50, 50, 50, 50, 50, 50, 50, 50, 50, 50, 50, 50, 50, 50, 50, 50, 50, 50, 50, 50, 50, 50, 50], "generation_fitness_values": [0.82, 0.82, 0.84, 0.7, 0.74, 0.74, 0.65, 0.74, 0.68, 0.62, 0.74, 0.77, 0.77, 0.75, 0.7, 0.74, 0.68, 0.62, 0.74, 0.74, 0.67, 0.7, 0.75, 0.74, 0.75, 0.75, 0.65, 0.68, 0.7, 0.8, 0.7, 0.72, 0.72], "crossover_rate_values": [0, 0, 0, 0, 0, 0, 0, 0, 0, 0, 0, 0, 0, 0, 0, 0, 0, 0, 0, 0, 0, 0, 0, 0, 0, 0, 0, 0, 0, 0, 0, 0, 0], "mutation_rate_values": [0.43944972495395057, 0.41297489063569975, 0.4596169155202452, 0.45110604386144487, 0.38483618262898267, 0.4526711487060583, 0.353722860804999, 0.3642017133392121, 0.3994296416197532, 0.3815655546576804, 0.39313243049839486, 0.4176191570193264, 0.3768156888972116, 0.37490918520260663, 0.4301528199957885, 0.37686591732646607, 0.4212286248557836, 0.37649647268294856, 0.3834757875544756, 0.3997717325791067, 0.38331123327614336, 0.37209796290742003, 0.40983656311317435, 0.43542384383817945, 0.37729337362170356, 0.3807039934541838, 0.3432012396699171, 0.26552303427275226, 0.361989095040947, 0.3895272276354821, 0.4050623485048856, 0.38048277079763204, 0.38727835474372824], "best_fitness_seen_values": [0.82, 0.82, 0.84, 0.84, 0.84, 0.84, 0.84, 0.84, 0.84, 0.84, 0.84, 0.84, 0.84, 0.84, 0.84, 0.84, 0.84, 0.84, 0.84, 0.84, 0.84, 0.84, 0.84, 0.84, 0.84, 0.84, 0.84, 0.84, 0.84, 0.84, 0.84, 0.84, 0.84], "time_execution": 845.831108000013}