{"generation_number_values": [1, 2, 3, 4, 5, 6, 7, 8, 9, 10, 11, 12, 13, 14, 15, 16, 17, 18, 19, 20, 21, 22, 23, 24, 25, 26, 27, 28, 29, 30, 31], "population_size_values": [26, 26, 26, 26, 26, 26, 26, 26, 26, 26, 26, 26, 26, 26, 26, 26, 26, 26, 26, 26, 26, 26, 26, 26, 26, 26, 26, 26, 26, 26, 26], "generation_fitness_values": [0.8, 0.75, 0.63, 0.54, 0.75, 0.58, 0.62, 0.54, 0.5, 0.73, 0.6, 0.7, 0.75, 0.79, 0.46, 0.54, 0.7, 0.76, 0.73, 0.68, 0.71, 0.8, 0.75, 0.75, 0.75, 0.55, 0.54, 0.54, 0.52, 0.52, 0.76], "crossover_rate_values": [0, 0, 0, 0, 0, 0, 0, 0, 0, 0, 0, 0, 0, 0, 0, 0, 0, 0, 0, 0, 0, 0, 0, 0, 0, 0, 0, 0, 0, 0, 0], "mutation_rate_values": [0.3725804550246949, 0.4537907475457098, 0.3992936793949606, 0.34071704875346265, 0.34019059435982213, 0.43762327191598327, 0.38684088963585095, 0.3680566077845421, 0.4249125448565528, 0.3853802350814296, 0.3205010988263879, 0.38181185334767886, 0.3395701133158363, 0.4038532169039509, 0.4198849043061029, 0.35822888012866816, 0.4330377358678843, 0.41422564661921485, 0.4018554038966387, 0.34410124373476403, 0.514947025752416, 0.46816479418561957, 0.3831448606497773, 0.5367510141259626, 0.4900742541214415, 0.43042173385239646, 0.46616171859568784, 0.358533897065707, 0.3990750252688885, 0.40314112073833896, 0.3737565840712761], "best_fitness_seen_values": [0.8, 0.8, 0.8, 0.8, 0.8, 0.8, 0.8, 0.8, 0.8, 0.8, 0.8, 0.8, 0.8, 0.8, 0.8, 0.8, 0.8, 0.8, 0.8, 0.8, 0.8, 0.8, 0.8, 0.8, 0.8, 0.8, 0.8, 0.8, 0.8, 0.8, 0.8], "time_execution": 721.3970579999987}