{"generation_number_values": [1, 2, 3, 4, 5, 6, 7, 8, 9, 10, 11, 12, 13, 14, 15, 16, 17, 18, 19, 20, 21, 22, 23, 24, 25, 26, 27, 28, 29, 30, 31, 32], "population_size_values": [26, 26, 26, 26, 26, 26, 26, 26, 26, 26, 26, 26, 26, 26, 26, 26, 26, 26, 26, 26, 26, 26, 26, 26, 26, 26, 26, 26, 26, 26, 26, 26], "generation_fitness_values": [0.8, 0.82, 0.71, 0.79, 0.76, 0.77, 0.54, 0.63, 0.52, 0.48, 0.54, 0.74, 0.65, 0.66, 0.52, 0.71, 0.54, 0.77, 0.76, 0.64, 0.71, 0.67, 0.74, 0.58, 0.55, 0.54, 0.52, 0.54, 0.72, 0.54, 0.55, 0.79], "crossover_rate_values": [0, 0, 0, 0, 0, 0, 0, 0, 0, 0, 0, 0, 0, 0, 0, 0, 0, 0, 0, 0, 0, 0, 0, 0, 0, 0, 0, 0, 0, 0, 0, 0], "mutation_rate_values": [0.43287633657061575, 0.39698221148896246, 0.3627302389253981, 0.4608045384229997, 0.493547689045861, 0.35719586104962026, 0.41393284936648134, 0.46120323788447476, 0.4098626286960635, 0.31876354231871, 0.4164045491174489, 0.46215217513784823, 0.37345491851775764, 0.46528044179999956, 0.29998966530575566, 0.34786520318344105, 0.340732924743922, 0.41784607501243404, 0.45082398731655127, 0.38170997528690837, 0.43103192370891324, 0.4329382037399201, 0.3750061667703128, 0.36797535410075033, 0.33884932993794314, 0.4001508692450865, 0.3026893170928904, 0.333757073473247, 0.47233692645114955, 0.3573030298525065, 0.3595720855584383, 0.41539020625130446], "best_fitness_seen_values": [0.8, 0.82, 0.82, 0.82, 0.82, 0.82, 0.82, 0.82, 0.82, 0.82, 0.82, 0.82, 0.82, 0.82, 0.82, 0.82, 0.82, 0.82, 0.82, 0.82, 0.82, 0.82, 0.82, 0.82, 0.82, 0.82, 0.82, 0.82, 0.82, 0.82, 0.82, 0.82], "time_execution": 702.2582619999885}