{"generation_number_values": [1, 2, 3], "population_size_values": [10, 10, 10], "generation_fitness_values": [0.67, 0.61, 0.56], "crossover_rate_values": [0, 0, 0], "mutation_rate_values": [0.008444444444444444, 0.008611111111111113, 0.008888888888888887], "best_fitness_seen_values": [0.67, 0.67, 0.67], "time_execution": 81.05856099999983}