{"generation_number_values": [1, 2, 3, 4, 5, 6, 7, 8, 9, 10, 11, 12, 13, 14, 15, 16, 17, 18, 19, 20, 21, 22, 23, 24, 25, 26, 27, 28, 29, 30, 31, 32, 33, 34, 35, 36, 37, 38, 39, 40, 41, 42, 43, 44, 45, 46, 47, 48, 49, 50, 51, 52], "population_size_values": [26, 26, 26, 26, 26, 26, 26, 26, 26, 26, 26, 26, 26, 26, 26, 26, 26, 26, 26, 26, 26, 26, 26, 26, 26, 26, 26, 26, 26, 26, 26, 26, 26, 26, 26, 26, 26, 26, 26, 26, 26, 26, 26, 26, 26, 26, 26, 26, 26, 26, 26, 26], "generation_fitness_values": [0.8, 0.85, 0.85, 0.86, 0.85, 0.87, 0.87, 0.87, 0.86, 0.86, 0.86, 0.88, 0.88, 0.88, 0.88, 0.88, 0.88, 0.88, 0.89, 0.89, 0.89, 0.91, 0.91, 0.91, 0.91, 0.91, 0.91, 0.91, 0.91, 0.91, 0.91, 0.88, 0.88, 0.88, 0.88, 0.88, 0.84, 0.84, 0.86, 0.88, 0.89, 0.84, 0.82, 0.86, 0.89, 0.89, 0.89, 0.88, 0.88, 0.88, 0.88, 0.84], "crossover_rate_values": [0, 0, 0, 0, 0, 0, 0, 0, 0, 0, 0, 0, 0, 0, 0, 0, 0, 0, 0, 0, 0, 0, 0, 0, 0, 0, 0, 0, 0, 0, 0, 0, 0, 0, 0, 0, 0, 0, 0, 0, 0, 0, 0, 0, 0, 0, 0, 0, 0, 0, 0, 0], "mutation_rate_values": [0.009453149001536099, 0.008888888888888889, 0.008888888888888889, 0.008888888888888889, 0.008828282828282828, 0.008828282828282828, 0.00877002583979328, 0.00877002583979328, 0.00877002583979328, 0.008888888888888889, 0.012091503267973857, 0.013595169343680437, 0.008714285714285714, 0.008714285714285714, 0.008714285714285714, 0.008888888888888889, 0.012091503267973857, 0.013627760252365931, 0.015000000000000005, 0.00866124661246612, 0.00866124661246612, 0.00866124661246612, 0.008564102564102562, 0.008564102564102562, 0.008611111111111113, 0.008888888888888889, 0.012091503267973857, 0.013680555555555555, 0.014999999999999994, 0.04931224702963833, 0.059095021062081345, 0.06694444444444446, 0.06930555555555554, 0.07099206349206347, 0.07125217039077449, 0.07151833257489126, 0.07148145860148857, 0.0716479022414799, 0.07165974385693472, 0.07063866959143385, 0.07112507219133744, 0.07150307183539871, 0.07157382809469526, 0.07153141945512277, 0.0714093178186067, 0.07134213468538998, 0.07152607948916942, 0.07156087227218332, 0.07156425991873117, 0.0714745854001413, 0.0716146603714232, 0.07163641938076783], "best_fitness_seen_values": [0.8, 0.85, 0.85, 0.86, 0.86, 0.87, 0.87, 0.87, 0.87, 0.87, 0.87, 0.88, 0.88, 0.88, 0.88, 0.88, 0.88, 0.88, 0.89, 0.89, 0.89, 0.91, 0.91, 0.91, 0.91, 0.91, 0.91, 0.91, 0.91, 0.91, 0.91, 0.91, 0.91, 0.91, 0.91, 0.91, 0.91, 0.91, 0.91, 0.91, 0.91, 0.91, 0.91, 0.91, 0.91, 0.91, 0.91, 0.91, 0.91, 0.91, 0.91, 0.91], "time_execution": 2488.2967620000127}