{"generation_number_values": [1, 2, 3, 4, 5, 6, 7, 8, 9, 10, 11, 12, 13, 14, 15, 16, 17, 18, 19, 20, 21, 22, 23, 24, 25, 26, 27, 28, 29, 30, 31, 32], "population_size_values": [26, 26, 26, 26, 26, 26, 26, 26, 26, 26, 26, 26, 26, 26, 26, 26, 26, 26, 26, 26, 26, 26, 26, 26, 26, 26, 26, 26, 26, 26, 26, 26], "generation_fitness_values": [0.8, 0.82, 0.73, 0.52, 0.5, 0.5, 0.62, 0.54, 0.45, 0.46, 0.71, 0.8, 0.77, 0.68, 0.76, 0.76, 0.69, 0.5, 0.5, 0.55, 0.62, 0.72, 0.5, 0.54, 0.55, 0.48, 0.8, 0.5, 0.76, 0.5, 0.72, 0.74], "crossover_rate_values": [0, 0, 0, 0, 0, 0, 0, 0, 0, 0, 0, 0, 0, 0, 0, 0, 0, 0, 0, 0, 0, 0, 0, 0, 0, 0, 0, 0, 0, 0, 0, 0], "mutation_rate_values": [0.3705310712602042, 0.39730822126817283, 0.45700939356186304, 0.52212888642385, 0.5056361010503141, 0.4409141086226589, 0.4395937269835303, 0.3928237573923846, 0.37871294892286084, 0.31719005497603436, 0.42054903990878056, 0.47283084150063837, 0.48510153841140846, 0.5168962620923248, 0.4257576165734251, 0.40145406678106316, 0.4892155605124551, 0.427000714267912, 0.43449008378761494, 0.3982419867421966, 0.40485541425322613, 0.42766706814367966, 0.4057761866625536, 0.4364562108882779, 0.40534965420230545, 0.40118613790917784, 0.5021911511629022, 0.44477324312104294, 0.38073501938572196, 0.4434537068559556, 0.38696309551241465, 0.43127560083752875], "best_fitness_seen_values": [0.8, 0.82, 0.82, 0.82, 0.82, 0.82, 0.82, 0.82, 0.82, 0.82, 0.82, 0.82, 0.82, 0.82, 0.82, 0.82, 0.82, 0.82, 0.82, 0.82, 0.82, 0.82, 0.82, 0.82, 0.82, 0.82, 0.82, 0.82, 0.82, 0.82, 0.82, 0.82], "time_execution": 774.0070210000013}