{"generation_number_values": [1, 2, 3], "population_size_values": [20, 20, 20], "generation_fitness_values": [0.67, 0.53, 0.53], "crossover_rate_values": [0, 0, 0], "mutation_rate_values": [0.0, 0.19999999999999998, 0.39999999999999997], "best_fitness_seen_values": [0.67, 0.67, 0.67], "time_execution": 46.95493799999997}